fetchTimestamp,ticker,longName,industry,sector,fullExchangeName,website,city,zip,marketCap,regularMarketTime,currentPrice,open,dayHigh,dayLow,volume,previousClose,regularMarketChange,regularMarketChangePercent,fiftyTwoWeekLow,fiftyTwoWeekHigh,allTimeHigh,allTimeLow,fiftyDayAverage,fiftyDayAverageChange,fiftyDayAverageChangePercent,twoHundredDayAverage,twoHundredDayAverageChange,twoHundredDayAverageChangePercent,fiftyTwoWeekLowChange,fiftyTwoWeekLowChangePercent,fiftyTwoWeekHighChange,fiftyTwoWeekHighChangePercent,fiftyTwoWeekRange,averageVolume,averageDailyVolume10Day,averageDailyVolume3Month,floatShares,impliedSharesOutstanding,sharesOutstanding,heldPercentInsiders,heldPercentInstitutions,totalCash,totalCashPerShare,totalDebt,totalRevenue,revenuePerShare,returnOnAssets,returnOnEquity,grossProfits,earningsGrowth,revenueGrowth,grossMargins,ebitdaMargins,operatingMargins,profitMargins,bookValue,priceToBook,enterpriseValue,trailingPE,forwardPE,trailingEps,forwardEps,dividendRate,dividendYield,exDividendDate,payoutRatio,fiveYearAvgDividendYield,lastSplitFactor,enterpriseToRevenue,netIncomeToCommon,lastSplitDate,beta
2026-09-28T07:34:48.824317,SCI.NS,The Shipping Corporation of India Limited,Marine Shipping,Industrials,NSE,https://www.shipindia.com,Mumbai,400021,127209709568.0,1790580882.0,273.1,274.1,277.85,269.3,962025.0,274.4,-1.2999878,-0.47332525,195.55,368.75,384.2,24.8,286.513,-13.412994,-0.04681461,271.3837,1.7163086,0.006324288,77.55,0.39657378,-95.649994,-0.25938982,195.55 - 368.75,2352060.0,1402276.0,2352060.0,168595524.0,465799010.0,465799010.0,0.63749003,0.05843,4349899776.0,9.341,26792499200.0,63103098880.0,135.52,,,28561799168.0,0.75,0.403,0.45262,0.41059,0.32518002,0.25642002,195.37,1.3978605,150222225408.0,7.8612547,82.757576,34.74,3.3,7.5,2.73,1788480000.0,0.37669998,1.05,3:2,2.381,16180899840.0,1225238400.0,0.468
2026-09-28T07:34:48.824317,SAMMAANCAP.NS,Sammaan Capital Limited,Mortgage Finance,Financial Services,NSE,https://www.sammaancapital.com,Gurugram,122002,159690457088.0,1790580876.0,139.02,140.61,141.0,138.48,1864247.0,140.61,-1.5899963,-1.1307846,129.0,192.95,1283.5955,72.20225,153.5682,-14.5482025,-0.09473447,153.0744,-14.054398,-0.09181416,10.020004,0.07767445,-53.929993,-0.27950242,129.0 - 192.95,8489809.0,3917061.0,8489809.0,737130465.0,1148686844.0,1145673631.0,0.37050998,0.16642,117314699264.0,102.705,518530695168.0,-12612299776.0,-14.073,,,-12612299776.0,-0.5,-0.245,0.0,0.0,0.52972,0.0,232.312,0.59841937,561828265984.0,,,-89.77,,,,1726790400.0,0.0,7.0,,-44.546,-72355602432.0,,0.587
2026-09-28T07:34:48.824317,CREDITACC.NS,CreditAccess Grameen Limited,Credit Services,Financial Services,NSE,https://www.creditaccessgrameen.in,Bengaluru,560070,203128963072.0,1790580884.0,1267.5,1294.0,1298.8,1261.0,98812.0,1298.8,-31.300049,-2.408437,1113.0,1634.0,1796.0,242.05,1469.802,-202.302,-0.13763894,1348.8395,-81.33948,-0.060303304,154.5,0.13881402,-366.5,-0.22429621,1113.0 - 1634.0,321975.0,148810.0,321975.0,57652950.0,160259533.0,160259533.0,0.66103995,0.21367,21539899392.0,134.46,237519896576.0,30413699072.0,190.024,,0.16364999,29803599872.0,7.152,1.495,0.97994006,0.0,0.64591,0.39812002,489.541,2.5891602,424042594304.0,16.825966,9.80017,75.33,129.33449,,,1721952000.0,0.0,,,13.942,12108399616.0,,0.087
2026-09-28T07:34:48.824317,CHOLAHLDNG.NS,Cholamandalam Financial Holdings Limited,Credit Services,Financial Services,NSE,https://cholafhl.com,Chennai,600001,261555224576.0,1790580883.0,1392.9,1401.7,1411.5,1383.0,51918.0,1400.6,-7.699951,-0.54980016,1305.0,2064.0,2231.6,4.442031,1532.916,-140.01599,-0.09133963,1606.9344,-214.03442,-0.13319425,87.900024,0.06735634,-671.1,-0.32514533,1305.0 - 2064.0,174091.0,230717.0,174091.0,99377466.0,187777462.0,187777462.0,0.47050998,0.34459,101760696320.0,541.922,2111249186816.0,224609206272.0,1196.117,,,169950003200.0,0.393,0.139,0.75665003,0.0,0.38779998,0.11882,823.003,1.6924604,2456747769856.0,9.798115,7.2926702,142.16,191.0,1.3,0.09,1786060800.0,0.0091,0.07,5:1,10.938,26687500288.0,1149033600.0,0.401
2026-09-28T07:34:48.824317,GRAVITA.NS,Gravita India Limited,Metal Fabrication,Industrials,NSE,https://www.gravitaindia.com,Jaipur,302004,107500003328.0,1790580858.0,1475.9,1501.7,1512.6,1470.6,114395.0,1495.4,-19.5,-1.303999,1266.9,1913.6,2700.0,15.1,1714.682,-238.78198,-0.1392573,1648.6735,-172.77344,-0.104795426,209.0,0.16496961,-437.69995,-0.22873117,1266.9 - 1913.6,252757.0,226066.0,252757.0,29597152.0,72836912.0,72832753.0,0.59363997,0.10419,5847600128.0,80.284,7359000064.0,47003901952.0,645.348,,,9020999680.0,0.14,0.418,0.19192,0.11387,0.09678,0.083380006,336.739,4.38292,110499053568.0,27.417797,19.31912,53.83,76.39582,11.55,0.64,1746662400.0,0.0,1.05,5:1,2.351,3919300096.0,1337904000.0,0.475
2026-09-28T07:34:48.824317,HINDALCO.NS,Hindalco Industries Limited,Aluminum,Basic Materials,NSE,https://www.hindalco.com,Mumbai,400013,2133041610752.0,1790580884.0,960.9,972.0,972.9,951.1,2114739.0,977.0,-16.099976,-1.6478993,744.85,1176.0,1176.0,4.706867,1004.972,-44.07196,-0.04385392,982.8732,-21.973206,-0.022356093,216.05005,0.29005846,-215.09998,-0.18290815,744.85 - 1176.0,4419985.0,3929197.0,4419985.0,1418897662.0,2219837078.0,2219837078.0,0.37572,0.40233,228049993728.0,102.733,991649988608.0,2955370037248.0,1331.035,,,925429989376.0,0.751,0.321,0.31314,0.14022,0.13668999,0.05549,615.284,1.5617179,2932500856832.0,13.043302,8.645714,73.67,111.14178,5.0,0.51,1783641600.0,0.0678,0.64,10:1,0.992,164000006144.0,1125360000.0,0.925
2026-09-28T07:34:48.824317,CHOLAFIN.NS,Cholamandalam Investment and Finance Company Limited,Credit Services,Financial Services,NSE,https://www.cholamandalam.com,Chennai,600032,1392383754240.0,1790580886.0,1630.3,1655.0,1660.4,1620.4,669260.0,1662.7,-32.399902,-1.9498047,1299.4,1952.5,1952.5,4.2,1828.096,-197.7959,-0.10819776,1680.387,-50.086914,-0.029806774,330.90002,0.25465602,-322.19995,-0.16501918,1299.4 - 1952.5,1439739.0,1824698.0,1439739.0,433133095.0,854065996.0,854065996.0,0.51957,0.38559,100159102976.0,117.553,2117722046464.0,141829603328.0,167.431,,,141732806656.0,0.437,0.346,0.99932,0.0,0.56586,0.40549,357.477,4.5605736,3434244997120.0,24.091919,16.604626,67.67,98.18349,2.0,0.12,1784592000.0,0.0296,0.2,5:1,24.214,57509998592.0,1560470400.0,0.473
2026-09-28T07:34:48.824317,HINDCOPPER.NS,Hindustan Copper Limited,Copper,Basic Materials,NSE,https://www.hindustancopper.com,Kolkata,700019,463688007680.0,1790580887.0,479.5,484.65,484.8,478.15,3866006.0,494.65,-15.149994,-3.0636995,308.5,760.05,760.05,18.25,518.173,-38.672974,-0.07463333,531.88226,-52.382263,-0.098484695,171.0,0.554295,-280.55,-0.36912045,308.5 - 760.05,9282234.0,6348106.0,9282234.0,327607295.0,967024020.0,967024020.0,0.60141,0.08397,8096500224.0,8.364,1109200000.0,34980499456.0,36.158,,,31860400128.0,1.619,0.814,0.91080004,0.50195,0.48891997,0.32494,34.53,13.886476,471858446336.0,40.739166,23.16425,11.77,20.7,4.32,0.87,1789516800.0,0.2094,0.5,,13.489,11366599680.0,,1.512
2026-09-28T07:34:48.824317,SCHNEIDER.NS,Schneider Electric Infrastructure Limited,Electrical Equipment & Parts,Industrials,NSE,https://infra-in.se.com,Gurugram,122002,284844654592.0,1790580887.0,1191.3,1209.5,1209.5,1180.9,82304.0,1209.5,-18.199951,-1.5053723,571.85,1548.0,1548.0,54.5,1267.376,-76.07593,-0.06002633,1077.8867,113.41333,0.105218224,619.4501,1.0832388,-356.69995,-0.23042633,571.85 - 1548.0,382566.0,232253.0,382566.0,52862823.0,239104035.0,239104035.0,0.76943,0.06113,3578500096.0,14.958,5482500096.0,29203599360.0,122.208,,,10599799808.0,-0.698,0.048,0.36296,0.115380004,0.03873,0.06292,32.429,36.735638,291253616640.0,153.91473,49.845192,7.74,23.9,,,1342656000.0,0.0,,,9.973,1837600000.0,,0.435
2026-09-28T07:34:48.824317,ELGIEQUIP.NS,Elgi Equipments Limited,Specialty Industrial Machinery,Industrials,NSE,https://www.elgi.com,Coimbatore,641005,188388294656.0,1790580889.0,597.6,603.3,604.0,592.2,82591.0,603.0,-5.4000244,-0.8948586,408.25,653.4,798.95,3.625,604.624,-7.024048,-0.011617216,543.3113,54.288696,0.099921905,189.34998,0.4638089,-55.80005,-0.08539952,408.25 - 653.4,502796.0,344940.0,502796.0,189239459.0,315241478.0,315241478.0,0.45028,0.20086001,8865000448.0,28.121,5330999808.0,41462001664.0,131.63,,,20651999232.0,0.211,0.226,0.49808997,0.14029,0.12295,0.10803001,70.8,8.440678,186556612608.0,42.173603,32.65574,14.17,18.3,2.7,0.45,1784246400.0,0.1551,0.34,2:1,4.499,4479000064.0,1600905600.0,0.104
2026-09-28T07:34:48.824317,INTELLECT.NS,Intellect Design Arena Limited,Software - Application,Technology,NSE,https://www.intellectdesign.com,Chennai,600130,88630648832.0,1790580864.0,635.25,630.1,637.7,625.5,102879.0,633.05,2.2000122,0.34788305,595.2,1244.6,1255.0,43.8,696.027,-60.776978,-0.08731986,742.797,-107.547,-0.14478652,40.049988,0.06728829,-609.35,-0.48959503,595.2 - 1244.6,441891.0,325061.0,441891.0,79643448.0,139520898.0,139520898.0,0.4345,0.14667,8514050048.0,61.369,1587049984.0,31816609792.0,229.702,,,12618210304.0,0.081,0.204,0.39659,0.12917,0.1285,0.11095,228.501,2.7800753,81190232064.0,25.532557,14.982311,24.88,42.4,4.0,0.63,1784851200.0,0.161,,,2.552,3530180096.0,,0.632
2026-09-28T07:34:48.824317,SIGNATURE.NS,Signatureglobal (India) Limited,Real Estate - Development,Real Estate,NSE,https://www.signatureglobal.in,Gurugram,122001,109805445120.0,1790580887.0,780.5,805.0,828.0,761.25,1352020.0,788.85,-8.349976,-1.0578964,705.2,1153.9,1647.0,444.0,790.245,-9.744995,-0.012331612,858.67175,-78.17175,-0.091037996,75.29999,0.1067782,-373.40002,-0.32359824,705.2 - 1153.9,403090.0,306587.0,403090.0,58725576.0,140686026.0,140686026.0,0.76808,0.13582,27367038976.0,195.372,29785849856.0,22821849088.0,162.532,,,5831660032.0,,-0.362,0.25553,-0.05371,-0.09312,0.45731997,131.624,5.92977,112917979136.0,10.514616,14.163044,74.23,55.10821,,,,0.0,,,4.948,10436800512.0,,0.799
2026-09-28T07:34:48.824317,NATIONALUM.NS,National Aluminium Company Limited,Aluminum,Basic Materials,NSE,https://nalcoindia.com,Bhubaneswar,751013,638596874240.0,1790580888.0,347.7,354.05,354.75,344.65,4286000.0,358.7,-11.0,-3.0670571,200.83,445.15,445.15,6.0,369.938,-22.237976,-0.06011271,375.43,-27.72998,-0.07386192,146.87001,0.7313151,-97.44998,-0.21891494,200.83 - 445.15,7319209.0,3685358.0,7319209.0,893958601.0,1836631787.0,1836631787.0,0.51278,0.2215,87006699520.0,47.388,598300032.0,193384906752.0,105.31,,,137963094016.0,0.911,0.393,0.71341,0.47417998,0.47623003,0.34908,117.649,2.9554012,572185837568.0,9.456079,8.957905,36.77,38.81488,4.0,1.12,1787529600.0,0.3536,4.45,2:1,2.959,67506700288.0,1300147200.0,0.715
2026-09-28T07:34:48.824317,SBFC.NS,SBFC Finance Limited,Credit Services,Financial Services,NSE,https://www.sbfc.com,Mumbai,400059,95979913216.0,1790580882.0,86.6,89.0,89.3,86.5,696554.0,88.86,-2.2600021,-2.545621,79.6,123.0,123.0,72.4,94.32,-7.720001,-0.08184904,93.94655,-7.34655,-0.07819925,7.0,0.0879397,-36.4,-0.29593498,79.6 - 123.0,1778905.0,873275.0,1778905.0,481766607.0,1108313067.0,1108313067.0,0.61469,0.26108998,6530189824.0,5.906,72895700992.0,10696980480.0,9.748,,,10670270464.0,0.286,0.246,0.9975,0.0,0.58551,0.44877997,33.69,2.5704958,164618436608.0,19.862385,14.133606,4.36,6.12724,,,,0.0,,,15.389,4800640000.0,,0.597
2026-09-28T07:34:48.824317,GVT&D.NS,GE Vernova T&D India Limited,Specialty Industrial Machinery,Industrials,NSE,https://www.gevernova.com/regions/asia/in/gevernova-td-india,Noida,201304,1070735294464.0,1790580888.0,4181.8,4307.0,4307.0,4180.0,185671.0,4280.0,-98.200195,-2.2949333,2523.2,5650.0,5650.0,4.82,4334.032,-152.23242,-0.035124894,4087.135,94.664795,0.023161652,1658.5999,0.6573398,-1468.2002,-0.25985843,2523.2 - 5650.0,1011664.0,568911.0,1011664.0,123539474.0,256046535.0,256046535.0,0.51738,0.31248,15277200384.0,59.68,240000000.0,67123200000.0,262.157,,,29243609088.0,0.247,0.38,0.43567002,0.26203,0.24438,0.19442,105.082,39.795586,1080588500992.0,82.10877,52.098713,50.93,80.26685,10.0,0.23,1787270400.0,0.09810001,,5:1,16.099,13050399744.0,1224633600.0,0.62
2026-09-28T07:34:48.824317,PNBHOUSING.NS,PNB Housing Finance Limited,Mortgage Finance,Financial Services,NSE,https://www.pnbhousing.com,Gurugram,122015,285345546240.0,1790580888.0,1094.1,1086.0,1098.1,1065.4,629814.0,1094.9,-0.8000488,-0.07304381,729.6,1211.5,1422.627,120.6332,1132.53,-38.430054,-0.033932924,986.7845,107.31549,0.10875271,364.5,0.49958885,-117.400024,-0.09690468,729.6 - 1211.5,979740.0,1098997.0,979740.0,172746976.0,260803913.0,260803913.0,0.28011,0.59786,28500400128.0,109.386,552998076416.0,37733998592.0,144.858,,,37336498176.0,0.043,0.058,0.98947,0.0,0.75161004,0.61353,737.638,1.4832479,809773432832.0,12.336226,10.431046,88.69,104.88881,8.0,0.73,1785456000.0,0.056399997,,,21.46,23150800896.0,,0.308
2026-09-28T07:34:48.824317,CHENNPETRO.NS,Chennai Petroleum Corporation Limited,Oil & Gas Refining & Marketing,Energy,NSE,https://www.cpcl.co.in,Chennai,600018,210262884352.0,1790580886.0,1412.0,1380.0,1445.6,1368.2,2230820.0,1376.4,35.599976,2.5864556,716.8,1677.5,1677.5,24.7,1368.766,43.23401,0.03158612,1087.615,324.385,0.29825354,695.2,0.9698661,-265.5,-0.15827124,716.8 - 1677.5,2083853.0,1317948.0,2083853.0,44605962.0,148911400.0,148911400.0,0.69061,0.06791,13421800448.0,90.134,19641600000.0,761971015680.0,5118.353,,,88772501504.0,,0.848,0.1165,0.08154,0.051149998,0.054780003,746.005,1.8927487,211179388928.0,5.0362024,3.521197,280.37,401.0,62.0,4.5,1786060800.0,0.0464,6.05,,0.277,41741500416.0,,0.042
2026-09-28T07:34:48.824317,APTUS.NS,Aptus Value Housing Finance India Limited,Mortgage Finance,Financial Services,NSE,https://www.aptusindia.com,Chennai,600010,119548174336.0,1790580882.0,238.7,244.0,244.0,237.08,377067.0,244.6,-5.900009,-2.4123023,193.03,332.0,401.65,193.03,259.0336,-20.333603,-0.07849794,257.3158,-18.615799,-0.07234612,45.67,0.23659533,-93.3,-0.2810241,193.03 - 332.0,1329223.0,2200187.0,1329223.0,352342619.0,500830236.0,500830236.0,0.26596,0.49872002,7299293184.0,14.577,79037685760.0,15942531072.0,31.838,,,15913679872.0,0.19,0.168,0.99819,0.0,0.78450996,0.61761004,101.051,2.3621736,194220064768.0,12.135231,9.132587,19.67,26.13717,5.0,2.04,1778803200.0,0.2289,,,12.183,9846334464.0,,0.692
2026-09-28T07:34:48.824317,CUMMINSIND.NS,Cummins India Limited,Specialty Industrial Machinery,Industrials,NSE,https://www.cumminsindia.com,Pune,411045,1350656983040.0,1790580886.0,4872.5,4940.0,4940.0,4855.0,206836.0,4945.0,-72.5,-1.466424,3833.0,6100.0,6100.0,32.17857,5254.16,-381.66016,-0.072639614,5012.368,-139.86816,-0.027904607,1039.5,0.2711975,-1227.5,-0.20122951,3833.0 - 6100.0,454424.0,310571.0,454424.0,135062928.0,277200000.0,277200000.0,0.5129,0.29854,39070699520.0,140.948,365100000.0,126623801344.0,456.771,,,44897001472.0,0.009,0.179,0.35457,0.2176,0.20458001,0.18694,305.742,15.936639,1332048429056.0,56.954994,41.276924,85.55,118.04417,66.0,1.33,1784246400.0,0.6265,1.28,7:5,10.52,23671500800.0,1316476800.0,0.527
2026-09-28T07:34:48.824317,AADHARHFC.NS,Aadhar Housing Finance Limited,Mortgage Finance,Financial Services,NSE,https://aadharhousing.com,Mumbai,400072,191249006592.0,1790580873.0,436.25,439.15,442.25,435.8,60701.0,444.5,-8.25,-1.856018,430.15,563.0,563.0,292.0,481.486,-45.235992,-0.09395079,481.96674,-45.716736,-0.09485455,6.100006,0.014181114,-126.75,-0.22513321,430.15 - 563.0,397617.0,459468.0,397617.0,109853976.0,438393157.0,438393157.0,0.746,0.11447,7909499904.0,18.153,192725499904.0,23695599616.0,54.578,,,23333699584.0,0.184,0.196,0.98473,0.0,0.61723,0.48151,173.074,2.520598,378486292480.0,16.922031,11.795243,25.78,36.98525,,,,0.0,,,15.973,11409600512.0,,0.381
2026-09-28T07:34:48.824317,THERMAX.NS,Thermax Limited,Conglomerates,Industrials,NSE,https://www.thermaxglobal.com,Pune,411003,382025433088.0,1790580891.0,3391.3,3451.9,3464.2,3365.0,49990.0,3447.2,-55.899902,-1.6216031,2742.7,5277.8,5839.95,1.553333,3963.236,-571.93604,-0.14431036,3803.352,-412.052,-0.10833917,648.6001,0.23648234,-1886.4998,-0.35744056,2742.7 - 5277.8,250621.0,156780.0,250621.0,32529177.0,112648671.0,112648671.0,0.73658997,0.19860001,24674000896.0,218.977,23525300224.0,108393496576.0,961.96,,,36948398080.0,-0.834,0.071,0.34087002,0.08078,0.0039500003,0.05474,492.563,6.885008,387569057792.0,64.30224,37.9286,52.74,89.41274,14.0,0.41,1783036800.0,0.26590002,0.36,5:1,3.576,5933599744.0,1143763200.0,0.301
2026-09-28T07:34:48.824317,ECLERX.NS,eClerx Services Limited,Information Technology Services,Technology,NSE,https://eclerx.com,Mumbai,400021,171157798912.0,1790580889.0,1859.9,1889.9,1890.0,1849.1,128199.0,1898.8,-38.900024,-2.0481243,1320.0,2497.5,2497.5,12.183336,1893.488,-33.588013,-0.017738698,1760.8633,99.03674,0.05624329,539.9,0.40901518,-637.6,-0.25529528,1320.0 - 2497.5,357267.0,152158.0,357267.0,39362025.0,92025272.0,92025272.0,0.58252996,0.32704,10381179904.0,112.818,3849520128.0,43348279296.0,470.366,,,15637279744.0,0.188,0.233,0.36074,0.25432,0.18712,0.16814,276.885,6.717229,168218214400.0,24.06703,18.943207,77.28,98.18295,1.0,0.05,1787270400.0,0.0064999997,0.04,2:1,3.881,7288750080.0,1773360000.0,0.404
2026-09-28T07:34:48.824317,VEDL.NS,Vedanta Limited,Other Industrial Metals & Mining,Basic Materials,NSE,https://www.vedantalimited.com,Mumbai,400093,1019153285120.0,1790580886.0,261.0,264.0,264.4,258.2,4818792.0,266.35,-5.350006,-2.0086374,249.7,795.0,795.0,0.9275,269.405,-8.404999,-0.031198377,472.4295,-211.4295,-0.44753662,11.300003,0.045254316,-534.0,-0.6716981,249.7 - 795.0,12013998.0,6668853.0,12013998.0,1616314581.0,3904801732.0,3904801732.0,0.5707,0.18944,158759993344.0,40.658,329469984768.0,848060022784.0,217.444,,,457210003456.0,0.722,-0.373,0.53911996,0.37484002,0.3116,0.23205,127.156,2.0525968,1400003887104.0,11.46245,8.11758,22.77,32.15244,34.0,12.77,1774569600.0,1.1858001,16.27,10:1,1.651,67939999744.0,1218153600.0,0.368
2026-09-28T07:34:48.824317,CGCL.NS,Capri Global Capital Limited,Credit Services,Financial Services,NSE,https://www.capriloans.in,Mumbai,400013,239480127488.0,1790580891.0,248.9,253.45,254.85,248.6,1650076.0,253.7,-4.800003,-1.8916268,151.1,287.45,876.0,8.95786,247.1822,1.7177887,0.006949484,203.0144,45.88559,0.22602135,97.79999,0.6472534,-38.55002,-0.13411033,151.1 - 287.45,5552050.0,3317189.0,5552050.0,301875960.0,962153962.0,962153962.0,0.63724,0.22176,22112890880.0,22.965,241120985088.0,32256468992.0,33.511,,,30567489536.0,0.794,0.858,0.94764,0.0,0.50395,0.34958,74.718,3.3311918,463293546496.0,21.182978,12.863049,11.75,19.35,0.2,0.08,1788480000.0,0.017,0.08,2:1,14.363,11276290048.0,1709596800.0,-0.017
2026-09-28T07:34:48.824317,CESC.NS,CESC Limited,Utilities - Regulated Electric,Utilities,NSE,https://www.cesc.co.in,Kolkata,700001,181483847680.0,1790580890.0,136.91,139.69,139.84,136.4,765381.0,139.86,-2.949997,-2.1092498,136.4,204.5,216.25,1.148213,154.84,-17.929993,-0.11579691,162.24435,-25.33435,-0.15614936,0.51000977,0.0037390748,-67.59,-0.33051342,136.4 - 204.5,1560403.0,1725293.0,1560403.0,658324752.0,1325570430.0,1325570430.0,0.06339,0.77264,56710000640.0,42.744,216710004736.0,188529999872.0,138.32,,,72320000000.0,0.038,0.054,0.3836,0.19537,0.11778,0.08243,94.474,1.4491818,352146817024.0,11.6717825,9.690226,11.73,14.12867,6.0,4.29,1787097600.0,0.5111,4.3,10:1,1.868,15539999744.0,1631836800.0,0.367
2026-09-28T07:34:48.824317,TATACOMM.NS,Tata Communications Limited,Telecom Services,Communication Services,NSE,https://www.tatacommunications.com,Mumbai,400098,474182942720.0,1790580879.0,1663.3,1660.0,1666.0,1637.0,71518.0,1666.5,-3.1999512,-0.19198172,1322.5,2110.0,2175.0,42.53163,1737.076,-73.776,-0.04247137,1698.019,-34.718994,-0.020446764,340.80005,0.2576938,-446.69995,-0.21170613,1322.5 - 2110.0,304233.0,252280.0,304233.0,152537700.0,285085643.0,285085643.0,0.60467,0.25089002,9905099776.0,34.755,122623803392.0,254256906240.0,892.003,,,69805400064.0,-0.294,0.105,0.27455,0.1633,0.07454,0.0372,120.949,13.752078,589711802368.0,50.159832,21.231926,33.16,78.33958,17.5,1.05,1781827200.0,0.5281,1.3,1:1.3333,2.319,9458199552.0,973468800.0,0.809
2026-09-28T07:34:48.824317,UTIAMC.NS,UTI Asset Management Company Limited,Asset Management,Financial Services,NSE,https://www.utiwms.com,Mumbai,400051,114522914816.0,1790580888.0,890.95,901.85,913.95,888.0,25684.0,901.85,-10.899963,-1.2086227,866.0,1409.0,1494.8,477.0,901.341,-10.390991,-0.011528368,973.1603,-82.210266,-0.08447762,24.950012,0.028810637,-518.05,-0.3676721,866.0 - 1409.0,215602.0,85772.0,215602.0,99244457.0,128540222.0,128540222.0,0.34737,0.51759,40844701696.0,317.808,1409299968.0,17346699264.0,135.172,,,11670700032.0,0.24,0.067,0.67279,0.48039,0.63324,0.26583,350.5,2.5419402,76470394880.0,24.886873,15.580152,35.8,57.18494,40.0,4.44,1783987200.0,0.72580004,2.47,,4.408,4611299840.0,,0.401
2026-09-28T07:34:48.824317,BLUESTARCO.NS,Blue Star Limited,Building Products & Equipment,Industrials,NSE,https://www.bluestarindia.com,Mumbai,400030,324014014464.0,1790580891.0,1576.0,1585.7,1593.5,1565.8,917235.0,1565.0,11.0,0.7026958,1432.3,2032.9,2417.0,6.4,1551.358,24.641968,0.015884127,1699.1245,-123.12451,-0.072463505,143.69995,0.1003281,-456.90002,-0.22475283,1432.3 - 2032.9,492624.0,511169.0,492624.0,129572913.0,205592636.0,205592636.0,0.36986,0.34787998,8334199808.0,40.537,8099899904.0,127976603648.0,622.699,,,28069900288.0,-0.151,0.133,0.21934,0.06514,0.03503,0.03979,166.903,9.442611,321543208960.0,63.728268,40.835922,24.73,38.59347,8.5,0.54,1784246400.0,0.3635,0.54,2:1,2.513,5092199936.0,1687219200.0,0.146
2026-09-28T07:34:48.824317,GPIL.NS,Godawari Power & Ispat Limited,Steel,Basic Materials,NSE,https://www.godawaripowerispat.com,Raipur,492 004,145648402432.0,1790580789.0,223.82,228.28,228.36,223.51,919589.0,229.42,-5.599991,-2.4401896,221.21,320.0,765.0,9.7375,241.9928,-18.17279,-0.07509641,263.18674,-39.36673,-0.14957719,2.6100006,0.011798746,-96.17999,-0.30056247,221.21 - 320.0,1562797.0,1295212.0,1562797.0,206391145.0,650738965.0,650738965.0,0.63362,0.06852,11787200512.0,19.084,4434800128.0,58078699520.0,94.493,,,27604000768.0,-0.006,0.323,0.47529,0.21735,0.16206,0.13887,94.56,2.366963,134759694336.0,17.834263,9.947556,12.55,22.5,1.0,0.44,1786665600.0,0.0796,1.09,5:1,2.32,8065299968.0,1728000000.0,0.721
2026-09-28T07:34:48.824317,IEX.NS,Indian Energy Exchange Limited,Capital Markets,Financial Services,NSE,https://www.iexindia.com,Noida,201301,99397091328.0,1790580889.0,111.77,112.7,112.88,110.94,1364161.0,112.7,-0.9300003,-0.82498026,110.35,160.27,318.66666,37.35,121.8028,-10.032806,-0.08236926,125.3271,-13.557106,-0.10817378,1.4199982,0.012868131,-48.500008,-0.3026144,110.35 - 160.27,4759180.0,2835388.0,4759180.0,788530602.0,889300290.0,889300290.0,0.13441,0.35306,18049376256.0,20.359,111559000.0,7655816192.0,8.607,,,7655816192.0,0.118,0.101,1.0,0.87982005,0.83748,0.66222,15.247,7.330622,81977180160.0,19.608772,17.835629,5.7,6.26667,4.0,3.55,1778803200.0,0.614,1.43,3:1,10.708,5069812224.0,1638489600.0,0.341
2026-09-28T07:34:48.824317,COCHINSHIP.NS,Cochin Shipyard Limited,Aerospace & Defense,Industrials,NSE,https://cochinshipyard.in,Ernakulam,682015,354369830912.0,1790580891.0,1347.0,1370.2,1372.4,1345.2,236148.0,1377.0,-30.0,-2.1786492,1187.0,1929.9,2979.45,104.55,1448.524,-101.52405,-0.070087925,1487.84,-140.83997,-0.09466069,160.0,0.1347936,-582.9,-0.30203637,1187.0 - 1929.9,1264384.0,938345.0,1264384.0,96404423.0,263080780.0,263080780.0,0.63335,0.11093,24059408384.0,91.501,16717533184.0,50474889216.0,191.855,,,16852665344.0,-0.193,0.024,0.33388,0.15426,0.14696,0.13479,223.241,6.033838,354726871040.0,52.027813,30.134228,25.89,44.7,11.25,0.82,1789689600.0,0.377,2.14,2:1,7.028,6803642880.0,1704844800.0,0.582
2026-09-28T07:34:48.824317,BDL.NS,Bharat Dynamics Limited,Aerospace & Defense,Industrials,NSE,https://bdl-india.in,Hyderabad,500032,410146799616.0,1790580886.0,1118.9,1140.0,1140.9,1114.6,737939.0,1140.0,-21.099976,-1.8510374,1086.0,1633.4,2096.6,72.65,1263.522,-144.62195,-0.11445939,1319.387,-200.48694,-0.15195462,32.900024,0.030294681,-514.5,-0.31498715,1086.0 - 1633.4,1315922.0,1042912.0,1315922.0,91927446.0,366562500.0,366562500.0,0.74926,0.109519996,47093149696.0,128.445,3152000.0,27661031424.0,75.499,,,13254437888.0,5.48,1.308,0.47917,0.12697,0.109799996,0.18827,115.783,9.663768,370878676992.0,78.5193,36.799664,14.25,30.40517,4.9,0.43,1789948800.0,0.36240003,0.72,2:1,13.408,5207789056.0,1716508800.0,0.321
2026-09-28T07:34:48.824317,MOTILALOFS.NS,Motilal Oswal Financial Services Limited,Capital Markets,Financial Services,NSE,https://www.motilaloswal.com,Mumbai,400025,609006977024.0,1790580884.0,1010.0,1028.9,1033.4,999.5,354797.0,1029.0,-19.0,-1.8453768,614.9,1097.1,1588.4,43.6,961.832,48.16803,0.050079465,851.8995,158.10052,0.18558589,395.09998,0.64254344,-87.099976,-0.0793911,614.9 - 1097.1,1140268.0,870442.0,1140268.0,158325311.0,602977213.0,602977213.0,0.52705,0.29148,52623298560.0,87.434,214747299840.0,86241697792.0,143.496,,,54245801984.0,0.087,0.239,0.629,0.0,0.51267,0.22963,214.138,4.7165847,782078509056.0,31.356722,17.114214,32.21,59.01527,11.0,1.07,1769731200.0,0.1861,1.0,4:1,9.068,19803600896.0,1717977600.0,0.362
2026-09-28T07:34:48.824317,TATAINVEST.NS,Tata Investment Corporation Limited,Asset Management,Financial Services,NSE,https://www.tatainvestment.com,Mumbai,400001,327705722880.0,1790580887.0,647.7,650.0,670.95,640.0,387330.0,651.6,-3.8999634,-0.5985211,538.85,1184.7,1184.7,4.0,659.494,-11.794006,-0.017883416,660.604,-12.903992,-0.019533627,108.85004,0.20200434,-536.99994,-0.4532793,538.85 - 1184.7,964688.0,4195409.0,964688.0,93292666.0,505952960.0,505952960.0,0.73807997,0.02085,324551180288.0,641.465,19179000.0,4094049024.0,8.095,,,4093656064.0,-0.018,0.041,0.9999,0.89442,0.91651,1.05248,577.547,1.1214672,5146960896.0,75.843094,,8.54,,3.4,0.52,1781049600.0,0.3991,1.26,10:1,1.257,4308907008.0,1760400000.0,0.298
2026-09-28T07:34:48.824317,ASAHIINDIA.NS,Asahi India Glass Limited,Auto Parts,Consumer Cyclical,NSE,https://www.aisglass.com,Gurugram,122002,239019737088.0,1790580881.0,937.6,953.0,959.65,936.95,62129.0,959.95,-22.350037,-2.3289778,775.1,1074.0,1074.0,1.475146,933.002,4.5979614,0.0049281367,902.40674,35.193237,0.038999308,162.5,0.20965037,-136.40002,-0.12700188,775.1 - 1074.0,176809.0,122530.0,176809.0,83163704.0,254927192.0,254927192.0,0.67443,0.1007,2453100032.0,9.626,21979600896.0,51745800192.0,205.063,,,29696399360.0,1.532,0.15,0.57389,0.20627001,0.17254,0.08457,154.339,6.074939,264178663424.0,53.947067,40.41379,17.38,23.2,2.0,0.21,1789084800.0,0.115200005,0.29,2:1,5.105,4376099840.0,1125532800.0,0.373
2026-09-28T07:34:48.824317,ADANIPOWER.NS,Adani Power Limited,Utilities - Independent Power Producers,Utilities,NSE,https://www.adanipower.com,Ahmedabad,382421,3795613908992.0,1790580890.0,196.82,202.75,203.64,196.66,14005649.0,202.75,-5.9299927,-2.9244924,128.1,254.2,254.2,3.03,208.2918,-11.4717865,-0.055075556,188.00385,8.816162,0.04689352,68.72,0.53645587,-57.37999,-0.22572774,128.1 - 254.2,22665852.0,14841194.0,22665852.0,5437512519.0,19284694705.0,19284694705.0,0.71742994,0.1906,24361900032.0,1.263,546702884864.0,590332624896.0,30.763,,,256659095552.0,0.444,0.34,0.43477002,0.37247002,0.35876998,0.24148001,33.673,5.8450394,4446963105792.0,26.669376,24.974274,7.38,7.88091,,,,0.0,,5:1,7.533,141956792320.0,1758499200.0,0.455
2026-09-28T07:34:48.824317,OBEROIRLTY.NS,Oberoi Realty Limited,Real Estate - Development,Real Estate,NSE,https://www.oberoirealty.com,Mumbai,400063,670918836224.0,1790580888.0,1844.5,1854.9,1854.9,1823.9,173029.0,1858.5,-13.300049,-0.71513325,1391.2,1986.1,2343.65,153.15,1830.994,14.205933,0.0077585904,1678.525,166.67493,0.09929845,454.0,0.32633698,-140.90002,-0.070943065,1391.2 - 1986.1,529691.0,563259.0,529691.0,117047196.0,363602237.0,363602237.0,0.67705,0.24608,32888037376.0,90.451,28253941760.0,63224012800.0,173.871,,,39585828864.0,0.289,0.317,0.62612,0.56571,0.53744,0.41592997,492.891,3.7436268,671120687104.0,25.521437,17.284008,72.3,106.75764,8.0,0.43,1784764800.0,0.1106,0.79,,10.615,26296872960.0,,0.322
2026-09-28T07:34:48.824317,KPITTECH.NS,KPIT Technologies Limited,Software - Application,Technology,NSE,https://www.kpit.com,Pune,411057,138726998016.0,1790580891.0,509.6,519.0,519.0,508.25,546498.0,519.4,-9.800018,-1.8857068,507.8,1284.9,1928.7,34.35,581.683,-72.08298,-0.12392142,758.0725,-248.4725,-0.32776877,1.8000183,0.0035447387,-775.30005,-0.6033933,507.8 - 1284.9,3551052.0,1914901.0,3551052.0,151938990.0,272227219.0,272227219.0,0.45268002,0.30714,13899740160.0,51.007,8383869952.0,65911640064.0,242.191,,,24230619136.0,-0.318,0.089,0.36762002,0.20417,0.122530006,0.08839,130.072,3.91783,136103944192.0,23.924883,16.100872,21.3,31.65046,7.5,1.44,1786492800.0,0.3877,0.54,,2.065,5826180096.0,,-0.007
2026-09-28T07:34:48.824317,FSL.NS,Firstsource Solutions Limited,Information Technology Services,Technology,NSE,https://www.firstsource.com,Mumbai,400063,177881890816.0,1790580883.0,257.6,260.5,260.55,256.1,267528.0,259.45,-1.8500061,-0.7130492,202.0,371.75,422.3,5.55,273.2528,-15.6528015,-0.057283223,261.8765,-4.2764893,-0.016330175,55.600006,0.27524754,-114.149994,-0.3070612,202.0 - 371.75,3351184.0,4766125.0,3351184.0,310267611.0,690535266.0,690535266.0,0.54995996,0.31048,3087399936.0,4.472,29438369792.0,100636188672.0,145.711,,,41333841920.0,-0.017,0.229,0.41073,0.13612,0.12355,0.06668,63.511,4.05599,205468319744.0,27.058823,16.212914,9.52,15.88857,5.5,2.12,1771545600.0,0.5777,2.03,,2.042,6710110208.0,,0.166
2026-09-28T07:34:48.824317,SAREGAMA.NS,Saregama India Limited,Entertainment,Communication Services,NSE,https://www.saregama.com,Mumbai,400036,94108139520.0,1790580851.0,490.25,496.85,496.9,487.05,94436.0,496.9,-6.649994,-1.3382962,307.05,574.5,688.9,2.853996,507.598,-17.347992,-0.034176636,408.96774,81.28226,0.1987498,183.20001,0.59664553,-84.25,-0.14664926,307.05 - 574.5,648772.0,313718.0,648772.0,78877216.0,191959490.0,191959490.0,0.64698,0.121479996,2170899968.0,11.326,725800000.0,10414499840.0,54.055,,,5400500224.0,0.416,0.275,0.51856,0.36012,0.26434,0.21314,86.666,5.656774,93822443520.0,42.519516,31.32588,11.53,15.65,9.0,1.81,1762819200.0,0.39060003,0.95,10:1,9.009,2219699968.0,1650931200.0,0.617
2026-09-28T07:34:48.824317,VTL.NS,Vardhman Textiles Limited,Textile Manufacturing,Consumer Cyclical,NSE,https://www.vardhman.com,Ludhiana,141010,159023529984.0,1790580891.0,549.35,554.3,554.8,545.0,70356.0,554.0,-4.6500244,-0.83905166,385.5,688.0,688.0,4.6,591.764,-42.414,-0.07167385,557.96124,-8.611267,-0.01543345,163.84998,0.42503235,-138.65002,-0.2015262,385.5 - 688.0,720143.0,470257.0,720143.0,97644861.0,289475800.0,289475800.0,0.65511,0.16131,10897699840.0,38.268,18549800960.0,101864701952.0,357.78,,,46325600256.0,0.492,0.133,0.45478,0.13604,0.12849,0.08324,369.412,1.487093,166155304960.0,18.465546,12.527936,29.75,43.85,5.0,0.9,1787875200.0,0.168,1.48,5:1,1.631,8479099904.0,1648080000.0,0.206
2026-09-28T07:34:48.824317,APLLTD.NS,Alembic Pharmaceuticals Limited,Drug Manufacturers - Specialty & Generic,Healthcare,NSE,https://alembicpharmaceuticals.com,Vadodara,390003,167943536640.0,1790580891.0,854.4,870.0,870.0,843.65,105640.0,863.75,-9.349976,-1.0822358,635.8,998.0,1303.9,31.0,822.687,31.713013,0.03854809,777.12177,77.27826,0.09944163,218.60004,0.34381887,-143.59998,-0.14388776,635.8 - 998.0,154373.0,276210.0,154373.0,57648033.0,196563124.0,196563124.0,0.70672,0.17483,1963699968.0,9.99,14299400192.0,77839499264.0,395.999,,,54923399168.0,0.121,0.257,0.70559996,0.14577,0.10892,0.089090005,288.702,2.959453,182058795008.0,24.245176,17.6259,35.24,48.47412,12.0,1.39,1785283200.0,0.3118,1.39,,2.339,6934600192.0,,0.306
2026-09-28T07:34:48.824317,HINDZINC.NS,Hindustan Zinc Limited,Other Industrial Metals & Mining,Basic Materials,NSE,https://www.hzlindia.com,Udaipur,313004,2417093509120.0,1790580888.0,572.05,576.25,580.3,571.8,2583584.0,588.95,-16.900024,-2.8697612,453.5,733.0,807.7,1.48,575.876,-3.8259888,-0.006643772,587.9355,-15.885498,-0.027019117,118.54999,0.26141122,-160.95001,-0.2195771,453.5 - 733.0,4932244.0,3826309.0,4932244.0,479573707.0,4225319000.0,4225319000.0,0.8865,0.055370003,136509997056.0,32.308,88330002432.0,448330006528.0,105.967,,,339809992704.0,1.446,0.717,0.75795,0.58674,0.54707,0.38068,53.556,10.681343,2440321564672.0,14.159653,12.7827835,40.4,44.7516,21.0,3.57,1777507200.0,0.2723,9.37,5:1,5.443,170669998080.0,1299456000.0,0.673
2026-09-28T07:34:48.824317,HFCL.NS,HFCL Limited,Communication Equipment,Technology,NSE,https://www.hfcl.com,New Delhi,110048,313704054784.0,1790580888.0,205.1,208.15,209.16,201.0,3941504.0,211.27,-6.2700043,-2.9663641,59.82,256.7,256.7,5.95,220.1076,-15.107605,-0.06863736,140.3012,64.69881,0.46114224,145.18,2.4269474,-51.700012,-0.20140246,59.82 - 256.7,18953597.0,5257864.0,18953597.0,1243875503.0,1530263663.0,1530263663.0,0.34232,0.187,5097099776.0,3.322,18963300352.0,59932299264.0,40.474,,,22548600832.0,,1.199,0.37623,0.19203,0.18948999,0.09554,33.153,6.1834526,338580996096.0,53.246754,39.423077,3.85,5.2,0.2,0.09,1790035200.0,0.025999999,0.2,,5.649,5725799936.0,,0.962
2026-09-28T07:34:48.824317,TATAELXSI.NS,Tata Elxsi Limited,Software - Application,Technology,NSE,https://www.tataelxsi.com,Bengaluru,560048,199670087680.0,1790580891.0,3205.0,3190.0,3205.0,3161.7,91303.0,3186.9,18.100098,0.5679531,3144.0,5950.0,10760.0,30.575,3558.014,-353.01392,-0.099216565,4284.775,-1079.7749,-0.25200272,61.0,0.019402036,-2745.0,-0.46134454,3144.0 - 5950.0,346072.0,272200.0,346072.0,34321735.0,62299561.0,62299561.0,0.44849998,0.1468,16493210624.0,264.753,1622763008.0,39107469312.0,627.753,,,12935109632.0,0.181,0.145,0.33076,0.2164,0.18971,0.1674,488.203,6.564892,183662854144.0,30.47447,22.293793,105.17,143.762,75.0,2.35,1781049600.0,0.71370006,0.95,2:1,4.696,6546613248.0,1505692800.0,0.308
2026-09-28T07:34:48.824317,AARTIIND.NS,Aarti Industries Limited,Specialty Chemicals,Basic Materials,NSE,https://www.aarti-industries.com,Mumbai,400 080,174406041600.0,1790580878.0,480.8,485.6,487.75,480.0,152047.0,489.25,-8.450012,-1.7271359,338.05,551.75,1168.0,2.128629,503.406,-22.606018,-0.044906136,453.94724,26.852753,0.059153907,142.75,0.42227483,-70.95001,-0.12859087,338.05 - 551.75,1078740.0,494184.0,1078740.0,205739813.0,362741364.0,362741364.0,0.42148,0.25014,6089999872.0,16.777,49659998208.0,89980002304.0,247.968,,,32390000640.0,2.58,0.425,0.35997,0.14399,0.08881,0.05901,164.741,2.9185205,221166600192.0,32.863976,23.946285,14.63,20.07827,1.0,0.2,1789084800.0,0.0684,0.31,2:1,2.458,5310000128.0,1624320000.0,0.636
2026-09-28T07:34:48.824317,PRESTIGE.NS,Prestige Estates Projects Limited,Real Estate - Diversified,Real Estate,NSE,https://www.prestigeconstructions.com,Bengaluru,560025,629727625216.0,1790580888.0,1462.0,1465.2,1468.7,1437.4,191848.0,1477.8,-15.800049,-1.0690155,1090.0,1805.2,2074.8,57.55,1576.422,-114.422,-0.072583355,1477.2355,-15.235474,-0.010313503,372.0,0.3412844,-343.19995,-0.19011742,1090.0 - 1805.2,628690.0,401975.0,628690.0,155394546.0,430730232.0,430730232.0,0.64269996,0.31003,32796000256.0,76.14,176593993728.0,130531999744.0,303.102,,0.07752,76758999040.0,-0.193,0.159,0.58805,0.24781,0.23696,0.08725,377.798,3.8697927,785000169472.0,55.2741,25.532623,26.45,57.26008,2.0,0.14,1786579200.0,0.0681,0.2,,6.014,11388999680.0,,0.439
2026-09-28T07:34:48.824317,ENGINERSIN.NS,Engineers India Limited,Engineering & Construction,Industrials,NSE,https://www.engineersindia.com,New Delhi,110066,175947350016.0,1790580892.0,313.05,316.9,321.4,309.0,7517352.0,315.65,-2.600006,-0.82369906,163.55,321.4,318.9,4.75,253.5998,59.450195,0.23442525,225.6268,87.42319,0.3874681,149.49998,0.91409343,-8.350006,-0.025980107,163.55 - 321.4,4218963.0,8617864.0,4218963.0,273133385.0,562042373.0,562042373.0,0.51366,0.18985,14473662464.0,25.752,168019008.0,38776631296.0,69.018,,,11057985536.0,1.422,-0.058,0.28517,0.19494,0.14229,0.20222001,55.825,5.6077023,163105161216.0,22.440859,22.202126,13.95,14.1,5.0,1.58,1790208000.0,0.3225,2.31,2:1,4.206,7841243136.0,1483056000.0,0.939
2026-09-28T07:34:48.824317,AAVAS.NS,Aavas Financiers Limited,Mortgage Finance,Financial Services,NSE,https://www.aavas.in,Jaipur,302020,99617464320.0,1790580877.0,1256.3,1256.0,1279.4,1250.0,24250.0,1267.7,-11.399902,-0.89925873,1060.4,1771.9,3340.0,612.25,1342.54,-86.23999,-0.06423644,1353.2975,-96.99744,-0.07167488,195.90002,0.18474163,-515.6,-0.29098704,1060.4 - 1771.9,99240.0,89626.0,99240.0,39196608.0,79294327.0,79294327.0,0.50767,0.30655,18432993280.0,232.473,156855713792.0,16146093056.0,203.859,,,16039942144.0,0.233,0.169,0.99343,0.0,0.54527,0.42543998,637.792,1.9697646,238939652096.0,14.574247,10.932083,86.2,114.91863,,,,0.0,,,14.799,6869159936.0,,0.525
2026-09-28T07:34:48.824317,HAPPSTMNDS.NS,Happiest Minds Technologies Limited,Information Technology Services,Technology,NSE,https://www.happiestminds.com,Bengaluru,560068,46152953856.0,1790580893.0,307.15,310.5,310.65,306.25,205018.0,310.5,-3.350006,-1.078907,306.25,542.0,1580.0,307.0,375.451,-68.300995,-0.1819172,383.06525,-75.91525,-0.19817838,0.8999939,0.0029387556,-234.85,-0.43330258,306.25 - 542.0,1992871.0,701966.0,1992871.0,83101327.0,150261936.0,150261936.0,0.46016,0.0802,19671599104.0,130.659,17525100544.0,23937200128.0,159.019,,0.13317999,7871099904.0,0.182,0.143,0.32882,0.16268,0.1511,0.0932,117.929,2.6045332,44601384960.0,20.739365,14.173038,14.81,21.67143,7.3,2.35,1784246400.0,0.42229998,0.8,,1.863,2230899968.0,,0.063
2026-09-28T07:34:48.824317,HONAUT.NS,Honeywell Automation India Limited,Electrical Equipment & Parts,Industrials,NSE,https://www.honeywell.com/in/en/hail,Pune,411013,297979052032.0,1790580418.0,33680.0,33830.0,33830.0,33255.0,1232.0,33865.0,-185.0,-0.5462867,26220.0,41495.0,59994.0,150.0,36498.0,-2818.0,-0.07720971,33633.05,46.94922,0.0013959251,7460.0,0.28451565,-7815.0,-0.18833594,26220.0 - 41495.0,4708.0,3597.0,4708.0,2195615.0,8847359.0,8841523.0,0.75148004,0.13939,38050000896.0,4303.557,1104999936.0,47032000512.0,5319.252,,,18319998976.0,0.209,0.018,0.38952,0.131,0.13202,0.117180005,5047.434,6.6726975,262473170944.0,54.050583,40.573425,623.12,830.1,110.0,0.32,1784246400.0,0.0,0.25,,5.581,5511000064.0,,0.499
2026-09-28T07:34:48.824317,IDEA.NS,Vodafone Idea Limited,Telecom Services,Communication Services,NSE,https://www.myvi.in,Mumbai,400030,1468048080896.0,1790580892.0,13.55,14.22,14.23,13.54,288654952.0,14.26,-0.71000004,-4.982456,8.02,15.79,123.00568,2.4,13.9632,-0.41319942,-0.02959203,12.17335,1.3766499,0.11308718,5.5299997,0.68952614,-2.2399998,-0.14186193,8.02 - 15.79,388563715.0,331706722.0,388563715.0,26747719840.0,108343035001.0,108343035001.0,0.74638003,0.09814999,37149999104.0,0.343,1925280038912.0,454630014976.0,4.201,,,205500006400.0,,0.061,0.45202,0.27031,-0.03766,0.82278,-3.3,-4.1060605,3433101262848.0,3.8825216,-9.236727,3.49,-1.46697,,,1474502400.0,0.0,,,7.551,374059991040.0,,0.446
2026-09-28T07:34:48.824317,PIIND.NS,PI Industries Limited,Agricultural Inputs,Basic Materials,NSE,https://www.piindustries.com,Gurugram,122009,356372905984.0,1790580882.0,2349.1,2398.4,2398.4,2345.1,67134.0,2400.0,-50.899902,-2.1208293,2191.0,3832.9,4804.05,68.0,2524.862,-175.76196,-0.0696125,2861.978,-512.8779,-0.179204,158.1001,0.07215887,-1483.7998,-0.38712198,2191.0 - 3832.9,271936.0,301481.0,271936.0,80895783.0,151706138.0,151706138.0,0.46512002,0.42646998,35027001344.0,230.887,3423000064.0,65154998272.0,429.489,,,37547999232.0,-0.389,-0.104,0.57629,0.22759001,0.15491,0.17879999,740.28,3.1732588,332490735616.0,30.575296,22.119587,76.83,106.2,15.0,0.63,1786060800.0,0.19530001,0.32,5:1,5.103,11649999872.0,1365724800.0,0.366
2026-09-28T07:34:48.824317,AWL.NS,AWL Agri Business Limited,Packaged Foods,Consumer Defensive,NSE,https://www.awl.in,Ahmedabad,380009,234141941760.0,1790580891.0,181.25,183.02,184.0,181.17,390974.0,184.34,-3.0899963,-1.6762484,171.19,282.9,878.0,171.19,190.018,-8.768005,-0.046143025,195.43575,-14.185745,-0.07258521,10.059998,0.0587651,-101.649994,-0.35931423,171.19 - 282.9,3134992.0,1722881.0,3134992.0,442661010.0,1291817635.0,1291817635.0,0.68683,0.14823,23330600960.0,18.039,11092700160.0,777201582080.0,599.985,,,83354001408.0,0.473,0.175,0.107250005,0.03266,0.02875,0.01487,80.726,2.2452495,226207318016.0,20.319506,17.061714,8.92,10.6232,1.0,0.54,1781827200.0,0.111999996,,,0.291,11559000064.0,,-0.158
2026-09-28T07:34:48.824317,INDIAMART.NS,IndiaMART InterMESH Limited,Internet Retail,Consumer Cyclical,NSE,https://www.indiamart.com,Noida,201305,980566605824.0,1790580893.0,1630.4,1642.0,1642.1,1620.0,15750.0,1642.1,-11.699951,-0.7124993,1619.0,2525.9,5020.0,551.475,1740.376,-109.97595,-0.063190915,2002.9005,-372.5005,-0.18598053,11.400024,0.0070413984,-895.4999,-0.35452706,1619.0 - 2525.9,121188.0,166364.0,121188.0,25164090.0,601426988.0,601426988.0,0.57910997,0.13771,33886580736.0,563.522,216280000.0,16113319936.0,268.322,0.072459996,0.23146,8963050496.0,0.119,0.114,0.55625,0.32983002,0.33808997,0.30618998,369.111,4.4170995,65075015680.0,19.936415,15.671503,81.78,104.03597,30.0,1.83,1781827200.0,0.3667,0.66,2:1,4.039,4933790208.0,1687305600.0,0.254
2026-09-28T07:34:48.824317,CROMPTON.NS,Crompton Greaves Consumer Electricals Limited,"Furnishings, Fixtures & Appliances",Consumer Cyclical,NSE,https://www.crompton.co.in,Mumbai,400079,141171900416.0,1790580881.0,219.24,218.95,221.3,214.51,1585932.0,218.6,0.6399994,0.29259792,214.51,310.5,512.8,125.0,242.0772,-22.837189,-0.094338454,254.38326,-35.14325,-0.1381508,4.730011,0.022050306,-91.259995,-0.29391304,214.51 - 310.5,3290965.0,1945254.0,3290965.0,640785449.0,643914875.0,643914875.0,0.0,0.80098,11492200448.0,17.847,1991699968.0,83321602048.0,129.366,,,26283300864.0,0.147,0.118,0.31544,0.09398,0.08019,-0.02688,46.067,4.7591553,135952891904.0,,19.563297,-3.48,11.2067,3.0,1.37,1784851200.0,0.41900003,0.9,,1.632,-2239800064.0,,0.333
2026-09-28T07:34:48.824317,ICICIBANK.NS,ICICI Bank Limited,Banks - Regional,Financial Services,NSE,https://www.icici.bank.in,Mumbai,400051,9366389391360.0,1790580895.0,1304.8,1321.1,1323.8,1300.6,3844535.0,1326.8,-22.0,-1.6581248,1187.6,1480.0,1500.0,19.89091,1411.648,-106.8479,-0.07569019,1352.147,-47.346924,-0.03501611,117.20007,0.09868649,-175.19995,-0.11837835,1187.6 - 1480.0,10701560.0,7947619.0,10701560.0,7144351019.0,7178409931.0,7178409931.0,0.0353,0.59174,740090773504.0,103.153,2263177232384.0,2037316714496.0,284.827,0.021070002,0.16073999,2037316714496.0,0.138,0.114,0.0,0.0,0.38509998,0.27531,530.377,2.460137,11217812848640.0,16.86878,13.880852,77.35,94.0,12.0,0.9,1785715200.0,0.14220001,0.64,11:10,5.506,560901652480.0,1497916800.0,0.26
2026-09-28T07:34:48.824317,HBLENGINE.NS,HBL Engineering Limited,Electrical Equipment & Parts,Industrials,NSE,https://www.hbl.in,Hyderabad,500034,218485063680.0,1790580893.0,788.2,813.4,829.9,787.15,3430715.0,806.0,-17.799988,-2.2089834,613.0,1122.0,1122.0,5.75,710.912,77.288025,0.10871673,755.413,32.786987,0.04340273,175.20001,0.28580752,-333.8,-0.29750445,613.0 - 1122.0,1449863.0,2517789.0,1449863.0,105200066.0,277194946.0,277194946.0,0.080690004,0.55414003,6924299776.0,25.074,668700032.0,33390899200.0,120.533,,,19083900928.0,-0.235,0.06,0.57153,0.31829,0.21051,0.23381001,80.581,9.781462,216315232256.0,27.940449,,28.21,,4.0,0.5,1789084800.0,0.1065,0.25,10:1,6.478,7807000064.0,1259020800.0,0.066
2026-09-28T07:34:48.824317,VMM.NS,Vishal Mega Mart Limited,Department Stores,Consumer Cyclical,NSE,https://aboutvishal.com,Gurugram,122016,476163964928.0,1790580896.0,101.64,103.99,103.99,101.53,4647454.0,103.5,-1.8600006,-1.7969284,98.77,152.18,157.6,95.99,106.821,-5.1809998,-0.048501696,116.51675,-14.876747,-0.12767905,2.8700027,0.029057436,-50.539993,-0.33210668,98.77 - 152.18,12599041.0,10953170.0,12599041.0,2567421841.0,4684808639.0,4684808639.0,0.40023,0.48397,17139179520.0,3.643,19879780352.0,134930112512.0,28.747,,,38456291328.0,0.25,0.187,0.28500998,0.15342,0.09636,0.0661,15.893,6.3952684,489698689024.0,53.494736,37.645,1.9,2.69996,,,,0.0,,,3.629,8919270400.0,,
2026-09-28T07:34:48.824317,FIRSTCRY.NS,Brainbees Solutions Limited,Internet Retail,Consumer Cyclical,NSE,https://www.firstcry.com,Pune,411001,89137922048.0,1790580893.0,183.7,181.8,195.3,178.19,33130082.0,180.83,2.869995,1.5858955,163.37,389.65,734.0,163.37,193.837,-10.137009,-0.05229656,228.1907,-44.490707,-0.1949716,20.330002,0.12444147,-205.95,-0.5285513,163.37 - 389.65,3103203.0,13222985.0,3103203.0,198058646.0,485236384.0,485236384.0,0.58809,0.23011999,14025589760.0,28.763,15939040256.0,87916093440.0,181.448,,,23736840192.0,,0.131,0.26999,0.01158,-0.01646,-0.01422,100.331,1.8309395,95378235392.0,,54.48161,-2.59,3.37178,,,,0.0,,,1.085,-1250019968.0,,0.409
2026-09-28T07:34:48.824317,PETRONET.NS,Petronet LNG Limited,Oil & Gas Refining & Marketing,Energy,NSE,https://www.petronetlng.in,New Delhi,110001,434250022912.0,1790580896.0,289.5,286.95,293.05,285.75,2210139.0,286.5,3.0,1.0473032,235.35,326.4,384.2,6.0,284.533,4.9670105,0.017456712,281.21826,8.281738,0.029449504,54.149994,0.23008282,-36.899994,-0.11305145,235.35 - 326.4,1862704.0,1379505.0,1862704.0,729749844.0,1500000088.0,1500000088.0,0.50181,0.28699,101141299200.0,67.419,23414599680.0,371728908288.0,247.806,,,67403198464.0,0.351,-0.532,0.18132,0.15622,0.24001,0.113199994,148.594,1.9482617,352076201984.0,10.320856,10.2067,28.05,28.36372,10.0,3.49,1781222400.0,0.35650003,3.01,2:1,0.947,42077900800.0,1499040000.0,0.458
2026-09-28T07:34:48.824317,BHARTIARTL.NS,Bharti Airtel Limited,Telecom Services,Communication Services,NSE,https://www.airtel.in,Gurugram,122015,11092333953024.0,1790580897.0,1778.1,1772.0,1780.0,1763.7,2858896.0,1785.4,-7.4000244,-0.4144511,1740.5,2174.5,2174.5,9.305481,1898.06,-120.06006,-0.06325409,1905.3625,-127.36255,-0.06684426,37.5,0.021545533,-396.5,-0.18234077,1740.5 - 2174.5,6222967.0,5825804.0,6222967.0,3334600476.0,6238658094.0,6238008259.0,0.53145003,0.36726,584093007872.0,93.662,2014801952768.0,2200493096960.0,373.884,0.08163,0.20151,1493162000384.0,0.351,0.184,0.67856,0.52137,0.32573003,0.1314,259.479,6.8521924,12953068765184.0,37.157787,21.627705,47.85,82.20937,24.0,1.34,1784851200.0,0.3344,0.8,2:1,5.886,289146994688.0,1248393600.0,-0.004
2026-09-28T07:34:48.824317,ACE.NS,Action Construction Equipment Limited,Farm & Heavy Construction Machinery,Industrials,NSE,https://www.ace-cranes.com,Palwal,121102,143488122880.0,1790580891.0,1205.5,1226.4,1226.4,1197.5,130673.0,1226.6,-21.099976,-1.7197795,745.1,1268.0,1695.0,7.65,1123.38,82.119995,0.07310081,953.3738,252.12622,0.26445684,460.40002,0.6179037,-62.5,-0.04929022,745.1 - 1268.0,491079.0,431325.0,491079.0,37460829.0,119027888.0,119027888.0,0.66807,0.07295,6374600192.0,53.562,79000000.0,34140399616.0,286.889,,,11003199488.0,0.223,0.205,0.32229,0.15519,0.13842,0.12796,168.988,7.133642,139687608320.0,32.865322,25.59448,36.68,47.1,2.0,0.16,1788393600.0,0.0545,0.17,5:1,4.092,4368600064.0,1205366400.0,0.387
2026-09-28T07:34:48.824317,GMRAIRPORT.NS,GMR Airports Limited,Airports & Air Services,Industrials,NSE,https://www.gmraero.com,New Delhi,110 037,997084102656.0,1790580893.0,94.43,97.5,97.5,94.37,3020745.0,97.95,-3.5199966,-3.5951352,84.11,115.64,119.23731,8.784052,101.3004,-6.8703995,-0.06782204,99.66125,-5.231247,-0.052490283,10.32,0.12269647,-21.21,-0.18341404,84.11 - 115.64,15182109.0,13470965.0,15182109.0,2878280178.0,10558975952.0,10558975952.0,0.71444,0.17083,52835098624.0,5.223,432825204736.0,155661697024.0,15.251,,,89272696832.0,,0.237,0.5735,0.39745998,0.25013,0.030720001,-2.378,-39.70984,1380114628608.0,236.075,61.179142,0.4,1.5435,,,1410220800.0,0.0,,2:1,8.866,4781199872.0,1254355200.0,0.549
2026-09-28T07:34:48.824317,INOXWIND.NS,Inox Wind Limited,Specialty Industrial Machinery,Industrials,NSE,https://inoxwind.com,Noida,201301,125988536320.0,1790580888.0,72.9,74.81,74.83,72.88,3878076.0,74.75,-1.8499985,-2.4749143,68.0,159.3,261.9,4.0,75.3642,-2.4641953,-0.03269716,90.9842,-18.084198,-0.19876195,4.9000015,0.07205885,-86.4,-0.5423729,68.0 - 159.3,11913044.0,10059058.0,11913044.0,337289730.0,1728237822.0,1728237822.0,0.47226003,0.21070999,6117199872.0,5.144,15869500416.0,43849699328.0,31.668,,,16385899520.0,-0.383,-0.015,0.37368,0.19539,0.11532,0.078260005,42.664,1.7087005,111744294912.0,35.560978,15.1875,2.05,4.8,,,,0.0,,4:1,2.548,3431800064.0,1716508800.0,0.447
2026-09-28T07:34:48.824317,KEI.NS,KEI Industries Limited,Electrical Equipment & Parts,Industrials,NSE,https://www.kei-ind.com,New Delhi,110020,435938689024.0,1790580892.0,4560.0,4653.0,4668.5,4553.0,130725.0,4673.5,-113.5,-2.4285867,3728.7,5899.0,5899.0,6.7,5136.942,-576.9419,-0.112312324,4835.1133,-275.11328,-0.056899033,831.30005,0.22294635,-1339.0,-0.22698763,3728.7 - 5899.0,501220.0,338743.0,501220.0,61935758.0,95600595.0,95600595.0,0.35994,0.4362,15126429696.0,158.25,2530240000.0,123427913728.0,1291.172,,,29467799552.0,0.4,0.23,0.23875,0.11071,0.1153,0.08076,697.176,6.5406723,434123931648.0,43.753597,31.0795,104.22,146.7205,4.5,0.1,1769558400.0,0.0432,0.14,5:1,3.517,9968260096.0,1167350400.0,0.54
2026-09-28T07:34:48.824317,SHRIRAMFIN.NS,Shriram Finance Limited,Credit Services,Financial Services,NSE,https://shriramfinance.in,Mumbai,400051,2286689189888.0,1790580890.0,971.8,990.0,991.3,970.0,2572448.0,994.1,-22.299988,-2.243234,603.15,1153.7,1153.7,2.01691,1064.096,-92.29596,-0.0867365,1010.1615,-38.36151,-0.03797562,368.64996,0.6112077,-181.89996,-0.15766661,603.15 - 1153.7,4736366.0,4220162.0,4736366.0,1767008667.0,2353045034.0,2353045034.0,0.22171,0.59389997,104298799104.0,44.332,1820772663296.0,226304098304.0,113.628,,0.18495001,219087994880.0,0.295,0.428,0.96810997,0.0,0.68518996,0.50009996,350.339,2.7738848,4055279599616.0,17.15143,13.264381,56.66,73.26388,13.8,1.39,1783036800.0,0.24370001,1.59,5:1,17.92,113180303360.0,1736467200.0,0.606
2026-09-28T07:34:48.824317,ONGC.NS,Oil and Natural Gas Corporation Limited,Oil & Gas Integrated,Energy,NSE,https://www.ongcindia.com,New Delhi,110070,2921140846592.0,1790580896.0,232.2,235.85,235.85,230.8,6212836.0,235.86,-3.6600037,-1.5517695,227.65,307.5,345.0,10.566666,238.1936,-5.9936066,-0.025162753,258.4872,-26.287216,-0.10169639,4.550003,0.019986836,-75.3,-0.24487805,227.65 - 307.5,12419135.0,9132305.0,12419135.0,3873189762.0,12580279206.0,12580279206.0,0.69209,0.22464001,352858701824.0,28.053,1743164932096.0,7041283260416.0,559.823,,,2487933468672.0,0.214,0.257,0.35334,0.14892,0.02931,0.06181,295.5,0.7857868,4736243728384.0,6.710983,5.576369,34.6,41.64,14.5,6.15,1788480000.0,0.39020002,5.32,3:2,0.673,435192397824.0,1481760000.0,0.097
2026-09-28T07:34:48.824317,GLAND.NS,Gland Pharma Limited,Drug Manufacturers - Specialty & Generic,Healthcare,NSE,https://www.glandpharma.com,Hyderabad,502307,479505022976.0,1790580888.0,2905.9,2910.0,2928.0,2884.2,58808.0,2917.2,-11.300049,-0.38738596,1573.6,3042.0,4350.0,861.0,2776.58,129.31982,0.04657522,2137.182,768.718,0.3596877,1332.2999,0.84665734,-136.1001,-0.044740334,1573.6 - 3042.0,681573.0,381454.0,681573.0,89352351.0,165010854.0,165010854.0,0.51752,0.33130002,33591060480.0,203.883,2835899904.0,67252989952.0,408.145,,,39784689664.0,0.469,0.196,0.59157,0.2558,0.21003,0.16784,628.683,4.6222024,449872265216.0,42.390953,30.137348,68.55,96.42188,20.0,0.69,1786406400.0,0.2631,,,6.689,11287929856.0,,0.587
2026-09-28T07:34:48.824317,NSLNISP.NS,NMDC Steel Limited,Steel,Basic Materials,NSE,https://www.nsltd.in,Hyderabad,500 028,124052553728.0,1790580891.0,42.33,42.89,43.11,41.99,4803015.0,42.17,0.16000366,0.3793354,33.01,53.75,73.7,29.75,43.2276,-0.89759827,-0.020764472,42.3321,-0.0020980835,-4.956247e-05,9.3200035,0.2823388,-11.419998,-0.21246508,33.01 - 53.75,6414350.0,4201362.0,6414350.0,1031148358.0,2930605850.0,2930605850.0,0.60793996,0.17072001,7999799808.0,3.009,46131798016.0,139384307712.0,48.22,,,48059101184.0,1.111,0.088,0.3448,0.111090004,0.04299,0.006,45.041,0.93981045,150237609984.0,151.17857,,0.28,,,,,0.0,,,1.078,836700032.0,,0.69
2026-09-28T07:34:48.824317,BEL.NS,Bharat Electronics Limited,Aerospace & Defense,Industrials,NSE,https://www.bel-india.in,Bengaluru,560045,2829249937408.0,1790580898.0,387.05,393.45,393.45,384.1,7042568.0,393.55,-6.5,-1.6516327,380.45,473.45,473.45,1.363636,402.538,-15.488007,-0.038475886,419.67325,-32.62326,-0.0777349,6.5999756,0.017347813,-86.400024,-0.18249027,380.45 - 473.45,10983112.0,9273587.0,10983112.0,3488821344.0,7309778829.0,7309778829.0,0.53424,0.28922,85720301568.0,11.727,654600000.0,287173509120.0,39.233,,,137393102848.0,0.083,0.249,0.47842997,0.28514,0.22135,0.21403,32.817,11.794191,2791894417408.0,46.187347,34.436188,8.38,11.23963,2.5,0.64,1786579200.0,0.3393,1.15,3:1,9.722,61464301568.0,1663200000.0,0.284
2026-09-28T07:34:48.824317,GRANULES.NS,Granules India Limited,Drug Manufacturers - Specialty & Generic,Healthcare,NSE,https://www.granulesindia.com,Hyderabad,500084,232653930496.0,1790580893.0,852.9,870.0,872.15,852.65,248767.0,868.65,-15.75,-1.8131583,510.9,923.65,923.65,2.525,855.918,-3.0180054,-0.0035260448,717.171,135.729,0.18925612,342.00003,0.669407,-70.75,-0.07659828,510.9 - 923.65,1140243.0,1048091.0,1140243.0,167580102.0,272779827.0,272779827.0,0.29406,0.18506001,9343949824.0,37.708,15120409600.0,56323100672.0,230.414,,,34922541056.0,0.534,0.22,0.62004,0.22511,0.17556,0.1176,205.208,4.156271,221025255424.0,31.671,21.475897,26.93,39.71429,1.75,0.2,1785369600.0,0.0557,0.34,10:1,3.924,6623479808.0,1427068800.0,0.134
2026-09-28T07:34:48.824317,SBICARD.NS,SBI Cards and Payment Services Limited,Credit Services,Financial Services,NSE,https://www.sbicard.com,Gurugram,122002,563658620928.0,1790580892.0,592.3,608.55,610.0,592.0,752199.0,611.2,-18.900024,-3.0922813,565.45,965.0,1165.0,495.0,645.679,-53.37903,-0.08267115,687.3625,-95.0625,-0.13830039,26.849976,0.04748426,-372.7,-0.38621762,565.45 - 965.0,2129311.0,1410631.0,2129311.0,299074153.0,951643783.0,951643783.0,0.6858,0.25089002,23197800448.0,24.369,440637292544.0,125014499328.0,131.38,,,30817200128.0,0.195,0.234,0.24650998,0.0,0.26674,0.18199,165.178,3.5858288,999252885504.0,24.782427,16.662052,23.9,35.54784,2.5,0.41,1773187200.0,0.1046,,,7.993,22751899648.0,,0.243
2026-09-28T07:34:48.824317,GODREJAGRO.NS,Godrej Agrovet Limited,Packaged Foods,Consumer Defensive,NSE,https://www.godrejagrovet.com,Mumbai,400079,124682584064.0,1790580898.0,648.0,659.55,662.5,646.6,62809.0,657.8,-9.799988,-1.4903791,506.1,727.0,876.7,265.05,608.33,39.669983,0.06521129,584.0142,63.98578,0.109562024,141.9,0.28037935,-79.0,-0.10866575,506.1 - 727.0,445061.0,226004.0,445061.0,42121973.0,192411390.0,192411390.0,0.727,0.100159995,3087099904.0,16.051,15740800000.0,104788901888.0,544.732,,,25970900992.0,-0.163,0.096,0.24784,0.079239994,0.06434,0.042630002,105.656,6.1331115,140483510272.0,27.906977,19.042261,23.22,34.02957,11.0,1.67,1785283200.0,0.4739,1.71,,1.341,4467599872.0,,0.316
2026-09-28T07:34:48.824317,NESTLEIND.NS,Nestlé India Limited,Packaged Foods,Consumer Defensive,NSE,https://www.nestle.in,Gurugram,122002,2604960055296.0,1790580896.0,1350.9,1350.0,1356.8,1343.9,391754.0,1362.6,-11.699951,-0.858649,1145.0,1553.0,1553.0,114.75,1448.864,-97.96399,-0.06761435,1363.317,-12.416992,-0.009107927,205.90002,0.17982535,-202.09998,-0.13013521,1145.0 - 1553.0,1850547.0,1209416.0,1850547.0,702369208.0,1928314320.0,1928314320.0,0.62765,0.17302999,13205699584.0,6.848,4445599744.0,243950305280.0,126.558,,,134500999168.0,0.481,0.252,0.55135,0.22972,0.21170999,0.15623,26.743,50.514153,2618760888320.0,68.36539,54.41466,19.76,24.82603,12.0,0.88,1783641600.0,0.3541,1.11,2:1,10.735,38111698944.0,1754611200.0,0.419
2026-09-28T07:34:48.824317,ICICIGI.NS,ICICI Lombard General Insurance Company Limited,Insurance - Diversified,Financial Services,NSE,https://www.icicilombard.com,Mumbai,400025,774103171072.0,1790580894.0,1549.4,1544.0,1550.5,1526.2,189074.0,1553.7,-4.2999268,-0.27664718,1423.1,2064.9,2301.9,638.65,1578.676,-29.276001,-0.018544653,1766.71,-217.30994,-0.12300261,126.30005,0.088749945,-515.4999,-0.24964884,1423.1 - 2064.9,1125163.0,1052944.0,1125163.0,243354011.0,499614796.0,499614796.0,0.02498,0.83553004,7762599936.0,15.557,0.0,277058486272.0,556.313,0.026500002,0.1463,59684900864.0,-0.462,0.109,0.21542,0.11679,0.07438,0.08764,341.461,4.537561,767491375104.0,32.0654,22.38999,48.32,69.20057,14.0,0.9,1780012800.0,0.2792,0.69,,2.77,24280299520.0,,0.445
2026-09-28T07:34:48.824317,CERA.NS,Cera Sanitaryware Limited,Building Products & Equipment,Industrials,NSE,https://www.cera-india.com,Ahmedabad,380059,67053875200.0,1790580898.0,5200.0,5300.0,5323.0,5165.0,13876.0,5396.5,-196.5,-3.641249,4461.1,6740.0,10789.95,26.725,5849.66,-649.66016,-0.11105947,5491.79,-291.79004,-0.053132046,738.8999,0.16563177,-1540.0,-0.22848664,4461.1 - 6740.0,9607.0,8269.0,9607.0,4153266.0,12894976.0,12894976.0,0.57015,0.26264998,8458804224.0,655.846,466985984.0,21307930624.0,1652.077,,,10181703680.0,-0.027,0.151,0.47784,0.120220006,0.081879996,0.095249996,1141.565,4.5551505,61609762816.0,32.99911,22.214087,157.58,234.08571,75.0,1.39,1783382400.0,0.4766,0.7,2:1,2.891,2029619968.0,1283385600.0,-0.119
2026-09-28T07:34:48.824317,BEML.NS,BEML Limited,Conglomerates,Industrials,NSE,https://www.bemlindia.in,Bengaluru,560027,164762288128.0,1790580891.0,1978.2,2030.0,2035.0,1977.0,111122.0,2036.5,-58.30005,-2.8614924,1355.0,2275.75,2744.0,18.54929,1919.578,58.62195,0.030538976,1781.0236,197.17639,0.11070959,623.19995,0.45992616,-297.55005,-0.13074812,1355.0 - 2275.75,408060.0,375278.0,408060.0,37817304.0,83289000.0,83289000.0,0.54218,0.22264,370900000.0,4.49,3088399872.0,45361598464.0,484.931,,,21252599808.0,,0.293,0.46852002,0.077410005,-0.02615,0.03934,352.246,5.6159616,170924146688.0,94.87769,27.304348,20.85,72.45,17.68,0.87,1790035200.0,0.2517,0.51,2:1,3.768,1784600064.0,1762128000.0,0.685
2026-09-28T07:34:48.824317,APARINDS.NS,APAR Industries Limited,Electrical Equipment & Parts,Industrials,NSE,https://apar.com,Mumbai,400071,722465259520.0,1790580897.0,17254.0,17750.0,17770.0,17201.0,77382.0,17776.0,-522.0,-2.936709,6801.0,19265.0,19265.0,33.109177,16508.3,745.6992,0.045171168,12524.38,4729.62,0.37763306,10453.0,1.5369799,-2011.0,-0.104386196,6801.0 - 19265.0,155745.0,144415.0,155745.0,17343090.0,41872337.0,41872337.0,0.55689,0.28679,7761900032.0,193.23,9555099648.0,243890192384.0,6071.74,,,52651098112.0,0.774,0.291,0.21587999,0.08956,0.108009994,0.04844,1342.639,12.850811,715842453504.0,58.82714,45.880978,293.3,376.06,60.0,0.34,1789084800.0,0.17379999,0.75,4:3,2.935,11814700032.0,1168473600.0,0.178
2026-09-28T07:34:48.824317,GUJGASLTD.NS,,,,,,,,,,,,,,,,,,,,,,,,,,,,,,,,,,,,,,,,,,,,,,,,,,,,,,,,,,,,,,,,,,,,,,,
2026-09-28T07:34:48.824317,SARDAEN.NS,Sarda Energy & Minerals Limited,Steel,Basic Materials,NSE,https://www.seml.co.in,Raipur,493 111,173477298176.0,1790580886.0,492.3,494.05,495.05,485.1,155435.0,493.15,-0.8500061,-0.17217056,453.1,624.0,639.75,7.105,508.57,-16.27002,-0.0319917,521.89825,-29.598267,-0.056712713,39.19998,0.08651508,-131.70001,-0.21105771,453.1 - 624.0,764591.0,324652.0,764591.0,70538775.0,352381270.0,352381270.0,0.74848,0.03907,23797499904.0,67.511,26319200256.0,56653799424.0,160.736,,,28666499072.0,0.054,-0.015,0.50598997,0.3234,0.35115,0.19941,208.985,2.3556714,177419976704.0,15.360374,10.401436,32.05,47.33,2.0,0.41,1786665600.0,0.0468,1.6,10:1,3.132,11297500160.0,1691107200.0,0.527
2026-09-28T07:34:48.824317,KFINTECH.NS,KFin Technologies Limited,Software - Application,Technology,NSE,https://www.kfintech.com,Hyderabad,500032,152905351168.0,1790580895.0,884.5,888.8,890.0,874.05,227732.0,888.8,-4.299988,-0.48401487,784.95,1215.0,1641.35,272.0,927.422,-42.921997,-0.046280976,936.051,-51.551025,-0.05507288,99.54999,0.12682335,-330.5,-0.27201647,784.95 - 1215.0,1074095.0,504387.0,1074095.0,129253296.0,172872079.0,172872079.0,0.14502,0.68546,5569050112.0,32.28,554430016.0,14002230272.0,81.215,,,8244380160.0,-0.025,0.301,0.58879,0.35134998,0.26553,0.24400999,96.976,9.120813,148324761600.0,44.830208,31.79748,19.73,27.81667,12.0,1.35,1784073600.0,0.3807,,,10.593,3416689920.0,,-0.242
2026-09-28T07:34:48.824317,PVRINOX.NS,PVR INOX Limited,Entertainment,Communication Services,NSE,https://www.pvrcinemas.com,Gurugram,122002,120393154560.0,1790580872.0,1226.0,1252.0,1257.4,1219.8,250639.0,1254.6,-28.599976,-2.2796092,907.4,1357.8,2214.85,57.148746,1190.619,35.38098,0.02971646,1044.2882,181.71179,0.1740054,318.59998,0.35111302,-131.80005,-0.097068824,907.4 - 1357.8,521809.0,511386.0,521809.0,71171330.0,98199962.0,98199962.0,0.28972,0.4367,5916000256.0,60.207,67790999552.0,68188000256.0,693.672,,,45661999104.0,,0.104,0.66964996,0.35536,0.13192001,0.0652,750.517,1.6335405,185153093632.0,43.047752,20.922373,28.48,58.59756,,,1583366400.0,0.0,0.2,,2.715,2808000000.0,,0.327
2026-09-28T07:34:48.824317,DEEPAKFERT.NS,Deepak Fertilisers And Petrochemicals Corporation Limited,Chemicals,Basic Materials,NSE,https://www.dfpcl.com,Pune,411036,170567925760.0,1790580889.0,1349.8,1367.0,1367.0,1336.0,67399.0,1363.8,-14.0,-1.0265435,866.4,1681.0,1778.6,8.241688,1460.22,-110.41992,-0.07561869,1286.547,63.25305,0.049164977,483.40002,0.5579409,-331.19995,-0.19702555,866.4 - 1681.0,330467.0,222832.0,330467.0,65313420.0,126365329.0,126237825.0,0.47094002,0.19002001,6623699968.0,52.472,56702799872.0,121035399168.0,958.804,,,39479799808.0,1.016,0.225,0.32618,0.16792999,0.22732,0.08131,542.105,2.4899237,228430987264.0,17.30291,10.812818,78.01,124.83333,10.0,0.73,1787616000.0,0.1283,1.17,,1.887,9841200128.0,,0.049
2026-09-28T07:34:48.824317,POLICYBZR.NS,PB Fintech Limited,Insurance Brokers,Financial Services,NSE,https://www.pbfintech.in,Gurugram,122001,534880616448.0,1790580898.0,1158.0,1180.0,1213.5,1157.1,7417694.0,1166.0,-8.5,-0.72867554,1115.0,1964.2,2246.9,356.2,1705.348,-547.848,-0.3212529,1633.935,-476.43506,-0.2915875,42.5,0.038116593,-806.69995,-0.41070154,1115.0 - 1964.2,2873071.0,9315524.0,2873071.0,375514516.0,462099887.0,462099887.0,0.24434,0.59445,25516500992.0,55.297,3601499904.0,73343098880.0,159.254,,,47125299200.0,0.923,0.401,0.64252996,0.08542,0.05251,0.102019995,158.215,7.3159943,516186898432.0,71.939095,34.932396,16.09,33.13543,,,,0.0,,,7.038,7482399744.0,,0.397
2026-09-28T07:34:48.824317,ZENTEC.NS,Zen Technologies Limited,Aerospace & Defense,Industrials,NSE,https://www.zentechnologies.com,Hyderabad,500018,148036599808.0,1790580891.0,1645.9,1675.0,1678.4,1638.2,124721.0,1682.4,-36.5,-2.1700356,1223.0,2043.7,2627.0,21.3,1764.304,-118.40393,-0.067110844,1583.4805,62.419556,0.039419215,422.90002,0.34578907,-397.79993,-0.19464694,1223.0 - 2043.7,485350.0,267409.0,485350.0,45186596.0,89942636.0,89942636.0,0.4991,0.11578,3547316992.0,39.452,185174000.0,6711096832.0,74.639,,,4673268224.0,-0.279,-0.105,0.69635004,0.33203,0.21792,0.26845,199.841,8.236048,148510457856.0,82.21278,31.422298,20.02,52.38,1.0,0.06,1787270400.0,0.0998,0.06,,22.129,1801602944.0,,0.071
2026-09-28T07:34:48.824317,PTCIL.NS,PTC Industries Limited,Metal Fabrication,Industrials,NSE,https://www.ptcil.com,Lucknow,227101,324663640064.0,1790580862.0,21655.0,21820.0,22040.0,21510.0,5107.0,21810.0,-155.0,-0.71149874,14499.0,24125.0,24125.0,2950.0,20560.4,1094.5996,0.053238243,18113.756,3541.2441,0.19550027,7156.0,0.49355128,-2470.0,-0.10238342,14499.0 - 24125.0,29316.0,18280.0,29316.0,4924225.0,14992549.0,14992549.0,0.66765,0.09146,2133369984.0,142.285,2613419008.0,6974279168.0,465.274,,,5760107008.0,4.657,0.974,0.82591003,0.24555999,0.18277,0.18008,1005.23,21.542334,327492239360.0,261.28137,55.919468,82.88,387.25333,,,,0.0,,,46.957,1255958016.0,,0.316
2026-09-28T07:34:48.824317,INDUSTOWER.NS,Indus Towers Limited,Telecom Services,Communication Services,NSE,https://www.industowers.com,Gurugram,122002,971940954112.0,1790580893.0,368.55,373.5,374.25,366.4,1888531.0,374.65,-6.100006,-1.628188,337.8,481.5,499.65,120.05,381.984,-13.434021,-0.035169065,415.05325,-46.503265,-0.11204168,30.75,0.091030195,-112.95001,-0.23457946,337.8 - 481.5,5334243.0,3610292.0,5334243.0,1284080290.0,2637202542.0,2637202542.0,0.51313996,0.33433,73557999616.0,27.892,214324002816.0,328665989120.0,124.549,0.09729,0.18912001,183862001664.0,0.006,0.046,0.55942,0.45716998,0.31208,0.21776,156.921,2.3486338,1128793899008.0,13.589601,12.061287,27.12,30.55644,14.0,3.74,1786320000.0,0.0,5.97,,3.434,71570997248.0,,0.046
2026-09-28T07:34:48.824317,DIVISLAB.NS,Divi's Laboratories Limited,Drug Manufacturers - Specialty & Generic,Healthcare,NSE,https://www.divislabs.com,Hyderabad,500032,2526729994240.0,1790580900.0,9518.0,9600.0,9655.0,9510.0,209321.0,9619.5,-101.5,-1.0551484,5636.5,9740.0,9740.0,7.75,8684.37,833.6299,0.09599198,6988.565,2529.435,0.36193913,3881.5,0.68863654,-222.0,-0.022792608,5636.5 - 9740.0,495711.0,518196.0,495711.0,117281364.0,265468580.0,265468580.0,0.52008,0.30266002,32330000384.0,121.785,70000000.0,112299999232.0,423.145,,,68769996800.0,0.657,0.278,0.61237997,0.35312,0.36655998,0.26046,631.374,15.075058,2521415024640.0,86.042305,63.25346,110.62,150.47398,30.0,0.31,1784851200.0,0.2722,0.62,2:1,22.452,29250000896.0,1442966400.0,0.245
2026-09-28T07:34:48.824317,BASF.NS,BASF India Limited,Specialty Chemicals,Basic Materials,NSE,https://www.basf.com/in,Mumbai,400079,152058118144.0,1790580737.0,3512.9,3539.8,3580.0,3482.1,11988.0,3539.8,-26.900146,-0.75993407,3122.2,4829.9,8750.0,89.0,3800.01,-287.1101,-0.07555509,3651.8755,-138.97559,-0.03805595,390.69995,0.1251361,-1317.0,-0.27267647,3122.2 - 4829.9,39563.0,21946.0,39563.0,10645670.0,43285640.0,43285640.0,0.73817,0.0937,8699700224.0,200.984,1325699968.0,160269402112.0,3702.658,,,27222499328.0,1.622,0.245,0.16985,0.05766,0.09601,0.040120002,914.266,3.842317,145848516608.0,24.626009,20.18908,142.65,174.0,25.0,0.71,1785369600.0,0.1402,0.31,,0.91,6173100032.0,,0.383
2026-09-28T07:34:48.824317,LLOYDSME.NS,Lloyds Metals and Energy Limited,Steel,Basic Materials,NSE,https://lloyds.in,Mumbai,400013,1026141192192.0,1790580897.0,1823.5,1834.9,1834.9,1807.0,134865.0,1838.0,-14.5,-0.7889439,1042.9,2125.0,2125.0,492.0,1896.506,-73.00598,-0.038494993,1583.495,240.005,0.15156664,780.6,0.74848974,-301.5,-0.14188236,1042.9 - 2125.0,490694.0,387489.0,490694.0,124201041.0,562731642.0,562731642.0,0.77711,0.03095,28079900672.0,49.895,207163604992.0,221068001280.0,409.231,,,120364097536.0,1.693,2.086,0.54447,0.3635,0.34264,0.21511999,246.469,7.3984966,1217434353664.0,21.290134,12.693164,85.65,143.66,1.0,0.05,1781222400.0,0.0117,,,5.507,47555801088.0,,0.077
2026-09-28T07:34:48.824317,SUNDRMFAST.NS,Sundram Fasteners Limited,Auto Parts,Consumer Cyclical,NSE,https://www.sundram.com,Chennai,600004,245997273088.0,1790580897.0,1170.7,1178.9,1182.9,1160.7,48289.0,1178.9,-8.200073,-0.6955108,730.1,1347.2,1505.95,13.0,1146.351,24.348999,0.021240441,943.5792,227.12073,0.24070129,440.59998,0.60347897,-176.5,-0.13101247,730.1 - 1347.2,211731.0,195392.0,211731.0,95307925.0,210128371.0,210128370.0,0.4955,0.29244,1240499968.0,5.904,6245700096.0,66014998528.0,314.129,,,38180900864.0,0.135,0.204,0.57837003,0.15668,0.12101,0.09259,203.449,5.754267,252952641536.0,40.202606,28.108042,29.12,41.65,8.5,0.72,1778198400.0,0.2751,0.72,2:1,3.832,6112200192.0,1167868800.0,0.21
2026-09-28T07:34:48.824317,GESHIP.NS,The Great Eastern Shipping Company Limited,Marine Shipping,Industrials,NSE,https://greatship.com,Mumbai,400018,216212946944.0,1790580900.0,1533.8,1515.0,1567.9,1490.1,2716208.0,1497.2,36.600098,2.4445698,971.1,1798.0,1798.0,18.503006,1373.046,160.75403,0.1170784,1368.171,165.62903,0.12105872,562.7001,0.5794461,-264.19995,-0.14694102,971.1 - 1798.0,835909.0,747379.0,835909.0,98833423.0,140965539.0,140965539.0,0.30766,0.2752,83052396544.0,581.733,10871499776.0,62129799168.0,435.178,,,41423298560.0,1.594,0.669,0.66672,0.56858003,0.54431,0.60307,1188.123,1.2909437,141570097152.0,5.857329,7.608387,261.86,201.59332,57.6,3.85,1786060800.0,0.134,3.07,4:5,2.279,37468598272.0,1160956800.0,0.416
2026-09-28T07:34:48.824317,NTPCGREEN.NS,NTPC Green Energy Limited,Utilities - Renewable,Utilities,NSE,https://www.ngel.in,New Delhi,110003,769071054848.0,1790580896.0,91.27,93.01,93.38,91.2,861629.0,93.47,-2.2000046,-2.3524427,84.0,119.95,155.35,84.0,90.9822,0.28779602,0.0031632124,95.46395,-4.1939545,-0.043932337,7.2699966,0.086547576,-28.68,-0.23909964,84.0 - 119.95,4681380.0,4071014.0,4681380.0,930862811.0,8426329669.0,8426329669.0,0.89007,0.061529998,6175000064.0,0.729,317161406464.0,32850700288.0,3.899,,,32850700288.0,0.385,0.627,1.0,0.86816,0.58362997,0.18476,22.136,4.1231475,1104709943296.0,126.76388,33.449753,0.72,2.72857,,,,0.0,,,33.628,6069600256.0,,
2026-09-28T07:34:48.824317,SWANCORP.NS,Swan Corp Limited,Conglomerates,Industrials,NSE,https://www.swan.co.in,Mumbai,400001,91059224576.0,1790580882.0,290.5,293.0,294.7,290.1,342109.0,294.85,-4.350006,-1.4753284,273.65,493.6,809.8,49.5,300.735,-10.234985,-0.03403324,345.1855,-54.685486,-0.15842348,16.850006,0.06157503,-203.1,-0.41146678,273.65 - 493.6,1813895.0,1202561.0,1813895.0,143582061.0,313456886.0,313456886.0,0.55617,0.18275,12897659904.0,41.147,22583410688.0,41717592064.0,127.914,,,599286016.0,,-0.164,0.01437,-0.05975,-0.03392,0.053590003,240.428,1.208262,118691815424.0,41.205673,,7.05,,0.15,0.05,1787875200.0,0.014199999,0.03,2:1,2.845,2235808000.0,1391385600.0,-0.134
2026-09-28T07:34:48.824317,VGUARD.NS,V-Guard Industries Limited,Electrical Equipment & Parts,Industrials,NSE,https://www.vguard.in,Kochi,682028,132465369088.0,1790580897.0,303.2,306.85,306.85,298.8,207066.0,304.35,-1.1499939,-0.37785244,288.8,384.0,577.45,2.571428,322.117,-18.916992,-0.058727082,319.5515,-16.351501,-0.05117016,14.400024,0.049861584,-80.79999,-0.21041663,288.8 - 384.0,1214721.0,353154.0,1214721.0,210967507.0,436891055.0,436891055.0,0.55568004,0.30808002,2396100096.0,5.486,1652600064.0,63103500288.0,143.805,,,22322300928.0,0.762,0.235,0.35374,0.087790005,0.09019,0.057800002,54.328,5.5809164,132197744640.0,36.61836,27.214354,8.28,11.14118,1.5,0.49,1785456000.0,0.18090001,0.45,7:5,2.095,3647300096.0,1489536000.0,-0.006
2026-09-28T07:34:48.824317,CRISIL.NS,CRISIL Limited,Financial Data & Stock Exchanges,Financial Services,NSE,https://www.crisil.com,Mumbai,400072,337275650048.0,1790580890.0,4612.0,4500.5,4624.3,4450.0,35926.0,4520.0,92.0,2.0368853,3686.0,5064.9,6950.0,23.9,4544.02,67.97998,0.014960317,4320.329,291.6709,0.06751127,926.0,0.25122082,-452.8999,-0.08941932,3686.0 - 5064.9,63565.0,47961.0,63565.0,20557850.0,73130017.0,73130017.0,0.71884,0.15587,9163100160.0,125.302,3346599936.0,41258598400.0,564.187,0.14866,0.29052,19393200128.0,0.262,0.276,0.47004002,0.28408,0.24679,0.21434,447.345,10.309716,324723769344.0,38.07165,30.64055,121.14,150.51949,40.0,0.88,1785110400.0,0.5127,1.24,10:1,7.87,8843200512.0,1317168000.0,0.181
2026-09-28T07:34:48.824317,BSOFT.NS,Birlasoft Limited,Information Technology Services,Technology,NSE,https://www.birlasoft.com,Pune,411057,76679225344.0,1790580900.0,274.2,274.55,275.9,272.25,448653.0,274.05,0.15002441,0.054713503,270.2,474.0,861.85,2.147738,295.954,-21.753998,-0.07350466,348.35025,-74.15024,-0.21286117,4.0,0.014803848,-199.79999,-0.42151895,270.2 - 474.0,1921948.0,1732105.0,1921948.0,165627041.0,279647056.0,279647056.0,0.40948,0.27171,24427440128.0,87.395,1407410048.0,54044561408.0,192.979,,,21353590784.0,0.508,0.074,0.39511,0.16444,0.14749,0.10601,147.155,1.8633415,53578670080.0,13.428012,11.3138275,20.42,24.23583,6.5,2.37,1783641600.0,0.3183,1.32,2:1,0.991,5729200128.0,1331596800.0,0.369
2026-09-28T07:34:48.824317,GAIL.NS,GAIL (India) Limited,Utilities - Regulated Gas,Utilities,NSE,https://www.gailonline.com,New Delhi,110066,1132294438912.0,1790580898.0,172.21,172.7,174.71,171.0,8268439.0,172.7,-0.48999023,-0.28375623,134.36,186.87,246.3,5.375002,173.8944,-1.6843872,-0.009686265,165.5847,6.625305,0.040011577,37.850006,0.28170592,-14.659988,-0.0784502,134.36 - 186.87,8122535.0,5386100.0,8122535.0,2694869638.0,6575079643.0,6575079643.0,0.63735,0.27872,21266599936.0,3.236,248314904576.0,1474846523392.0,224.354,,,276568113152.0,0.972,0.167,0.18752001,0.1027,0.14834,0.06698,135.549,1.2704631,1364268417024.0,11.46538,9.362715,15.02,18.39317,5.5,3.18,1788307200.0,0.3992,3.93,3:2,0.925,98786304000.0,1662422400.0,0.507
2026-09-28T07:34:48.824317,ELECON.NS,Elecon Engineering Company Limited,Specialty Industrial Machinery,Industrials,NSE,https://www.elecon.com,Vallabh Vidya Nagar,388120,107487567872.0,1790580898.0,479.0,458.5,489.5,452.25,5357426.0,458.25,20.75,4.5261207,352.0,626.0,739.1,8.1,430.552,48.447998,0.112525314,453.09076,25.90924,0.057183336,127.0,0.36079547,-147.0,-0.23482428,352.0 - 626.0,1050110.0,3859406.0,1050110.0,82305406.0,224399930.0,224399930.0,0.63161,0.11396,8400399872.0,37.435,2726500096.0,23960399872.0,106.812,,,10003699712.0,-0.598,0.061,0.41751,0.18566999,0.15245,0.09852,102.756,4.6615286,97157365760.0,45.44592,21.872147,10.54,21.9,2.0,0.44,1781222400.0,0.1901,0.3,2:1,4.055,2360600064.0,1721347200.0,0.519
2026-09-28T07:34:48.824317,NAVINFLUOR.NS,Navin Fluorine International Limited,Chemicals,Basic Materials,NSE,https://www.nfil.in,Mumbai,400069,432630005760.0,1790580896.0,8432.0,8582.5,8582.5,8426.0,23019.0,8584.5,-152.5,-1.7764575,4498.5,8949.5,8949.5,14.8,8225.25,206.75,0.025136014,6995.535,1436.4648,0.20534024,3933.5,0.8744026,-517.5,-0.05782446,4498.5 - 8949.5,196616.0,125298.0,196616.0,36201480.0,51308114.0,51300054.0,0.28594,0.41064999,13030500352.0,254.261,12754799616.0,36335800320.0,709.591,,,20620300288.0,1.009,0.441,0.56749,0.33792,0.30179,0.21733,775.549,10.872298,439667687424.0,54.568985,41.920856,154.52,201.14093,15.1,0.18,1781222400.0,0.0979,0.28,5:1,12.1,7896999936.0,1500422400.0,0.259
2026-09-28T07:34:48.824317,MAPMYINDIA.NS,C. E. Info Systems Limited,Software - Infrastructure,Technology,NSE,https://www.mapmyindia.com,New Delhi,110020,47417597952.0,1790580877.0,865.9,888.0,895.0,865.2,60608.0,881.9,-16.0,-1.8128258,795.0,1998.0,2747.85,795.0,1004.317,-138.41699,-0.13782202,1066.0496,-200.14954,-0.1877488,70.900024,0.08918242,-1132.1,-0.5666166,795.0 - 1998.0,588711.0,292321.0,588711.0,17238780.0,54761056.0,54761056.0,0.69431,0.13713999,3324999936.0,60.718,70400000.0,4922100224.0,89.598,,,3278899968.0,0.079,0.149,0.66616,0.33146998,0.33617002,0.28,165.254,5.239813,45041975296.0,34.456825,21.030605,25.13,41.17333,3.5,0.4,1785801600.0,0.1393,,,9.151,1378200064.0,,-0.0
2026-09-28T07:34:48.824317,GMDCLTD.NS,Gujarat Mineral Development Corporation Limited,Thermal Coal,Energy,NSE,https://www.gmdcltd.com,Ahmedabad,380052,166759202816.0,1790580898.0,524.4,535.15,535.2,523.1,467204.0,538.0,-13.599976,-2.5278766,466.4,771.9,771.9,6.7,568.176,-43.776,-0.07704655,595.87274,-71.47272,-0.11994628,58.00003,0.12435684,-247.5,-0.32063738,466.4 - 771.9,1126758.0,686370.0,1126758.0,82509893.0,318000000.0,318000000.0,0.74050003,0.02456,5401200128.0,16.987,3165100032.0,28274200576.0,88.904,,,25102800896.0,-0.002,0.238,0.88782996,0.16237,0.17395,0.33823,222.287,2.3591125,168824864768.0,17.450916,15.2886305,30.05,34.3,9.5,1.77,1790121600.0,0.3359,2.19,2:1,5.971,9563299840.0,1224115200.0,0.34
2026-09-28T07:34:48.824317,PFIZER.NS,Pfizer Limited,Drug Manufacturers - General,Healthcare,NSE,https://www.pfizerltd.co.in,Mumbai,400 051,181847228416.0,1790580902.0,3975.0,4001.0,4028.9,3952.0,11355.0,4000.8,-25.800049,-0.64487225,3952.0,5578.5,6451.15,299.05,4580.75,-605.75,-0.13223816,4705.926,-730.9258,-0.1553203,23.0,0.005819838,-1603.5,-0.28744286,3952.0 - 5578.5,47129.0,23976.0,47129.0,15103614.0,45747732.0,45747732.0,0.66955,0.1585,30883899392.0,675.091,702300032.0,25697699840.0,561.726,,,16494799872.0,0.066,0.083,0.64188004,0.35269,0.35718,0.28608,918.712,4.3267097,152845926400.0,24.715538,19.423407,160.83,204.65,75.0,1.87,1784246400.0,0.2178,0.95,2:1,5.948,7351499776.0,961372800.0,0.117
2026-09-28T07:34:48.824317,VOLTAS.NS,Voltas Limited,"Furnishings, Fixtures & Appliances",Consumer Cyclical,NSE,https://www.voltas.com,Mumbai,400033,375885070336.0,1790580900.0,1136.0,1124.9,1144.5,1120.2,608339.0,1118.2,17.800049,1.5918485,1090.8,1582.5,1944.9,0.42,1230.158,-94.15796,-0.07654136,1335.452,-199.45203,-0.1493517,45.19995,0.041437432,-446.5,-0.2821485,1090.8 - 1582.5,797788.0,621010.0,797788.0,237667891.0,330884740.0,330884740.0,0.36942002,0.41904,12949300224.0,39.135,9924800512.0,149794193408.0,452.57,,,33298100224.0,0.52,0.187,0.22229,0.053439997,0.052249998,0.02999,192.702,5.895113,367199223808.0,83.96157,35.76924,13.53,31.75913,4.0,0.36,1781222400.0,0.29479998,0.47,10:1,2.451,4491800064.0,1158883200.0,0.12
2026-09-28T07:34:48.824317,COROMANDEL.NS,Coromandel International Limited,Agricultural Inputs,Basic Materials,NSE,https://www.coromandel.biz,Chennai,600032,559510257664.0,1790580897.0,1899.6,1942.5,1954.0,1896.4,37672.0,1963.9,-64.30005,-3.2740998,1706.5,2499.0,2718.9,9.5,1998.638,-99.037964,-0.049552727,2060.5056,-160.90564,-0.07809037,193.09998,0.113155566,-599.4,-0.23985595,1706.5 - 2499.0,166384.0,148112.0,166384.0,117918678.0,294541099.0,294541099.0,0.59559,0.26379,22944000000.0,77.91,15061900288.0,326020104192.0,1106.74,,,78207901696.0,-0.245,0.159,0.23989001,0.1005,0.067719996,0.05619,426.421,4.4547524,576229343232.0,30.609087,19.660072,62.06,96.62222,11.0,0.56,1784160000.0,0.24149999,0.92,2:1,1.767,18319599616.0,1293062400.0,0.127
2026-09-28T07:34:48.824317,BERGEPAINT.NS,Berger Paints India Limited,Specialty Chemicals,Basic Materials,NSE,https://www.bergerpaints.com,Kolkata,700156,533213085696.0,1790580895.0,457.3,458.0,458.85,451.2,153529.0,458.35,-1.0500183,-0.22908658,391.1,594.55,727.4583,1.488095,499.946,-42.646027,-0.085301265,488.2685,-30.968506,-0.06342515,66.19998,0.16926612,-137.25,-0.23084687,391.1 - 594.55,405215.0,508174.0,405215.0,115189418.0,1166002812.0,1166002812.0,0.75604,0.15556,12799399936.0,10.977,6351300096.0,122632396800.0,105.182,,,50143498240.0,0.285,0.12,0.40889,0.14864,0.14074,0.099209994,59.315,7.7096853,528126672896.0,43.760765,35.28536,10.45,12.96005,4.0,0.87,1785888000.0,0.3643,0.57,6:5,4.307,12165799936.0,1695340800.0,0.441
2026-09-28T07:34:48.824317,CAMPUS.NS,Campus Activewear Limited,Footwear & Accessories,Consumer Cyclical,NSE,https://www.campusactivewear.com,Gurugram,122016,64547328000.0,1790580886.0,211.16,209.94,211.65,207.4,154894.0,209.99,1.1699982,0.55751365,207.2,287.8,639.3,207.2,219.5148,-8.354797,-0.038060293,239.52596,-28.365952,-0.11842538,3.9600067,0.019112002,-76.639984,-0.266296,207.2 - 287.8,1380490.0,347228.0,1380490.0,85336902.0,305679721.0,305679721.0,0.72113997,0.17872,1287000064.0,4.211,2361600000.0,18160500736.0,59.455,,,9495900160.0,0.194,0.122,0.52289003,0.13897,0.083229996,0.08482,29.655,7.120553,65246117888.0,41.896828,30.851093,5.04,6.84449,1.5,0.71,1785456000.0,0.059499998,,,3.593,1540300032.0,,0.118
2026-09-28T07:34:48.824317,UNITDSPR.NS,United Spirits Limited,Beverages - Wineries & Distilleries,Consumer Defensive,NSE,https://www.diageoindia.com,Bengaluru,560001,1004231393280.0,1790580896.0,1414.3,1420.1,1420.1,1406.0,131581.0,1423.8,-9.5,-0.6673223,1210.8,1563.4,1700.0,6.63,1474.45,-60.149902,-0.04079481,1369.163,45.137085,0.03296692,203.5,0.16807069,-149.09998,-0.09536905,1210.8 - 1563.4,733302.0,466049.0,733302.0,269757148.0,710055403.0,710055403.0,0.59487,0.25118,31289999360.0,44.067,4129999872.0,126299996160.0,177.896,,,59179999232.0,0.112,-0.102,0.46857,0.16991,0.13164,0.14917,126.089,11.216681,983856906240.0,59.47435,46.354233,23.78,30.5107,17.0,1.19,1783468800.0,0.58849996,0.19,5:1,7.79,16890000384.0,1529020800.0,0.143
2026-09-28T07:34:48.824317,MPHASIS.NS,Mphasis Limited,Information Technology Services,Technology,NSE,https://www.mphasis.com,Bengaluru,560048,426151739392.0,1790580896.0,2233.3,2241.3,2245.6,2207.5,154955.0,2234.0,-0.6999512,-0.031331744,2013.0,2975.0,3659.75,43.75,2388.05,-154.75,-0.06480183,2393.115,-159.81494,-0.06678114,220.30005,0.10943867,-741.69995,-0.24931091,2013.0 - 2975.0,530445.0,392010.0,530445.0,131276569.0,190817050.0,190817050.0,0.31191,0.56773996,33588600832.0,175.976,27977879552.0,165312118784.0,867.439,0.09043,0.17743999,73482510336.0,0.107,0.175,0.44451,0.17132,0.14783,0.115559995,594.057,3.7594037,420792860672.0,22.315147,17.598299,100.08,126.90431,62.0,2.78,1783468800.0,0.56990004,2.03,2:1,2.545,19104049152.0,1131667200.0,0.489
2026-09-28T07:34:48.824317,JMFINANCIL.NS,JM Financial Limited,Capital Markets,Financial Services,NSE,https://www.jmfl.com,Mumbai,400025,120381652992.0,1790580888.0,125.79,126.6,127.83,125.74,1371040.0,127.68,-1.8899994,-1.4800309,112.0,182.5,199.8,11.35,126.5118,-0.72180176,-0.0057054106,129.53345,-3.7434464,-0.028899457,13.790001,0.12312501,-56.71,-0.31073973,112.0 - 182.5,2924395.0,2382380.0,2924395.0,385781075.0,957004936.0,957004936.0,0.24583,0.50009996,85386797056.0,89.273,116346298368.0,33693999104.0,35.222,,,29518899200.0,-0.357,-0.103,0.87609,0.0,0.47229,0.30868,111.436,1.1288095,160087605248.0,11.572217,8.386,10.87,15.0,1.75,1.37,1781222400.0,0.29930001,2.0,10:1,4.751,10400799744.0,1220832000.0,0.407
2026-09-28T07:34:48.824317,RAILTEL.NS,RailTel Corporation of India Limited,Telecom Services,Communication Services,NSE,https://www.railtel.in,New Delhi,110023,82946531328.0,1790580886.0,258.45,264.1,265.3,256.05,317040.0,260.15,-1.6999817,-0.6534621,245.0,400.8,617.8,84.0,277.77,-19.319977,-0.06955387,307.6067,-49.156677,-0.15980367,13.450012,0.05489801,-142.34998,-0.35516462,245.0 - 400.8,769295.0,584561.0,769295.0,86740023.0,320938407.0,320938407.0,0.72844005,0.02947,7636199936.0,23.793,637200000.0,42774798336.0,133.28,0.0509,0.16254,6896600064.0,0.252,0.276,0.16123,0.14321,0.10985,0.08096,70.469,3.66757,76493127680.0,23.997215,17.404041,10.77,14.85,3.25,1.25,1786579200.0,0.2644,1.34,,1.788,3463200000.0,,0.713
2026-09-28T07:34:48.824317,SUNDARMFIN.NS,Sundaram Finance Limited,Credit Services,Financial Services,NSE,https://sundaramfinance.in,Chennai,600002,485640667136.0,1790580901.0,4406.2,4508.0,4508.1,4388.9,12081.0,4508.0,-101.799805,-2.257252,4000.0,5642.0,5642.0,20.022917,4585.664,-179.46387,-0.03913585,4786.7017,-380.50146,-0.07949137,406.2002,0.10155005,-1235.7998,-0.21903577,4000.0 - 5642.0,60093.0,62481.0,60093.0,71472002.0,110217571.0,110217571.0,0.0,0.16469,24592799744.0,221.35,609390297088.0,48162701312.0,436.946,,,42940301312.0,0.338,0.268,0.89157,0.0,0.6055,0.4609,1340.516,3.2869434,1085653712896.0,21.865913,19.899738,201.51,221.42,40.0,0.89,1783296000.0,0.30290002,0.78,2:1,22.541,22198398976.0,1355356800.0,0.179
2026-09-28T07:34:48.824317,WELSPUNLIV.NS,Welspun Living Limited,Textile Manufacturing,Consumer Cyclical,NSE,https://www.welspunliving.com,Mumbai,400013,214056337408.0,1790580895.0,227.37,224.9,228.8,221.8,2420187.0,224.68,2.6900024,1.197686,107.1,233.0,233.0,1.135,185.8902,41.479797,0.22314139,147.4571,79.91289,0.54193985,120.27,1.1229692,-5.630005,-0.02416311,107.1 - 233.0,5424490.0,4934718.0,5424490.0,327128348.0,941445014.0,941445014.0,0.68975997,0.14969,10245999616.0,10.773,23147900928.0,99339902976.0,104.001,,,45321900032.0,0.837,0.237,0.45623,0.0915,0.084680006,0.02795,51.269,4.4348435,227194798080.0,78.40344,24.660519,2.9,9.22,0.1,0.04,1783641600.0,0.0,0.38,10:1,2.287,2776199936.0,1458518400.0,0.136
2026-09-28T07:34:48.824317,ITC.NS,ITC Limited,Tobacco,Consumer Defensive,NSE,https://www.itcportal.com,Kolkata,700071,3336250064896.0,1790580903.0,266.25,269.0,269.3,265.25,4640618.0,269.0,-2.75,-1.0223048,255.5,426.4,508.9007,3.990748,272.638,-6.3880005,-0.023430338,301.002,-34.752014,-0.11545442,10.75,0.042074364,-160.15,-0.3755863,255.5 - 426.4,14003088.0,10857616.0,14003088.0,9596319718.0,12530517081.0,12530517081.0,0.29488,0.52267,245109702656.0,19.563,23993600000.0,764879831040.0,61.069,,,445805002752.0,-0.16,-0.111,0.58284,0.33312,0.24867001,0.25937998,57.869,4.6009088,3152968155136.0,16.808712,15.834029,15.84,16.81505,16.0,5.95,1779840000.0,0.9154,3.64,3:2,4.122,198394003456.0,1467331200.0,-0.093
2026-09-28T07:34:48.824317,360ONE.NS,360 One Wam Limited,Asset Management,Financial Services,NSE,https://www.360.one,Mumbai,400013,427698061312.0,1790580904.0,1048.5,1067.0,1074.8,1045.1,358401.0,1073.0,-24.5,-2.2835305,906.05,1236.2,1318.0,180.0,1138.552,-90.052,-0.07909345,1104.8044,-56.304443,-0.050963268,142.45001,0.15722091,-187.69995,-0.15183625,906.05 - 1236.2,1105580.0,1015829.0,1105580.0,274437473.0,407914200.0,407914200.0,0.15199,0.66258,14815899648.0,36.442,159313100800.0,47703400448.0,117.646,,,34760998912.0,0.128,0.299,0.72869,0.6328,0.6107,0.26455998,242.533,4.323123,580731731968.0,34.90346,25.616213,30.04,40.93111,18.0,1.68,1777248000.0,0.3989,2.48,2:1,12.174,12620300288.0,1677715200.0,0.47
2026-09-28T07:34:48.824317,SCHAEFFLER.NS,Schaeffler India Limited,Auto Parts,Consumer Cyclical,NSE,https://www.schaeffler.co.in,Pune,411045,621572784128.0,1790580892.0,3976.7,4002.0,4009.9,3965.0,10897.0,4007.7,-31.0,-0.77383924,3518.4,4467.7,4951.0,8.4,4048.982,-72.28198,-0.017851891,4007.81,-31.110107,-0.0077623706,458.30005,0.13025808,-491.00024,-0.1099,3518.4 - 4467.7,61098.0,58928.0,61098.0,40252625.0,156303670.0,156303670.0,0.74297,0.18378,15066099712.0,96.192,481100000.0,105050398720.0,672.061,0.12267999,0.21645,40355299328.0,0.13,0.173,0.38415,0.18069,0.14774999,0.119320005,392.485,10.132107,613120999424.0,49.61572,39.510113,80.15,100.65018,35.0,0.87,1776902400.0,0.4364,0.69,5:1,5.836,12534700032.0,1644278400.0,0.111
2026-09-28T07:34:48.824317,ITCHOTELS.NS,ITC Hotels Limited,Resorts & Casinos,Consumer Cyclical,NSE,https://www.itchotels.com,Gurugram,122001,334540177408.0,1790580903.0,160.6,161.61,161.95,159.51,816676.0,161.9,-1.2999878,-0.8026103,137.3,237.63,261.62,137.3,162.2024,-1.6023865,-0.0098789325,167.6766,-7.076599,-0.042203855,23.300003,0.1697014,-77.03,-0.32415938,137.3 - 237.63,2280382.0,1857601.0,2280382.0,1082960213.0,2083064424.0,2083064424.0,0.46351,0.3151,15916999680.0,7.641,741900032.0,42598801408.0,20.477,,,26337599488.0,0.359,0.148,0.61827,0.34530997,0.20086999,0.20283002,55.967,2.8695483,322465660928.0,38.792274,27.486774,4.14,5.84281,1.0,0.62,1779321600.0,0.241,,,7.57,8640400384.0,,
2026-09-28T07:34:48.824317,OFSS.NS,Oracle Financial Services Software Limited,Software - Infrastructure,Technology,NSE,https://www.oracle.com/financial-services,Mumbai,400063,945144004608.0,1790580903.0,10851.0,10749.0,10910.0,10599.0,116577.0,10770.0,81.0,0.75208914,6234.5,12540.0,13220.0,200.5,11588.3,-737.2998,-0.0636245,9205.305,1645.6953,0.17877685,4616.5,0.74047637,-1689.0,-0.13468899,6234.5 - 12540.0,307964.0,270219.0,307964.0,23869085.0,87102017.0,87102017.0,0.72446996,0.13333,47734001664.0,548.212,393000000.0,89451003904.0,1028.236,0.30941,0.49897,52420001792.0,1.202,0.687,0.58602,0.50176,0.59574,0.38154,795.582,13.639072,890425966592.0,27.755466,23.935148,390.95,453.35,665.0,6.17,1778112000.0,1.0225,4.08,2:1,9.954,34129000448.0,1062720000.0,0.506
2026-09-28T07:34:48.824317,SYRMA.NS,Syrma SGS Technology Limited,Electronic Components,Technology,NSE,https://www.syrmasgs.com,Chennai,600045,335321563136.0,1790580905.0,1740.8,1733.3,1781.9,1728.0,1299252.0,1732.6,8.200073,0.4734727,634.5,1803.9,1803.9,248.1,1490.266,250.53406,0.16811365,1091.5787,649.2213,0.59475446,1106.3,1.7435777,-63.099976,-0.034979753,634.5 - 1803.9,1763599.0,3516558.0,1763599.0,76524794.0,192624977.0,192624977.0,0.59611,0.1734,8079860224.0,41.903,3998919936.0,54636969984.0,285.718,,,13885139968.0,0.86,0.683,0.25413,0.11412,0.08756,0.06737,149.623,11.634575,332033196032.0,89.68573,55.714195,19.41,31.24518,1.5,0.09,1787011200.0,0.0776,,,6.077,3681139968.0,,0.21
2026-09-28T07:34:48.824317,CONCOR.NS,Container Corporation of India Limited,Railroads,Industrials,NSE,https://concorindia.co.in,New Delhi,110076,344479760384.0,1790580905.0,452.3,460.4,461.45,451.25,404435.0,461.5,-9.200012,-1.9943663,421.45,557.0,1180.0,22.24,504.645,-52.345,-0.10372639,492.31125,-40.01126,-0.08127229,30.849976,0.07319961,-104.70001,-0.1879713,421.45 - 557.0,1988328.0,1420307.0,1988328.0,340762239.0,761617935.0,761617935.0,0.574,0.42404997,34873200640.0,46.151,9645700096.0,90851000320.0,119.433,,,35860299776.0,0.006,0.003,0.39472,0.22205,0.13638,0.13670999,169.932,2.6616528,324599349248.0,27.680538,19.387054,16.34,23.33,8.6,1.86,1789948800.0,0.4655,1.39,5:4,3.573,12419999744.0,1751587200.0,0.223
2026-09-28T07:34:48.824317,BAYERCROP.NS,Bayer CropScience Limited,Agricultural Inputs,Basic Materials,NSE,https://www.bayer.in,Thane,400607,164955455488.0,1790580901.0,3670.4,3714.9,3714.9,3650.0,27766.0,3717.6,-47.200195,-1.270701,3650.0,5149.9,7196.85,511.0,4064.158,-393.75806,-0.09688552,4384.0146,-713.61475,-0.16277654,20.399902,0.0055890144,-1479.5,-0.28728715,3650.0 - 5149.9,32389.0,39179.0,32389.0,12242675.0,44942092.0,44942092.0,0.71707,0.119890004,14720000000.0,327.533,818000000.0,55954001920.0,1245.046,,,23367999488.0,0.154,-0.042,0.41763002,0.14558,0.17302,0.13084,659.894,5.5621057,153174720512.0,22.5413,19.563007,162.83,187.61942,150.0,4.03,1785888000.0,0.7673,2.09,,2.738,7320999936.0,,0.223
2026-09-28T07:34:48.824317,RAINBOW.NS,Rainbow Children's Medicare Limited,Medical Care Facilities,Healthcare,NSE,https://www.rainbowhospitals.in,Hyderabad,500034,139250466816.0,1790580897.0,1372.6,1374.2,1384.1,1347.6,74817.0,1374.2,-1.5999756,-0.116429605,1084.0,1610.0,1709.6,410.0,1471.076,-98.476074,-0.06694152,1326.823,45.776978,0.034501195,288.59998,0.26623613,-237.40002,-0.14745343,1084.0 - 1610.0,100607.0,137316.0,100607.0,48723427.0,101450140.0,101450140.0,0.52594,0.36089,4890319872.0,48.199,8909830144.0,18201329664.0,179.276,,,13272999936.0,0.133,0.332,0.72923,0.32049,0.1967,0.1568,162.362,8.453948,143601860608.0,48.725594,34.698418,28.17,39.558,3.5,0.25,1784592000.0,0.0,,,7.89,2853959936.0,,0.139
2026-09-28T07:34:48.824317,BHARTIHEXA.NS,Bharti Hexacom Limited,Telecom Services,Communication Services,NSE,https://www.bhartihexacom.in,New Delhi,110070,721900011520.0,1790580888.0,1443.8,1475.2,1476.2,1443.0,48041.0,1481.8,-38.0,-2.562719,1430.0,1955.6,2052.9,755.0,1563.184,-119.38391,-0.07637227,1576.491,-132.69092,-0.08416852,13.800049,0.009650384,-511.79993,-0.26170993,1430.0 - 1955.6,175142.0,89102.0,175142.0,75000000.0,500000000.0,500000000.0,0.86517996,0.111379996,6641999872.0,13.284,61373001728.0,96006995968.0,192.036,,,57534001152.0,0.232,0.109,0.59927,0.48179,0.31945,0.18999,143.304,10.075086,795631026176.0,39.610424,22.68309,36.45,63.65094,18.0,1.21,1785456000.0,0.2741,,,8.287,18240000000.0,,0.073
2026-09-28T07:34:48.824317,NLCINDIA.NS,NLC India Limited,Utilities - Regulated Electric,Utilities,NSE,https://www.nlcindia.in,Cuddalore,607801,356573609984.0,1790580906.0,257.15,261.65,261.7,257.0,259995.0,262.55,-5.399994,-2.0579245,230.0,387.8,387.8,5.0,278.522,-21.37201,-0.07673365,285.5142,-28.364197,-0.09934426,27.149994,0.11804345,-130.65,-0.33690047,230.0 - 387.8,1983894.0,1496214.0,1983894.0,396199464.0,1386636609.0,1386636609.0,0.72523004,0.14598,8428299776.0,6.074,278917808128.0,183806705664.0,132.539,,,147911294976.0,-0.423,0.233,0.80471003,0.3332,0.17076999,0.17458001,155.242,1.656446,672294567936.0,10.822811,9.48893,23.76,27.1,3.85,1.47,1790035200.0,0.2146,2.41,,3.658,32088799232.0,,0.488
2026-09-28T07:34:48.824317,TIMKEN.NS,Timken India Limited,Tools & Accessories,Industrials,NSE,https://www.timken.com,Bengaluru,560100,235908530176.0,1790580878.0,3136.3,3200.1,3221.1,3136.0,6241.0,3206.1,-69.80005,-2.1759477,2800.5,3925.0,4817.9,25.5,3186.494,-50.193848,-0.015752062,3293.5715,-157.27148,-0.047751047,335.80005,0.11990718,-788.69995,-0.20094267,2800.5 - 3925.0,48954.0,47959.0,48954.0,33922145.0,75218734.0,75218734.0,0.52395,0.33213,3191950080.0,42.436,145620000.0,35991699456.0,478.546,,,13729819648.0,0.148,0.166,0.38147,0.18266001,0.15506,0.118389994,387.48,8.094095,238112456704.0,55.460655,37.465347,56.55,83.71202,2.5,0.08,1785456000.0,0.6354,0.27,,6.616,4261189888.0,,0.386
2026-09-28T07:34:48.824317,SUNPHARMA.NS,Sun Pharmaceutical Industries Limited,Drug Manufacturers - Specialty & Generic,Healthcare,NSE,https://sunpharma.com,Mumbai,400063,4418614853632.0,1790580906.0,1841.6,1844.0,1855.0,1839.1,271047.0,1852.2,-10.599976,-0.57229114,1580.0,2046.9,2046.9,1.533692,1913.906,-72.30603,-0.0377793,1805.3085,36.291504,0.020102661,261.59998,0.1655696,-205.30005,-0.10029803,1580.0 - 2046.9,1928627.0,1556374.0,1928627.0,1064920833.0,2399334970.0,2399334970.0,0.55609,0.31247,335165784064.0,139.691,46273200128.0,599105208320.0,249.857,,,472834801664.0,0.274,0.105,0.78924006,0.2768,0.23247999,0.20188999,348.305,5.28732,4158252122112.0,36.554188,28.535439,50.38,64.53729,16.0,0.86,1783382400.0,0.3175,0.93,2:1,6.941,120955797504.0,1375056000.0,0.121
2026-09-28T07:34:48.824317,DOMS.NS,DOMS Industries Limited,Business Equipment & Supplies,Industrials,NSE,https://www.domsindia.com,Valsad,396171,125024043008.0,1790580865.0,2060.1,2083.9,2088.6,2060.1,8498.0,2083.0,-22.899902,-1.0991602,2023.9,2755.0,3115.0,1225.6,2206.31,-146.20996,-0.066269,2305.281,-245.18091,-0.10635619,36.200073,0.017886296,-694.8999,-0.25223228,2023.9 - 2755.0,46433.0,21642.0,46433.0,22221486.0,60688336.0,60688336.0,0.63388,0.28899,617854976.0,10.18,1412615040.0,24345962496.0,401.148,,,10340074496.0,-0.225,0.192,0.42471,0.16082,0.08826,0.08929,201.011,10.248693,128045211648.0,57.83549,39.314266,35.62,52.40083,3.65,0.18,1787788800.0,0.0883,,,5.259,2173929984.0,,-0.291
2026-09-28T07:34:48.824317,ITI.NS,ITI Limited,Communication Equipment,Technology,NSE,https://www.itiltd.in,Bengaluru,560016,239268708352.0,1790580903.0,248.5,253.0,254.7,248.05,59906.0,252.9,-4.399994,-1.7398157,237.0,372.85,592.7,10.35,272.545,-24.045013,-0.08822401,284.428,-35.92801,-0.12631671,11.5,0.048523206,-124.350006,-0.33351216,237.0 - 372.85,322383.0,146017.0,322383.0,96092626.0,962851967.0,962851967.0,0.97900003,0.00067000004,3507599872.0,3.643,7649900032.0,21107400704.0,21.942,,,3516499968.0,,-0.147,0.1666,0.025290001,-0.025220001,0.15359001,19.805,12.547337,247647567872.0,73.958336,,3.36,,,,,0.0,,,11.733,3241900032.0,,0.064
2026-09-28T07:34:48.824317,BAJAJ-AUTO.NS,Bajaj Auto Limited,Auto Manufacturers,Consumer Cyclical,NSE,https://www.bajajauto.com,Pune,411035,3034109181952.0,1790580905.0,11041.0,11250.0,11270.0,11030.0,141728.0,11281.0,-240.0,-2.127471,8491.5,12470.0,12774.0,90.2,11587.3,-546.2998,-0.04714643,10210.605,830.39453,0.08132667,2549.5,0.3002414,-1429.0,-0.114595026,8491.5 - 12470.0,317030.0,178145.0,317030.0,109331169.0,274803838.0,274803838.0,0.60964,0.17950001,108031000576.0,386.518,226649604096.0,723617710080.0,2592.297,,,247379902464.0,0.458,0.64,0.34187,0.2305,0.21514,0.16251,1389.348,7.9468927,3285518123008.0,26.239365,23.156797,420.78,476.79303,150.0,1.33,1780012800.0,0.3566,2.45,2:1,4.54,117593997312.0,1283904000.0,0.635
2026-09-28T07:34:48.824317,LINDEINDIA.NS,Linde India Limited,Specialty Chemicals,Basic Materials,NSE,https://www.linde.in,Kolkata,700088,527866691584.0,1790580902.0,6189.5,6200.0,6370.5,6145.0,24707.0,6142.5,47.0,0.76516074,5673.0,8049.0,9935.05,8.75,6580.79,-391.29004,-0.059459433,6761.7173,-572.2173,-0.08462603,516.5,0.091045305,-1859.5,-0.23102249,5673.0 - 8049.0,25369.0,17377.0,25369.0,18432479.0,85284223.0,85284223.0,0.77975,0.07812,1104460032.0,12.95,789160000.0,26539229184.0,311.15,,,15531540480.0,-0.025,0.216,0.58523,0.34228,0.19898,0.20587,500.274,12.37222,523543052288.0,96.89261,71.92911,63.88,86.05,4.0,0.07,1785974400.0,0.070199996,0.27,2:1,19.727,5463690240.0,1210809600.0,-0.064
2026-09-28T07:34:48.824317,BIKAJI.NS,Bikaji Foods International Limited,Packaged Foods,Consumer Defensive,NSE,https://www.bikaji.com,Bikaner,334004,141528170496.0,1790580856.0,564.45,570.7,570.7,563.55,27019.0,573.95,-9.5,-1.6551964,532.75,768.5,1007.95,303.0,604.143,-39.692993,-0.06570132,645.30225,-80.852234,-0.12529358,31.700012,0.059502605,-204.04999,-0.26551723,532.75 - 768.5,208924.0,590427.0,208924.0,211172703.0,250736400.0,250736400.0,0.73877996,0.19578,2423301888.0,9.665,2993338112.0,30754557952.0,122.725,,,10707121152.0,0.004,0.125,0.34814999,0.13103,0.09911,0.08406,64.091,8.807009,145484349440.0,54.641823,40.42284,10.33,13.96364,1.25,0.22,1784246400.0,0.096999995,,,4.73,2585094912.0,,0.23
2026-09-28T07:34:48.824317,MGL.NS,Mahanagar Gas Limited,Utilities - Regulated Gas,Utilities,NSE,https://www.mahanagargas.com,Mumbai,400051,103657398272.0,1790580906.0,1049.4,1070.1,1071.9,1041.0,89173.0,1071.3,-21.900024,-2.045011,900.0,1335.4,1988.0,492.65,1098.678,-49.277954,-0.044852044,1095.727,-46.327026,-0.042279713,149.40002,0.16600002,-286.0,-0.21416804,900.0 - 1335.4,242547.0,130708.0,242547.0,56788818.0,98777779.0,98777778.0,0.42501,0.35075,11498999808.0,116.42,2229299968.0,85354102784.0,864.082,,,24770500608.0,-0.393,0.139,0.29021,0.1527,0.09854999,0.08382,650.7,1.6127248,96684277760.0,14.490473,11.228567,72.42,93.45805,36.0,3.36,1787011200.0,0.41419998,2.48,,1.133,7154599936.0,,0.74
2026-09-28T07:34:48.824317,COALINDIA.NS,Coal India Limited,Thermal Coal,Energy,NSE,https://www.coalindia.in,Kolkata,700156,2621932830720.0,1790580905.0,425.45,426.4,429.3,424.7,3238987.0,426.1,-0.6499939,-0.15250914,369.6,491.25,543.55,109.55,415.754,9.696014,0.023321519,435.1685,-9.718475,-0.022332672,55.850006,0.15110932,-65.79999,-0.13394399,369.6 - 491.25,7947006.0,6738651.0,7947006.0,2395740968.0,6162728327.0,6162728327.0,0.61136,0.27019,567618371584.0,92.08,140721799168.0,1717358952448.0,278.697,,,1283853254656.0,0.012,0.451,0.74757004,0.23878,0.21113001,0.18138,193.28,2.2012107,2218793631744.0,8.418085,7.5303936,50.54,56.49771,21.0,4.93,1788480000.0,0.5223,8.01,,1.292,311493492736.0,,-0.047
2026-09-28T07:34:48.824317,TBOTEK.NS,TBO Tek Limited,Travel Services,Consumer Cyclical,NSE,https://www.tbo.com,Gurugram,122016,177346838528.0,1790580873.0,1660.8,1681.0,1699.0,1660.7,22943.0,1696.9,-36.099976,-2.1275327,1004.2,1764.8,2001.0,996.0,1633.368,27.432007,0.016794749,1413.7345,247.06555,0.17476092,656.60004,0.65385383,-104.0,-0.05893019,1004.2 - 1764.8,249406.0,173241.0,249406.0,34181071.0,106783982.0,106783982.0,0.67677003,0.28151,15388869632.0,143.443,7561390080.0,30919819264.0,289.197,,,24699090944.0,0.323,0.811,0.79880995,0.14199,0.11933,0.08561,145.006,11.45332,174219100160.0,67.18447,33.16441,24.72,50.07778,,,,0.0,,,5.635,2646960128.0,,0.628
2026-09-28T07:34:48.824317,JYOTHYLAB.NS,Jyothy Labs Limited,Household & Personal Products,Consumer Defensive,NSE,https://www.jyothylabs.com,Mumbai,400059,69737709568.0,1790580883.0,189.91,191.6,191.96,188.31,212056.0,191.07,-1.1600037,-0.60710925,188.1,325.0,595.85,10.5,201.4466,-11.536591,-0.05726873,223.75516,-33.845154,-0.15125977,1.8099976,0.009622528,-135.09,-0.4156615,188.1 - 325.0,877102.0,342268.0,877102.0,321522009.0,367214511.0,367214511.0,0.70754,0.15213999,8148100096.0,22.189,515800000.0,29664800768.0,80.792,,,13119200256.0,-0.508,0.03,0.44224998,0.12516,0.062750004,0.09575,43.261,4.389866,62531375104.0,24.536177,19.634521,7.74,9.67225,3.5,1.83,1782691200.0,0.90559995,1.35,2:1,2.108,2840399872.0,1530144000.0,0.456
2026-09-28T07:34:48.824317,KALYANKJIL.NS,Kalyan Jewellers India Limited,Luxury Goods,Consumer Cyclical,NSE,https://www.kalyanjewellers.net,Thrissur,680002,581800230912.0,1790580906.0,563.35,573.0,573.75,559.25,1664484.0,573.0,-9.650024,-1.6841229,327.05,648.95,795.4,55.05,596.965,-33.61505,-0.056309916,455.6995,107.65048,0.2362313,236.29999,0.72251946,-85.60004,-0.13190544,327.05 - 648.95,22114549.0,4873776.0,22114549.0,365138905.0,1032750972.0,1032750972.0,0.62861997,0.20836,8609130496.0,8.346,61173379072.0,390633127936.0,378.372,,,49600118784.0,0.316,0.457,0.12697,0.060760003,0.04887,0.036730003,61.161,9.210935,643644260352.0,40.616436,29.038853,13.87,19.39987,2.5,0.44,1789084800.0,0.1082,,,1.648,14349760512.0,,-0.225
2026-09-28T07:34:48.824317,SIEMENS.NS,Siemens Limited,Specialty Industrial Machinery,Industrials,NSE,https://www.siemens.com/en-gb/,Mumbai,400030,1353792094208.0,1790580906.0,3801.5,3860.2,3862.7,3792.1,80338.0,3877.0,-75.5,-1.9471811,2826.0,4149.4,4772.247,9.970186,3896.71,-95.20996,-0.024433423,3503.935,297.56494,0.08492307,975.5,0.34518754,-347.8999,-0.083843425,2826.0 - 4149.4,361060.0,265342.0,361060.0,89300778.0,356120505.0,356120505.0,0.76905996,0.10920999,56160002048.0,157.699,3065999872.0,173932003328.0,488.156,,,49046999040.0,4.061,0.148,0.28199,0.10298,0.074889995,0.19017,388.638,9.781596,1327697231872.0,80.36998,56.09412,47.3,67.77003,18.0,0.46,1785283200.0,0.2531,0.29,2:1,7.633,14176000000.0,1204243200.0,0.576
2026-09-28T07:34:48.824317,RAMCOCEM.NS,The Ramco Cements Limited,Building Materials,Basic Materials,NSE,https://www.ramcocements.in,Chennai,600004,201557409792.0,1790580907.0,853.0,867.55,869.75,851.0,17733.0,867.55,-14.549988,-1.6758797,838.3,1214.5,1214.5,16.225,900.923,-47.922974,-0.053193197,971.0285,-118.0285,-0.12154999,14.700012,0.017535504,-361.5,-0.29765335,838.3 - 1214.5,241457.0,236542.0,241457.0,126676345.0,236292380.0,236292380.0,0.49148,0.31482,1883200000.0,7.97,38767398912.0,92277899264.0,390.219,,,48878600192.0,-0.633,0.096,0.52969,0.1455,0.0513,0.06988,342.521,2.4903584,241883348992.0,31.314243,32.527977,27.24,26.22358,2.5,0.29,1786579200.0,0.0733,0.73,10:1,2.621,6448500224.0,1222819200.0,0.106
2026-09-28T07:34:48.824317,AMBER.NS,Amber Enterprises India Limited,"Furnishings, Fixtures & Appliances",Consumer Cyclical,NSE,https://www.ambergroupindia.com,Gurugram,122018,247579738112.0,1790580906.0,7020.0,7001.5,7038.5,6880.0,76902.0,6960.0,60.0,0.8618213,5400.5,8974.0,8974.0,622.0,7311.1,-291.1001,-0.039816182,7250.235,-230.23486,-0.031755503,1619.5,0.29987964,-1954.0,-0.21774013,5400.5 - 8974.0,243213.0,102188.0,243213.0,20532325.0,35267767.0,35267767.0,0.39236,0.42476,4660511232.0,132.677,27015864320.0,126250688512.0,3556.24,,,24269099008.0,-0.793,0.127,0.19223,0.07912,0.05243,0.0076099997,1242.276,5.650918,281132990464.0,265.40643,37.13681,26.45,189.03078,,,1585180800.0,0.0,,,2.227,960494016.0,,0.195
2026-09-28T07:34:48.824317,COFORGE.NS,Coforge Limited,Information Technology Services,Technology,NSE,https://www.coforge.com,Gautam Buddha Nagar,201308,786526502912.0,1790580908.0,1775.3,1786.0,1786.0,1767.5,736607.0,1784.0,-8.699951,-0.4876108,1008.1,2021.2,2021.2,8.3,1794.478,-19.177979,-0.010687218,1499.4055,275.89453,0.18400261,767.2001,0.7610357,-245.8999,-0.12166035,1008.1 - 2021.2,2920508.0,2058454.0,2920508.0,329621992.0,443038622.0,443038622.0,0.21805,0.59539,10992000000.0,26.155,7278000128.0,182260006912.0,511.585,,,67887001600.0,0.309,0.499,0.37247002,0.19738,0.1596,0.0964,283.963,6.2518706,747458592768.0,36.319557,24.878914,48.88,71.35762,16.0,0.9,1785715200.0,0.2459,1.13,5:1,4.101,17568999424.0,1748995200.0,0.314
2026-09-28T07:34:48.824317,IOC.NS,Indian Oil Corporation Limited,Oil & Gas Refining & Marketing,Energy,NSE,https://www.iocl.com,New Delhi,110049,,1790580907.0,133.4,135.02,135.58,133.3,3108536.0,135.7,-2.300003,-1.6949176,130.22,188.96,202.125,5.875,138.4994,-5.099411,-0.03681901,148.3317,-14.931702,-0.100664265,3.1799927,0.024420155,-55.560013,-0.29403055,130.22 - 188.96,10125831.0,8831072.0,10125831.0,3400645693.0,,,0.73394996,0.14291,115512000512.0,8.358,1318223872000.0,8584820686848.0,622.804,,,1427697958912.0,,0.385,0.1663,0.07931,-0.0013,0.0392,159.422,0.8367728,3138358607872.0,5.458265,7.0836415,24.44,18.83212,8.25,6.08,1786665600.0,0.40919998,6.51,3:2,0.366,336518086656.0,1656547200.0,0.77
2026-09-28T07:34:48.824317,OIL.NS,Oil India Limited,Oil & Gas Integrated,Energy,NSE,https://www.oil-india.com,Noida,201301,756616593408.0,1790580901.0,465.15,476.0,476.45,463.4,628484.0,475.15,-10.0,-2.1045985,395.6,531.0,767.9,42.333332,470.875,-5.725006,-0.012158229,463.13824,2.0117493,0.0043437337,69.54999,0.17580886,-65.850006,-0.12401131,395.6 - 531.0,2998883.0,1669123.0,2998883.0,543752950.0,1626607791.0,1626607791.0,0.67726,0.22387,60454100992.0,37.174,374779805696.0,385207894016.0,236.836,,,219140702208.0,0.914,0.577,0.56889,0.43051997,0.40747002,0.21685,356.618,1.3043368,1145076711424.0,9.056659,7.0367346,51.36,66.1031,13.0,2.74,1788480000.0,0.2336,4.36,3:2,2.973,83533103104.0,1719878400.0,0.256
2026-09-28T07:34:48.824317,IRB.NS,IRB Infrastructure Developers Limited,Infrastructure Operations,Industrials,NSE,https://www.irb.co.in,Mumbai,400072,207016919040.0,1790580907.0,17.14,17.6,17.65,17.1,8514309.0,17.68,-0.5400009,-3.054304,17.1,23.95,39.075,2.28,19.297,-2.1570015,-0.11177911,20.593176,-3.4531765,-0.16768548,0.03999901,0.0023391233,-6.8100014,-0.28434244,17.1 - 23.95,13088553.0,15171667.0,13088553.0,7993461960.0,12078000000.0,12078000000.0,0.67996,0.14773,20921569280.0,1.732,200270626816.0,61644738560.0,5.039,,,35689889792.0,0.471,-0.089,0.57896,0.42556,0.22489999,0.15478,17.678,0.9695667,392888090624.0,21.97436,12.107683,0.78,1.41563,0.2,1.13,1785888000.0,0.19870001,2.02,2:1,6.373,9541480448.0,1774828800.0,-0.087
2026-09-28T07:34:48.824317,DRREDDY.NS,Dr. Reddy's Laboratories Limited,Drug Manufacturers - Specialty & Generic,Healthcare,NSE,https://www.drreddys.com,Hyderabad,500034,1021493968896.0,1790580908.0,1226.3,1211.6,1227.9,1204.0,2148052.0,1201.0,25.300049,2.106582,1101.0,1414.9,1421.49,7.6025,1173.558,52.742065,0.044942018,1247.1906,-20.890503,-0.016750049,125.30005,0.113805674,-188.59998,-0.13329563,1101.0 - 1414.9,2051569.0,1886294.0,2051569.0,599973487.0,832988625.0,832988625.0,0.30142,0.52911,81426997248.0,97.753,71951998976.0,331186012160.0,397.658,0.040149998,0.088369995,166176997376.0,-0.687,-0.056,0.50176,0.16508,0.04251,0.09996,460.306,2.6640975,994245935104.0,30.850315,20.750217,39.75,59.09818,8.0,0.67,1783641600.0,0.2014,0.64,5:1,3.002,33106999296.0,1730073600.0,0.242
2026-09-28T07:34:48.824317,KIMS.NS,Krishna Institute of Medical Sciences Limited,Medical Care Facilities,Healthcare,NSE,https://www.kimshospitals.com,Secunderabad,500003,321094975488.0,1790580907.0,764.5,775.2,783.4,760.75,132853.0,780.15,-15.650024,-2.0052564,575.8,858.0,858.0,187.51,786.753,-22.25299,-0.028284596,719.0715,45.428528,0.063176654,188.70001,0.327718,-93.5,-0.10897436,575.8 - 858.0,558256.0,518641.0,558256.0,249038470.0,420006484.0,420006484.0,0.41736,0.41419,705000000.0,1.762,42529001472.0,42125000704.0,105.406,,,24987000832.0,-0.469,0.353,0.59316003,0.18052,0.10394,0.048499998,56.165,13.61168,357103403008.0,148.4466,45.21226,5.15,16.90913,,,,0.0,,5:1,8.477,2043000064.0,1726185600.0,0.287
2026-09-28T07:34:48.824317,JWL.NS,Jupiter Wagons Limited,Railroads,Industrials,NSE,https://www.jupiterwagons.com,Kolkata,700071,95713878016.0,1790580884.0,223.96,226.73,226.73,222.3,355492.0,226.73,-2.769989,-1.2217126,222.3,358.25,748.1,6.75,246.2558,-22.295792,-0.09053916,275.3462,-51.386185,-0.18662392,1.6600037,0.0074674026,-134.29,-0.37484995,222.3 - 358.25,943834.0,708898.0,943834.0,135613518.0,427370389.0,427370389.0,0.7243,0.06521,6511984128.0,15.211,9964552192.0,31270957056.0,73.332,,,8377005056.0,-0.143,0.46,0.26788,0.11805,0.06895,0.05329,69.225,3.2352476,100596662272.0,57.72165,23.762335,3.88,9.425,2.0,0.69,1748563200.0,0.0,,,3.217,1666359040.0,,0.328
2026-09-28T07:34:48.824317,FACT.NS,The Fertilisers and Chemicals Travancore Limited,Agricultural Inputs,Basic Materials,NSE,https://www.fact.co.in,Kochi,683501,492615892992.0,1790580888.0,761.3,777.9,779.7,760.0,24059.0,777.9,-16.600037,-2.1332695,652.1,1058.6,1187.0,14.0,807.851,-46.551025,-0.057623282,835.40826,-74.10828,-0.08870906,109.20001,0.16745901,-297.3,-0.28084263,652.1 - 1058.6,706347.0,235782.0,706347.0,64520833.0,647071974.0,647071974.0,0.0,0.00096000003,16706942976.0,25.894,39854510080.0,59343912960.0,90.53,,,11866327040.0,,0.202,0.19996001,0.00342,-0.029140001,-0.01783,21.366,35.63138,525055131648.0,,,-1.63,,0.39,0.05,1758240000.0,0.8864,,,8.848,-1058201984.0,,0.194
2026-09-28T07:34:48.824317,CAMS.NS,Computer Age Management Services Limited,Information Technology Services,Technology,NSE,https://www.camsonline.com,Chennai,600002,172936462336.0,1790580905.0,696.15,709.2,709.3,695.65,557720.0,707.35,-11.199951,-1.5820259,611.4,844.9,1073.5,252.0,754.306,-58.156006,-0.07709869,738.58,-42.429993,-0.057448063,84.75,0.13861628,-148.75,-0.17605634,611.4 - 844.9,1240132.0,1101296.0,1240132.0,247959700.0,248418378.0,248418378.0,0.03361,0.59244,8521589760.0,34.363,642350016.0,15571265536.0,62.86,,,10347608064.0,0.17,0.115,0.66453004,0.42497003,0.40046,0.31785,53.266,13.069313,167532134400.0,35.01761,26.643505,19.88,26.12832,12.8,1.81,1786492800.0,0.62880003,1.53,5:1,10.759,4949310976.0,1764892800.0,0.206
2026-09-28T07:34:48.824317,HSCL.NS,Himadri Speciality Chemical Limited,Specialty Chemicals,Basic Materials,NSE,https://www.himadri.com,Kolkata,700001,338619727872.0,1790580908.0,671.1,677.1,678.95,666.6,725201.0,678.75,-7.6500244,-1.1270754,418.5,819.5,819.5,6.8,713.505,-42.40503,-0.059432,580.55176,90.54822,0.15596925,252.59998,0.6035842,-148.40002,-0.18108606,418.5 - 819.5,7707074.0,2843218.0,7707074.0,192688730.0,504574175.0,504574175.0,0.59911996,0.0584,3485694976.0,6.909,7699798016.0,49742888960.0,99.315,,,18316886016.0,0.247,0.28,0.36823002,0.21452999,0.2038,0.16066,93.286,7.194005,347197538304.0,42.075233,32.577667,15.95,20.6,0.8,0.12,1779408000.0,0.050300002,0.15,10:1,6.98,7991668224.0,1289174400.0,0.234
2026-09-28T07:34:48.824317,HONASA.NS,Honasa Consumer Limited,Household & Personal Products,Consumer Defensive,NSE,https://www.honasa.in,Gurugram,122102,151601266688.0,1790580908.0,465.0,475.95,480.95,464.4,1192939.0,465.5,-0.5,-0.107411385,248.4,509.8,547.0,197.51,469.369,-4.368988,-0.009308216,370.69,94.31,0.25441742,216.6,0.8719807,-44.799988,-0.08787758,248.4 - 509.8,1400096.0,652278.0,1400096.0,147878036.0,326024216.0,326024216.0,0.38729998,0.46216,4658990080.0,14.3,1353459968.0,25526339584.0,78.49,,,17805690880.0,1.19,0.27,0.69754,0.10487001,0.13189,0.09749,43.462,10.699001,148358397952.0,60.94364,43.877735,7.63,10.59763,3.0,0.64,1787875200.0,0.0,,,5.812,2488689920.0,,0.617
2026-09-28T07:34:48.824317,JSL.NS,Jindal Stainless Limited,Steel,Basic Materials,NSE,https://www.jindalstainless.com,New Delhi,110066,614501777408.0,1790580908.0,745.8,752.75,756.0,738.5,435907.0,748.25,-2.4500122,-0.3274323,652.25,884.0,884.0,14.2,733.073,12.72699,0.01736115,746.18427,-0.38427734,-0.0005149899,93.54999,0.14342658,-138.20001,-0.15633486,652.25 - 884.0,729337.0,1247451.0,729337.0,342735877.0,823949824.0,823949824.0,0.64682,0.16354999,29351499776.0,35.633,74603298816.0,440260591616.0,534.357,,,96812498944.0,0.076,0.105,0.2199,0.12644,0.09104,0.07379,54.627,13.65259,662513582080.0,18.94817,14.368558,39.36,51.905,4.0,0.53,1787270400.0,0.0762,,,1.505,32486500352.0,,0.539
2026-09-28T07:34:48.824317,ALKEM.NS,Alkem Laboratories Limited,Drug Manufacturers - Specialty & Generic,Healthcare,NSE,https://www.alkemlabs.com,Mumbai,400013,626460786688.0,1790580895.0,5239.5,5254.0,5273.5,5177.0,54644.0,5274.0,-34.5,-0.6544006,5051.0,5933.5,6439.9,1152.5,5420.06,-180.56006,-0.033313293,5486.72,-247.22021,-0.045057923,188.5,0.037319344,-694.0,-0.11696301,5051.0 - 5933.5,147736.0,181571.0,147736.0,46141329.0,119565000.0,119565000.0,0.62444,0.27831,40614498304.0,339.686,20471599104.0,150812803072.0,1261.342,,,97731502080.0,-0.217,0.109,0.64803004,0.19404,0.17803,0.14306,1155.865,4.532969,615731232768.0,29.048622,23.462849,180.37,223.31049,20.0,0.38,1786060800.0,0.28260002,0.84,,4.083,21575000064.0,,0.281
2026-09-28T07:34:48.824317,SKFINDIA.NS,SKF India Limited,Tools & Accessories,Industrials,NSE,https://www.skf.com/in/investors/skf-india-ltd,Pune,411033,74562338816.0,1790580907.0,1508.2,1533.0,1554.6,1508.0,18815.0,1539.8,-31.600098,-2.051155,1404.0,5074.0,7350.0,33.0,1535.874,-27.674072,-0.018018452,1642.3915,-134.19153,-0.08170496,104.19995,0.07421649,-3565.8,-0.70275915,1404.0 - 5074.0,76880.0,73249.0,76880.0,23159214.0,49437963.0,49437963.0,0.53151,0.27478,2923399936.0,59.133,29100000.0,30680299520.0,620.344,,,12566500352.0,-0.477,-0.542,0.4096,0.1276,0.12156,0.068330005,268.909,5.6085887,73230278656.0,35.621162,25.693455,42.34,58.69977,40.0,2.6,1783036800.0,0.94339997,1.1,,2.387,2096499968.0,,0.375
2026-09-28T07:34:48.824317,RELIANCE.NS,Reliance Industries Limited,Oil & Gas Refining & Marketing,Energy,NSE,https://www.ril.com,Mumbai,400021,,1790580909.0,1205.0,1218.0,1219.7,1204.9,7784758.0,1226.0,-21.0,-1.7128874,1204.9,1611.8,1611.8,5.428648,1288.832,-83.83203,-0.06504496,1360.503,-155.50305,-0.1142982,0.099975586,8.297418e-05,-406.80005,-0.25238866,1204.9 - 1611.8,11513405.0,11417795.0,11513405.0,6638219126.0,,,0.51798,0.28066,2581470117888.0,190.761,3979999969280.0,11296050249728.0,834.734,,,3822279983104.0,-0.224,0.297,0.33837003,0.15991001,0.12331,0.066149995,668.045,1.8037708,19807701303296.0,21.841581,16.875237,55.17,71.40641,6.0,0.49,1780617600.0,0.2083,0.44,2:1,1.754,747269980160.0,1730073600.0,0.152
2026-09-28T07:34:48.824317,APLAPOLLO.NS,APL Apollo Tubes Limited,Steel,Basic Materials,NSE,https://www.aplapollo.com,Noida,201304,605323132928.0,1790580910.0,2180.1,2210.2,2210.2,2177.6,133158.0,2214.7,-34.599854,-1.5623524,1668.1,2301.4,2301.4,11.59,2071.22,108.88013,0.052568115,1988.6345,191.46558,0.09627992,512.0001,0.30693612,-121.299805,-0.052706964,1668.1 - 2301.4,647943.0,574514.0,647943.0,177935076.0,277658405.0,277658405.0,0.3691,0.54257,8862300160.0,31.931,4976500224.0,235159404544.0,847.028,,,36704198656.0,0.11,0.085,0.15608,0.07843,0.06276,0.052259997,190.726,11.430534,610786869248.0,49.401768,34.25966,44.13,63.63461,8.5,0.38,1788825600.0,0.1299,0.83,2:1,2.597,12290199552.0,1631750400.0,0.332
2026-09-28T07:34:48.824317,SAGILITY.NS,Sagility Limited,Health Information Services,Healthcare,NSE,https://sagility.com,Bengaluru,560068,204199542784.0,1790580906.0,43.62,45.0,45.0,43.32,5442685.0,44.69,-1.0699997,-2.3942711,35.83,57.89,57.89,27.02,44.1668,-0.5468025,-0.012380397,43.8383,-0.21829987,-0.004979661,7.789997,0.21741548,-14.27,-0.246502,35.83 - 57.89,24177418.0,13311692.0,24177418.0,2311865119.0,4681328413.0,4681328413.0,0.5095,0.23120001,9037859840.0,1.918,11105349632.0,76173918208.0,16.248,,,28667348992.0,0.438,0.276,0.37634,0.24826,0.15795,0.13036,20.988,2.0783303,212704083968.0,20.575472,14.862313,2.12,2.93494,0.2,0.45,1786060800.0,0.023599999,,,2.792,9930200064.0,,
2026-09-28T07:34:48.824317,ZENSARTECH.NS,Zensar Technologies Limited,Information Technology Services,Technology,NSE,https://www.zensar.com,Pune,411014,99190743040.0,1790580907.0,437.35,434.9,452.0,432.5,2004358.0,434.9,2.4500122,0.5629624,416.15,822.0,984.95,3.4,475.816,-38.466003,-0.08084218,541.60376,-104.25375,-0.19249082,21.200012,0.0509432,-384.65,-0.46794403,416.15 - 822.0,5319317.0,6758952.0,5319317.0,139458650.0,226799456.0,226799456.0,0.50167,0.26650998,25873000448.0,113.73,793000000.0,58106998784.0,256.126,,,11879999488.0,0.009,0.089,0.20445,0.15099,0.12755999,0.13362001,207.438,2.1083407,73857335296.0,12.958519,11.495462,33.75,38.04545,15.0,3.45,1784246400.0,0.3969,1.51,5:1,1.271,7763999744.0,1536278400.0,0.206
2026-09-28T07:34:48.824317,SWIGGY.NS,Swiggy Limited,Internet Retail,Consumer Cyclical,NSE,https://www.swiggy.com,Bengaluru,560066,673995489280.0,1790580908.0,257.25,266.0,266.05,256.7,6130758.0,264.85,-7.600006,-2.8700926,235.75,459.95,617.3,235.75,277.1678,-19.917786,-0.07186183,288.70065,-31.450653,-0.10893863,21.5,0.0911983,-202.70001,-0.44070008,235.75 - 459.95,22079721.0,16550358.0,22079721.0,1436691886.0,2620001701.0,2620001701.0,0.40015998,0.40710998,111519997952.0,42.793,25510000640.0,249039994880.0,98.159,,,110490001408.0,,0.373,0.44366002,-0.13719,-0.13916999,-0.1505,70.275,3.660619,604203581440.0,,-45.836006,-14.78,-5.6124,,,,0.0,,,2.426,-37480001536.0,,
2026-09-28T07:34:48.824317,MARICO.NS,Marico Limited,Household & Personal Products,Consumer Defensive,NSE,https://marico.com,Mumbai,400098,1052996599808.0,1790580907.0,811.25,815.0,815.0,804.2,543271.0,819.0,-7.75,-0.9463337,690.3,889.1,889.1,1.424274,841.29,-30.039978,-0.035707045,798.59625,12.653748,0.015844988,120.95001,0.1752137,-77.849976,-0.08756043,690.3 - 889.1,1871275.0,1595598.0,1871275.0,551726279.0,1297992656.0,1297992656.0,0.5894,0.25511,24399998976.0,18.796,5569999872.0,143470002176.0,110.82,,,62940000256.0,0.247,0.214,0.4387,0.16836001,0.19282,0.13159999,32.431,25.014647,1047193976832.0,55.64129,41.66153,14.58,19.4724,4.0,0.49,1785369600.0,0.4811,1.3,2:1,7.299,18880000000.0,1450742400.0,0.174
2026-09-28T07:34:48.824317,GODREJPROP.NS,Godrej Properties Limited,Real Estate - Development,Real Estate,NSE,https://www.godrejproperties.com,Mumbai,400079,505367691264.0,1790580908.0,1677.7,1708.0,1708.0,1670.5,197407.0,1700.1,-22.400024,-1.317571,1434.0,2352.0,3402.7,154.0,1961.63,-283.93005,-0.1447419,1824.656,-146.95605,-0.08053905,243.69995,0.16994418,-674.30005,-0.2866922,1434.0 - 2352.0,719973.0,557731.0,719973.0,130109696.0,301226497.0,301226497.0,0.57581,0.24256,84177002496.0,279.465,158940905472.0,52030398464.0,172.738,,,22298300416.0,-0.417,0.165,0.42856,-0.09402,-0.6225,0.30754998,635.958,2.6380672,588840697856.0,31.630844,15.226624,53.04,110.18201,10.0,0.59,1785196800.0,0.0,0.72,2:1,11.317,16001800192.0,1384992000.0,0.467
2026-09-28T07:34:48.824317,PREMIERENE.NS,Premier Energies Limited,Solar,Technology,NSE,https://premierenergies.com,Hyderabad,500019,408152801280.0,1790580907.0,904.1,892.0,910.4,883.0,702143.0,896.4,7.699951,0.8589861,660.0,1134.0,1388.0,660.0,999.292,-95.19202,-0.09525946,931.82574,-27.725769,-0.029754242,244.09998,0.36984846,-229.90002,-0.20273371,660.0 - 1134.0,1157808.0,1466608.0,1157808.0,141512389.0,451446522.0,451446522.0,0.67403,0.20666,24932640768.0,56.265,37071450112.0,84662263808.0,189.378,,,33436770304.0,0.53,0.353,0.39494,0.30656,0.25125,0.19667,95.617,9.455432,409383698432.0,24.245104,18.356144,37.29,49.25326,1.5,0.17,1778198400.0,0.0403,,,4.835,16650420224.0,,-0.279
2026-09-28T07:34:48.824317,RPOWER.NS,Reliance Power Limited,Utilities - Independent Power Producers,Utilities,NSE,https://www.reliancepower.co.in,Mumbai,400001,,1790580909.0,20.18,20.5,20.56,20.17,7857196.0,20.57,-0.3899994,-1.8950408,20.17,50.73,331.25,1.0,22.622,-2.4419994,-0.10794799,26.0938,-5.9137993,-0.22663619,0.010000229,0.00049579714,-30.55,-0.6022078,20.17 - 50.73,26745873.0,17225982.0,26745873.0,2877462650.0,,,0.29806998,0.10599,17051599872.0,4.123,148120305664.0,76904497152.0,18.595,,,40941699072.0,0.472,0.038,0.53237,0.32871,0.18153,-0.041199997,38.782,0.5203445,216141512704.0,,,-0.77,,,,1447891200.0,0.0,,8:5,2.811,-3167200000.0,1212105600.0,0.827
2026-09-28T07:34:48.824317,TATASTEEL.NS,Tata Steel Limited,Steel,Basic Materials,NSE,https://www.tatasteel.com,Mumbai,400001,2316480282624.0,1790580910.0,185.7,187.55,188.58,185.5,7870892.0,187.97,-2.2700043,-1.2073848,160.06,224.4,654.9,3.70557,186.2086,-0.50860596,-0.0027313773,195.19196,-9.491959,-0.04862884,25.64,0.16018993,-38.699997,-0.17245989,160.06 - 224.4,25295519.0,24288392.0,25295519.0,8044138054.0,12474316070.0,12474316070.0,0.35404998,0.34594002,99790397440.0,7.994,923818983424.0,2397561159680.0,192.149,,,1351154794496.0,0.114,0.143,0.56355,0.14178,0.09252,0.04602,81.842,2.269006,3186685902848.0,21.030577,10.374302,8.83,17.9,4.0,2.13,1781222400.0,0.4525,2.81,10:1,1.329,110345396224.0,1658966400.0,0.857
2026-09-28T07:34:48.824317,FEDERALBNK.NS,The Federal Bank Limited,Banks - Regional,Financial Services,NSE,https://www.federal.bank.in,Aluva,683101,801852227584.0,1790580908.0,324.6,322.3,327.3,320.5,4948568.0,322.0,2.600006,0.8074553,189.05,371.7,371.7,0.720744,349.195,-24.595001,-0.07043343,304.13876,20.461243,0.06727601,135.55,0.7170061,-47.100006,-0.12671511,189.05 - 371.7,6056758.0,5876090.0,6056758.0,1917548474.0,2470277782.0,2470277782.0,0.109060004,0.60469,268973195264.0,108.995,331932499968.0,152438603776.0,61.911,,,152438603776.0,0.327,0.214,0.0,0.0,0.42963,0.30721,162.445,1.9982147,868271325184.0,17.376873,13.1928215,18.68,24.60429,1.2,0.37,1786665600.0,0.0642,0.78,2:1,5.696,46830698496.0,1436313600.0,0.27
2026-09-28T07:34:48.824317,TVSMOTOR.NS,TVS Motor Company Limited,Auto Manufacturers,Consumer Cyclical,NSE,https://www.tvsmotor.com,Chennai,600006,,1790580911.0,4089.5,4140.0,4164.0,4087.3,235572.0,4157.3,-67.799805,-1.6306654,3228.0,4484.5,4484.5,3.055,4204.042,-114.54199,-0.027245682,3750.4456,339.05444,0.09040378,861.5,0.26688352,-395.0,-0.088081166,3228.0 - 4484.5,1076567.0,689132.0,1076567.0,229291294.0,,,0.52267,0.30334,44654501888.0,93.992,327910096896.0,602321911808.0,1267.861,,,221047799808.0,0.671,0.343,0.36699,0.14121,0.13137999,0.05691,70.313,58.16136,2269821272064.0,56.53166,35.636852,72.34,114.7548,12.0,0.29,1774828800.0,0.1663,0.4,2:1,3.768,34277199872.0,1283904000.0,-0.044
2026-09-28T07:34:48.824317,GSPL.NS,Gujarat State Petronet Limited,,,NSE,https://gspcgroup.com/GSPL,Gandhinagar,382028,156286550016.0,1778493599.0,277.0,287.55,290.0,257.15,8022437.0,268.35,8.649994,3.2233999,226.35,348.0,469.7,25.95,263.817,13.183014,0.0499703,294.0425,-17.042511,-0.057959344,50.649994,0.22376847,-71.0,-0.20402299,226.35 - 348.0,1867702.0,1644390.0,1867702.0,287131813.0,564211376.0,564211376.0,0.49116,0.34195,48200015872.0,85.418,1397104000.0,162902982656.0,288.705,,,41929170944.0,0.096,-0.109,0.25739,0.15215,0.10920999,0.06461,211.553,1.3093646,144674455552.0,14.852548,13.690283,18.65,20.23333,,,,,,,0.888,10524983296.0,,0.737
2026-09-28T07:34:48.824317,RELINFRA.NS,Reliance Infrastructure Limited,Utilities - Independent Power Producers,Utilities,NSE,https://www.rinfra.com,Mumbai,400001,,1790580828.0,44.3,44.3,44.3,44.3,30078.0,45.2,-0.9000015,-1.9911538,44.3,255.79,2641.0,8.65,60.0168,-15.716801,-0.26187336,87.5958,-43.295803,-0.494268,0.0,0.0,-211.48999,-0.826811,44.3 - 255.79,288043.0,169765.0,288043.0,291559745.0,,,0.25417,0.14254,24340000768.0,59.63,49367199744.0,208769794048.0,474.372,,,51486900224.0,3.283,0.074,0.24662,0.123009995,-0.012200001,0.15386,437.858,0.101174355,155632795648.0,0.5654838,,78.34,,,,1536710400.0,0.0,3.72,,0.745,32121700352.0,,0.686
2026-09-28T07:34:48.824317,CENTURYPLY.NS,Century Plyboards (India) Limited,Lumber & Wood Production,Basic Materials,NSE,https://www.centuryply.com,Kolkata,700088,151977426944.0,1790580876.0,684.05,694.45,700.1,684.0,29003.0,694.45,-10.400024,-1.4975915,618.5,859.0,935.0,11.355,753.358,-69.30798,-0.09199874,758.59674,-74.54675,-0.09826928,65.54999,0.10598219,-174.95001,-0.20366707,618.5 - 859.0,72901.0,112307.0,72901.0,58686681.0,222172990.0,222172990.0,0.71883005,0.20768999,590134976.0,2.653,17648764928.0,57892044800.0,260.52,,,27890044928.0,0.549,0.335,0.48176,0.12349,0.09201,0.05029,117.331,5.830087,171734433792.0,52.098248,26.58205,13.13,25.73353,1.0,0.14,1788912000.0,0.0763,0.17,10:1,2.966,2911405056.0,1208995200.0,0.2
2026-09-28T07:34:48.824317,ANGELONE.NS,Angel One Limited,Capital Markets,Financial Services,NSE,https://www.angelone.in,Mumbai,400093,255720701952.0,1790580910.0,279.6,286.4,286.4,278.05,3620152.0,288.0,-8.399994,-2.9166646,208.63,360.45,389.6,22.22,296.862,-17.261993,-0.05814821,287.3608,-7.760803,-0.027007174,70.97,0.3401716,-80.850006,-0.22430296,208.63 - 360.45,5999997.0,3054370.0,5999997.0,489869202.0,914594776.0,914594776.0,0.49023998,0.24348,3799470080.0,4.171,79514091520.0,49862279168.0,54.842,,,42294571008.0,1.0,0.23,0.84823,0.0,0.24655001,0.20698,67.165,4.1628823,338353455104.0,25.211903,15.895766,11.09,17.58959,5.05,1.75,1784592000.0,0.3655,1.75,10:1,6.786,10320289792.0,1772064000.0,0.278
2026-09-28T07:34:48.824317,HEG.NS,HEG Advanced Materials Limited,Electrical Equipment & Parts,Industrials,NSE,https://www.hegadvancedmaterials.com,Noida,201301,47954919424.0,1789984799.0,248.5,243.85,248.9,240.9,1813114.0,248.5,0.0,0.0,214.1,753.9,991.0,4.28,551.303,-302.80298,-0.54924965,559.0905,-310.5905,-0.55552816,34.399994,0.16067255,-505.40002,-0.6703807,214.1 - 753.9,2172658.0,1759511.0,2172658.0,50847649.0,192977530.0,192977530.0,0.59095,0.06866,6364993024.0,32.983,7960208896.0,26365147136.0,136.636,,,15740342272.0,0.168,0.104,0.59701,0.21847999,0.14834,0.13612,246.553,1.0078969,49550131200.0,13.295879,8.12977,18.69,30.56667,3.4,1.37,1784678400.0,0.0964,1.46,5:1,1.879,3605053952.0,1729209600.0,0.688
2026-09-28T07:34:48.824317,ASTRAZEN.NS,AstraZeneca Pharma India Limited,Drug Manufacturers - Specialty & Generic,Healthcare,NSE,https://www.astrazeneca.in,Bengaluru,560045,157499998208.0,1790580871.0,6300.0,6477.0,6477.0,6292.0,6776.0,6505.0,-205.0,-3.1509376,6292.0,9849.5,10691.0,67.62,7402.44,-1102.44,-0.14892927,8212.593,-1912.5928,-0.23288538,8.0,0.0012714558,-3549.5,-0.36037362,6292.0 - 9849.5,11230.0,6914.0,11230.0,4608750.0,25000000.0,25000000.0,0.8148,0.08972,4477199872.0,179.088,1106599936.0,24320600064.0,972.814,,,8956399616.0,-0.321,0.297,0.36826,0.09278,0.06402,0.06974,349.116,18.045578,159254396928.0,93.12638,,67.65,,36.0,0.55,1785456000.0,0.47169998,0.28,,6.548,1696199936.0,,0.22
2026-09-28T07:34:48.824317,GRSE.NS,Garden Reach Shipbuilders & Engineers Limited,Aerospace & Defense,Industrials,NSE,https://www.grse.in,Kolkata,700024,257054687232.0,1790580908.0,2244.0,2316.0,2316.0,2238.6,270242.0,2319.0,-75.0,-3.2347105,1963.7,3339.0,3538.4,77.7,2534.446,-290.44604,-0.11459942,2548.3245,-304.32446,-0.11942139,280.30005,0.14274077,-1095.0,-0.3279425,1963.7 - 3339.0,420414.0,322869.0,420414.0,29207149.0,114552000.0,114552000.0,0.745,0.03927,33880936448.0,295.806,373977984.0,75069046784.0,655.34,,,13884986368.0,0.439,0.385,0.18496001,0.11101,0.0748,0.10665,229.266,9.787757,232106295296.0,32.148994,25.26079,69.8,88.83333,19.6,0.85,1789689600.0,0.2547,1.1,,3.092,8005967872.0,,0.676
2026-09-28T07:34:48.824317,NBCC.NS,NBCC (India) Limited,Engineering & Construction,Industrials,NSE,https://www.nbccindia.in,New Delhi,110003,218321993728.0,1790580911.0,80.86,82.46,82.5,80.84,2891701.0,82.86,-2.0,-2.4142928,77.18,125.85,139.83333,3.244444,89.003,-8.142998,-0.091491275,95.68505,-14.82505,-0.15493591,3.6800003,0.04768075,-44.989998,-0.35748905,77.18 - 125.85,6698939.0,4819283.0,6698939.0,1038778181.0,2700000000.0,2700000000.0,0.61754,0.14521,65157222400.0,23.987,2579000.0,130513002496.0,48.308,,,16169246720.0,0.163,-0.059,0.12389,0.08288,0.09309,0.05691,11.125,7.268315,161902575616.0,29.403637,28.878572,2.75,2.8,1.08,1.3,1787875200.0,0.2473,0.92,3:2,1.241,7427320832.0,1728259200.0,0.666
2026-09-28T07:34:48.824317,EIHOTEL.NS,EIH Limited,Lodging,Consumer Cyclical,NSE,https://www.eihltd.com,Delhi,110054,184263540736.0,1790580764.0,294.65,296.95,296.95,289.3,73908.0,294.7,-0.05001831,-0.016972618,271.15,413.95,502.2,12.392658,306.134,-11.484009,-0.037513014,318.97476,-24.324768,-0.076259226,23.5,0.086667895,-119.30002,-0.2881991,271.15 - 413.95,260532.0,356209.0,260532.0,197715140.0,625364182.0,625364182.0,0.70523,0.15261,10520620032.0,16.823,2524229888.0,30748119040.0,49.181,,,20189310976.0,2.463,0.145,0.65660006,0.34928,0.19716999,0.23142,84.147,3.50161,177768677376.0,25.891914,21.351448,11.38,13.8,1.5,0.51,1785456000.0,0.1318,1.31,5:1,5.781,7115599872.0,1158019200.0,-0.296
2026-09-28T07:34:48.824317,PAYTM.NS,One97 Communications Limited,Software - Infrastructure,Technology,NSE,https://www.paytm.com,Noida,201304,1041594974208.0,1790580913.0,1629.0,1668.0,1678.1,1628.5,2904339.0,1674.0,-45.0,-2.6873693,930.6,1855.5,1955.0,310.0,1584.022,44.978027,0.028394826,1260.044,368.95605,0.29281205,698.4,0.75048363,-226.5,-0.12206952,930.6 - 1855.5,4393492.0,4972158.0,4393492.0,524162790.0,639407626.0,639407626.0,0.23908001,0.51522,145910005760.0,228.15,1720000000.0,89670000640.0,140.484,,,33159999488.0,0.799,0.277,0.3698,0.07244,0.029409999,0.07249,249.971,6.516756,926411390976.0,162.25099,45.500725,10.04,35.80163,,,,0.0,,,10.331,6499999744.0,,-0.265
2026-09-28T07:34:48.824317,SAIL.NS,Steel Authority of India Limited,Steel,Basic Materials,NSE,https://www.sail.co.in,New Delhi,110003,760801460224.0,1790580910.0,184.19,185.71,185.88,182.76,4951758.0,185.0,-0.80999756,-0.43802595,124.0,209.7,293.0,3.95,177.5142,6.6757965,0.03760711,169.12975,15.060257,0.089045584,60.190002,0.48540324,-25.509995,-0.12164995,124.0 - 209.7,19012725.0,14826617.0,19012725.0,1441724450.0,4130525289.0,4130525289.0,0.65098,0.18492001,7325100032.0,1.773,319277105152.0,1111347560448.0,269.298,,,575712329728.0,1.211,0.013,0.51803,0.12129,0.09877,0.03844,146.001,1.2615666,1076146208768.0,17.813347,11.612145,10.34,15.86184,2.35,1.27,1790726400.0,0.1546,2.86,,0.968,42722701312.0,,1.047
2026-09-28T07:34:48.824317,IKS.NS,Inventurus Knowledge Solutions Limited,Health Information Services,Healthcare,NSE,https://ikshealth.com,Navi Mumbai,400 708,296930705408.0,1790580903.0,1770.0,1815.8,1815.8,1762.7,79877.0,1815.8,-45.80005,-2.522168,1262.0,1970.0,2189.0,1236.8,1795.61,-25.609985,-0.014262554,1649.3375,120.662476,0.073158145,508.0,0.40253565,-200.0,-0.10152284,1262.0 - 1970.0,225432.0,346718.0,225432.0,51507285.0,167757449.0,167757449.0,0.70976996,0.09782,6089560064.0,36.335,7525150208.0,33473220608.0,199.881,,,16597610496.0,0.279,0.207,0.49585,0.34467998,0.29167998,0.22817,167.361,10.575941,305756438528.0,39.62391,24.577642,44.67,72.01667,,,,0.0,,,9.134,7637559808.0,,
2026-09-28T07:34:48.824317,JSWSTEEL.NS,JSW Steel Limited,Steel,Basic Materials,NSE,https://www.jswsteel.in,Mumbai,400051,3078073352192.0,1790580913.0,1261.0,1278.4,1278.4,1260.4,570936.0,1277.0,-16.0,-1.253231,1073.2,1351.0,1351.0,10.171428,1285.93,-24.930054,-0.019386789,1238.797,22.203003,0.017923037,187.80005,0.17499073,-90.0,-0.06661732,1073.2 - 1351.0,1590267.0,1289491.0,1590267.0,891951400.0,2440978228.0,2440978228.0,0.63601,0.18114,490080010240.0,200.784,1005959970816.0,1896870051840.0,777.092,,,802100019200.0,1.13,0.098,0.42285,0.18270999,0.15299,0.13065,409.914,3.076255,3687035961344.0,12.437124,17.307629,101.39,72.85805,7.1,0.56,1783382400.0,0.09770001,0.97,10:1,1.944,247830003712.0,1483488000.0,0.627
2026-09-28T07:34:48.824317,HCLTECH.NS,HCL Technologies Limited,Information Technology Services,Technology,NSE,https://www.hcltech.com,Noida,201304,3378961448960.0,1790580910.0,1248.8,1252.0,1263.0,1241.8,1305818.0,1258.0,-9.199951,-0.7313157,1030.0,1780.1,2012.2,14.7,1298.442,-49.641968,-0.038231947,1347.5435,-98.74341,-0.0732766,218.80005,0.21242723,-531.2999,-0.29846635,1030.0 - 1780.1,3102013.0,2479272.0,3102013.0,1038826534.0,2705766714.0,2705766714.0,0.62786996,0.28160998,2590000128.0,0.957,548000000.0,14769000448.0,5.456,0.13305001,0.24067,5022000128.0,0.084,0.03,0.34004003,0.18917999,0.16877002,0.12966,272.77914,4.578063,3401909272576.0,19.427505,15.590245,64.28,80.10137,60.0,4.77,1784246400.0,0.9339,3.73,2:1,230.341,1915000064.0,1575504000.0,0.001
2026-09-28T07:34:48.824317,UBL.NS,United Breweries Limited,Beverages - Brewers,Consumer Defensive,NSE,https://www.unitedbreweries.com,Bengaluru,560001,323393945600.0,1790580818.0,1223.1,1258.8,1258.8,1218.0,29865.0,1251.3,-28.200073,-2.2531216,1210.4,1844.0,2299.7,63.05,1337.228,-114.12805,-0.085346736,1441.852,-218.75208,-0.15171604,12.699951,0.010492358,-620.9,-0.33671367,1210.4 - 1844.0,132506.0,123567.0,132506.0,65707324.0,264405149.0,264405149.0,0.72827005,0.20777,4638400000.0,17.543,13165299712.0,94424801280.0,357.164,,,39722299392.0,-0.095,0.071,0.42068002,0.07534,0.06418,0.0419,171.029,7.151418,339434471424.0,81.43142,45.03458,15.02,27.15913,10.0,0.8,1786060800.0,0.66800004,0.47,10:1,3.595,3956300032.0,1149811200.0,-0.042
2026-09-28T07:34:48.824317,HAL.NS,Hindustan Aeronautics Limited,Aerospace & Defense,Industrials,NSE,https://hal-india.co.in,Bengaluru,560 001,3166248108032.0,1790580912.0,4734.4,4790.1,4793.9,4721.8,442185.0,4800.0,-65.6001,-1.3666117,3479.1,5149.9,5674.75,235.0,4814.732,-80.33203,-0.016684633,4394.056,340.34375,0.07745548,1255.2998,0.36081165,-415.5,-0.08068118,3479.1 - 5149.9,836420.0,610909.0,836420.0,183217599.0,668775000.0,668775000.0,0.71639,0.16162,461957791744.0,690.752,658200000.0,337849810944.0,505.184,,,174680604672.0,0.149,0.144,0.51704,0.23673001,0.15674,0.27591,613.676,7.71482,2748855091200.0,34.011494,27.413174,139.2,172.70528,20.0,0.42,1786665600.0,0.35869998,1.35,2:1,8.136,93215096832.0,1695859200.0,0.499
2026-09-28T07:34:48.824317,LICHSGFIN.NS,LIC Housing Finance Limited,Mortgage Finance,Financial Services,NSE,https://www.lichousing.com,Mumbai,400005,315956199424.0,1790580911.0,574.4,568.0,574.7,562.5,1459493.0,566.0,8.400024,1.4847591,458.9,598.2,826.75,11.36,533.528,40.87201,0.076607056,533.2228,41.177246,0.077223346,115.50003,0.2516889,-23.799988,-0.039786004,458.9 - 598.2,2464817.0,2873298.0,2464817.0,299803002.0,550063000.0,550063000.0,0.02342,0.75139,13484000256.0,24.515,2662161973248.0,88046600192.0,160.055,,,86716301312.0,0.099,0.145,0.98489,0.0,0.82443,0.65177,753.06,0.7627547,2960039870464.0,5.5066633,5.2698865,104.31,108.99666,10.0,1.77,1787270400.0,0.0959,1.86,5:1,33.619,57386299392.0,1293667200.0,0.228
2026-09-28T07:34:48.824317,BRIGADE.NS,Brigade Enterprises Limited,Real Estate - Development,Real Estate,NSE,https://www.brigadegroup.com,Bengaluru,560055,191538855936.0,1790580896.0,587.25,600.0,600.85,585.0,93659.0,597.9,-10.650024,-1.7812383,450.75,802.0125,1089.825,13.95,611.128,-23.87799,-0.039071996,566.62445,20.62555,0.03640074,136.5,0.3028286,-214.76251,-0.2677795,450.75 - 802.0125,688720.0,274923.0,688720.0,1711175870.0,326162379.0,326162379.0,0.46712002,0.37236,27353100288.0,8.387,63439499264.0,55316299776.0,169.538,,,29310699520.0,0.338,-0.129,0.52987,0.26756,0.25834,0.12562999,20.913,28.08062,1993023553536.0,29.674076,14.889828,19.79,39.43968,2.0,0.33,1785888000.0,0.0949,0.26,4:3,36.03,6949199872.0,1781654400.0,0.177
2026-09-28T07:34:48.824317,IRCON.NS,Ircon International Limited,Engineering & Construction,Industrials,NSE,https://www.ircon.org,New Delhi,110017,97841848320.0,1790580912.0,104.03,105.95,105.95,103.81,1274750.0,105.95,-1.9199982,-1.8109773,103.81,186.44,351.6,29.0,121.2108,-17.180801,-0.14174315,139.04445,-35.01445,-0.251822,0.22000122,0.002119268,-82.41,-0.4420189,103.81 - 186.44,1438652.0,2055485.0,1438652.0,326285549.0,940515740.0,940515740.0,0.65169,0.03378,51762200576.0,55.256,57256300544.0,92405997568.0,98.323,,,11121500160.0,-0.434,0.095,0.120349996,0.08396,0.08193,0.05667,70.683,1.4717824,105065136128.0,15.834094,13.510389,6.57,7.7,1.9,1.79,1789603200.0,0.33490002,3.06,2:1,1.137,5236499968.0,1621468800.0,0.625
2026-09-28T07:34:48.824317,SOBHA.NS,Sobha Limited,Real Estate - Development,Real Estate,NSE,https://www.sobha.com,Bengaluru,560103,131660169216.0,1790580913.0,1231.0,1228.4,1233.6,1205.1,18714.0,1226.6,4.4000244,0.35883418,1130.0,1732.0,2160.8035,61.0,1296.766,-65.76599,-0.050715387,1375.5145,-144.51453,-0.10506216,101.0,0.08938053,-501.0,-0.28926098,1130.0 - 1732.0,168347.0,76416.0,168347.0,44429692.0,106953834.0,106932977.0,0.58476,0.28343,14898549760.0,139.299,11620320256.0,56167161856.0,525.466,,,18086240256.0,2.74,0.5,0.32201,0.063379996,0.03862,0.04106,441.306,2.7894478,127911346176.0,57.017136,17.027832,21.59,72.29341,6.0,0.49,1783641600.0,0.1391,0.34,,2.277,2306360064.0,,0.428
2026-09-28T07:34:48.824317,BATAINDIA.NS,Bata India Limited,Footwear & Accessories,Consumer Cyclical,NSE,https://www.bata.in,Gurugram,122001,80541786112.0,1790580910.0,626.65,631.5,633.7,625.3,77489.0,629.8,-3.1499634,-0.500153,605.0,1238.0,2262.0,11.85,685.086,-58.435974,-0.08529728,742.115,-115.464966,-0.15558904,21.650024,0.035785165,-611.35,-0.49382067,605.0 - 1238.0,372557.0,224640.0,372557.0,63645553.0,128527540.0,128527540.0,0.50471,0.30923,5264059904.0,40.957,13865700352.0,35525881856.0,276.359,,,19575369728.0,0.23,0.039,0.55102,0.13053,0.10557,0.041149996,124.145,5.0477266,89548283904.0,54.969303,29.41559,11.4,21.30333,34.0,5.4,1787097600.0,0.79160005,0.91,2:1,2.521,1461890048.0,1444176000.0,0.376
2026-09-28T07:34:48.824317,MANYAVAR.NS,Vedant Fashions Limited,Apparel Manufacturing,Consumer Cyclical,NSE,https://www.vedantfashions.com,Kolkata,700015,130964733952.0,1790580818.0,539.0,526.0,541.2,520.25,86638.0,532.5,6.5,1.2206572,329.2,711.45,1512.0,329.2,514.952,24.047974,0.046699446,456.25275,82.74725,0.18136275,209.79999,0.6373025,-172.45001,-0.24239232,329.2 - 711.45,1185915.0,425500.0,1185915.0,60849165.0,242977245.0,242977245.0,0.74939,0.18173,5370480128.0,22.119,4575909888.0,14556539904.0,59.943,,,10227699712.0,0.149,0.072,0.70262,0.46505,0.29462,0.2651,80.943,6.659007,128498671616.0,33.963455,29.027248,15.87,18.56876,7.75,1.46,1789948800.0,0.50380003,,,8.828,3858970112.0,,-0.062
2026-09-28T07:34:48.824317,AJANTPHARM.NS,Ajanta Pharma Limited,Drug Manufacturers - Specialty & Generic,Healthcare,NSE,https://www.ajantapharma.com,Mumbai,400 093,442504904704.0,1790580906.0,3541.2,3546.0,3560.0,3506.1,43268.0,3547.8,-6.6000977,-0.18603353,2329.9,3796.0,3796.0,1.822222,3528.272,12.9279785,0.0036641106,3099.677,441.52295,0.1424416,1211.3,0.5198936,-254.80005,-0.0671233,2329.9 - 3796.0,105881.0,94312.0,105881.0,42047084.0,124959024.0,124959024.0,0.54292,0.24323,6631099904.0,53.076,2659099904.0,57761701888.0,462.341,,,44602601472.0,0.308,0.248,0.77218,0.27071,0.25195998,0.19648,362.354,9.772763,439274602496.0,38.99141,30.399979,90.82,116.48692,64.0,1.8,1785888000.0,0.3084,0.93,3:2,7.605,11348799488.0,1655856000.0,0.218
2026-09-28T07:34:48.824317,SRF.NS,SRF Limited,Conglomerates,Industrials,NSE,https://www.srf.com,Gurugram,122003,741489311744.0,1790580911.0,2501.6,2527.3,2527.3,2487.4,102382.0,2540.0,-38.399902,-1.5119263,2355.0,3210.0,3325.0,3.6,2596.592,-94.99194,-0.036583316,2682.3396,-180.7395,-0.06738129,146.6001,0.062250573,-708.3999,-0.22068533,2355.0 - 3210.0,393917.0,218849.0,393917.0,141110074.0,296406025.0,296406025.0,0.52386004,0.31506002,12392899584.0,41.808,50827898880.0,170011492352.0,573.58,,,82143502336.0,0.756,0.318,0.48316002,0.24104,0.2217,0.12715,473.738,5.280556,791354081280.0,34.301388,27.736658,72.93,90.19112,10.0,0.39,1785196800.0,0.1234,0.3,5:1,4.655,21617299456.0,1634083200.0,0.126
2026-09-28T07:34:48.824317,ESCORTS.NS,Escorts Kubota Limited,Farm & Heavy Construction Machinery,Industrials,NSE,https://www.escortskubota.com,Faridabad,121003,303565570048.0,1790580913.0,2759.0,2844.0,2847.4,2750.8,44373.0,2855.7,-96.69995,-3.3862083,2700.0,3987.8,4420.0,30.5,2989.986,-230.98608,-0.07725323,3169.1736,-410.17358,-0.12942603,59.0,0.021851853,-1228.8,-0.30813983,2700.0 - 3987.8,98174.0,88201.0,98174.0,31510369.0,110027390.0,110027390.0,0.76064,0.124910004,67292999680.0,601.487,1618899968.0,122477600768.0,1113.209,,,35292598272.0,-0.724,0.283,0.28816,0.11986,0.09024999,0.11291,1105.924,2.4947467,253775806464.0,21.957819,19.853407,125.65,138.9686,33.0,1.16,1783036800.0,0.2626,0.48,,2.072,13829199872.0,,0.28
2026-09-28T07:34:48.824317,ONESOURCE.NS,OneSource Specialty Pharma Limited,Biotechnology,Healthcare,NSE,https://www.onesourcecdmo.com,Bengaluru,560076,180232798208.0,1790580912.0,1571.7,1602.6,1617.4,1569.1,125571.0,1602.6,-30.900024,-1.9281183,1057.0,1925.0,2248.0,1057.0,1582.83,-11.130005,-0.007031712,1573.1274,-1.4274902,-0.00090742187,514.69995,0.48694414,-353.30005,-0.18353249,1057.0 - 1925.0,290264.0,254563.0,290264.0,65849895.0,114673791.0,114673791.0,0.3549,0.33130002,1030270016.0,8.985,15039389696.0,15433430016.0,128.593,,,10492949504.0,,0.372,0.67987996,0.22249001,0.11492,-0.0315,507.4,3.097556,197771460608.0,,20.817219,-4.17,75.5,,,,0.0,,,12.814,-486200000.0,,
2026-09-28T07:34:48.824317,DATAPATTNS.NS,Data Patterns (India) Limited,Aerospace & Defense,Industrials,NSE,https://www.datapatternsindia.com,Chennai,603103,239275474944.0,1790580911.0,4274.0,4418.8,4421.9,4272.0,204131.0,4418.8,-144.7998,-3.275643,2131.0,5000.0,5000.0,575.0,4543.318,-269.31787,-0.059277795,3744.949,529.051,0.14127056,2143.0,1.0056312,-726.0,-0.1452,2131.0 - 5000.0,852624.0,579791.0,852624.0,23685698.0,55983969.0,55983969.0,0.53234,0.19073,4226500096.0,75.495,52700000.0,9414700032.0,168.208,,,5860499968.0,-0.134,0.168,0.62248003,0.39681,0.21934,0.28459,310.083,13.783406,243208159232.0,89.564125,52.789745,47.72,80.96269,10.0,0.23,1784851200.0,0.16510001,,,25.833,2679300096.0,,0.538
2026-09-28T07:34:48.824317,SUMICHEM.NS,Sumitomo Chemical India Limited,Agricultural Inputs,Basic Materials,NSE,https://www.sumichem.co.in,Mumbai,400063,216878825472.0,1790580902.0,434.5,446.6,448.2,433.6,113687.0,446.35,-11.850006,-2.6548686,362.6,572.05,665.0,151.05,510.29,-75.79001,-0.1485234,455.86224,-21.362244,-0.046861183,71.899994,0.19829011,-137.54999,-0.240451,362.6 - 572.05,1009602.0,328210.0,1009602.0,122470398.0,499145736.0,499145736.0,0.75464,0.09691,12887329792.0,25.819,633000000.0,32448819200.0,65.007,,,13574960128.0,0.204,0.006,0.41834998,0.20333,0.20319,0.17858,67.909,6.3982687,210580504576.0,37.424637,29.767063,11.61,14.59667,1.3,0.29,1784246400.0,0.1034,0.47,,6.49,5794549760.0,,0.207
2026-09-28T07:34:48.824317,BLUEDART.NS,Blue Dart Express Limited,Integrated Freight & Logistics,Industrials,NSE,https://www.bluedart.com,Mumbai,400099,111789408256.0,1790580654.0,4711.3,4725.0,4740.0,4705.0,3383.0,4746.5,-35.200195,-0.7416032,4628.5,7036.0,9640.0,52.15,4999.536,-288.23633,-0.057652615,5174.6753,-463.3755,-0.08954678,82.799805,0.017889123,-2324.7002,-0.33040082,4628.5 - 7036.0,21175.0,6828.0,21175.0,5614808.0,23727934.0,23727934.0,0.76188004,0.1664,6515400192.0,274.561,11418999808.0,63566798848.0,2678.865,,,15991100416.0,0.812,0.15,0.25156,0.16992001,0.074939996,0.04516,748.924,6.290758,117539102720.0,38.923496,25.553967,121.04,184.36667,25.0,0.53,1789430400.0,0.2067,0.48,2:1,1.849,2870500096.0,997401600.0,0.219
2026-09-28T07:34:48.824317,SONACOMS.NS,Sona BLW Precision Forgings Limited,Auto Parts,Consumer Cyclical,NSE,https://www.sonacomstar.com,Gurugram,122004,510443421696.0,1790580915.0,817.85,824.5,827.9,807.5,2641727.0,824.5,-6.6500244,-0.80640566,402.3,844.0,844.0,295.0,788.703,29.146973,0.036955576,609.7455,208.10449,0.3412973,415.55,1.0329356,-26.150024,-0.03098344,402.3 - 844.0,2457313.0,2673211.0,2457313.0,396545543.0,624128424.0,624128424.0,0.27913,0.6911,12289000448.0,19.762,4422870016.0,48967540736.0,78.7,,,24445380608.0,0.443,0.524,0.49922,0.22680001,0.16643,0.14212,96.212,8.500499,506339065856.0,72.95718,48.48222,11.21,16.86907,3.6,0.44,1782345600.0,0.3038,,,10.34,6959289856.0,,0.454
2026-09-28T07:34:48.824317,SAILIFE.NS,Sai Life Sciences Limited,Diagnostics & Research,Healthcare,NSE,https://www.sailife.com,Hyderabad,500032,335217164288.0,1790580913.0,1578.1,1600.2,1611.1,1575.1,164940.0,1592.2,-14.099976,-0.88551,783.85,1697.0,1697.0,636.1,1462.072,116.027954,0.07935858,1138.7863,439.31372,0.38577363,794.25,1.0132679,-118.900024,-0.070064835,783.85 - 1697.0,606866.0,471032.0,606866.0,128858752.0,212418216.0,212418216.0,0.37890998,0.44867,1578630016.0,7.453,2884519936.0,22503579648.0,106.833,,,16756710400.0,0.208,0.117,0.74461997,0.2975,0.18414,0.16075,117.47,13.434068,338543968256.0,92.611496,63.165028,17.04,24.98376,,,,0.0,,,15.044,3617400064.0,,
2026-09-28T07:34:48.824317,KIRLOSENG.NS,Kirloskar Oil Engines Limited,Specialty Industrial Machinery,Industrials,NSE,https://kirloskaroilengines.com,Pune,411038,307832684544.0,1790580915.0,2115.4,2138.1,2152.0,2086.3,232523.0,2137.2,-21.800049,-1.0197421,865.55,2720.0,2720.0,9.82,2154.954,-39.5542,-0.018355008,1735.4475,379.9524,0.21893626,1249.8499,1.443995,-604.6001,-0.22227944,865.55 - 2720.0,516356.0,406275.0,516356.0,83023400.0,145519854.0,145519854.0,0.42834,0.3188,15692999680.0,107.93,55365898240.0,79523799040.0,547.177,,,32849399808.0,-0.199,0.134,0.41307998,0.17106001,0.12594,0.06868,249.067,8.493297,349971185664.0,56.561493,37.079754,37.4,57.05,7.0,0.33,1785456000.0,0.1736,1.1,,4.401,5461400064.0,,0.724
2026-09-28T07:34:48.824317,BPCL.NS,Bharat Petroleum Corporation Limited,Oil & Gas Refining & Marketing,Energy,NSE,https://www.bharatpetroleum.in,Mumbai,400001,1292670468096.0,1790580915.0,302.55,306.95,308.5,302.25,1447738.0,308.5,-5.950012,-1.9286911,266.6,391.65,391.65,5.439583,314.436,-11.886017,-0.03780107,323.04926,-20.499268,-0.06345555,35.94998,0.13484614,-89.100006,-0.22749907,266.6 - 391.65,5692609.0,4631488.0,5692609.0,1852391039.0,4272584874.0,4272584874.0,0.56657004,0.28884,201686106112.0,47.172,544244203520.0,4939535876096.0,1155.903,,,630040887296.0,,0.344,0.12755,0.059520002,-0.04048,0.034679998,234.373,1.2908909,1661571694592.0,7.5430064,7.625935,40.11,39.67382,20.0,6.48,1769990400.0,0.5611,5.45,2:1,0.336,171317297152.0,1718928000.0,0.87
2026-09-28T07:34:48.824317,TRENT.NS,Trent Limited,Apparel Retail,Consumer Cyclical,NSE,https://trentlimited.com,Mumbai,400051,1402400931840.0,1790580913.0,2630.0,2660.0,2663.8,2616.4,388560.0,2669.3,-39.30005,-1.4720774,2183.6667,4908.0,8345.0,9.384712,2898.798,-268.7981,-0.09272743,2820.747,-190.74707,-0.06762289,446.33325,0.20439623,-2278.0,-0.46414018,2183.6667 - 4908.0,1071400.0,700956.0,1071400.0,302091467.0,533232301.0,533232301.0,0.43403998,0.31374002,9288899584.0,17.42,25612500992.0,209454399488.0,392.747,,,90085801984.0,0.207,0.178,0.4301,0.14171,0.1249,0.08637,130.988,20.078175,1440910409728.0,77.581116,51.620712,33.9,50.94854,4.0,0.15,1781222400.0,0.1179,0.1,3:2,6.879,18089699328.0,1780531200.0,0.371
2026-09-28T07:34:48.824317,ASIANPAINT.NS,Asian Paints Limited,Specialty Chemicals,Basic Materials,NSE,https://www.asianpaints.com,Mumbai,400055,2324041302016.0,1790580916.0,2424.3,2437.9,2441.6,2414.3,371536.0,2444.0,-19.699951,-0.8061196,2115.0,2985.7,3590.0,20.133,2611.958,-187.65796,-0.0718457,2552.2795,-127.97949,-0.050143212,309.30005,0.14624116,-561.3999,-0.18802957,2115.0 - 2985.7,846980.0,487366.0,846980.0,442967131.0,958644295.0,958644295.0,0.52902,0.27114,86016401408.0,89.675,39289298944.0,371869286400.0,387.962,,,161885503488.0,0.399,0.179,0.43533,0.18521999,0.17687,0.12813,222.807,10.880717,2303986237440.0,48.867165,40.013657,49.61,60.58682,27.5,1.13,1782172800.0,0.5534,0.89,10:1,6.196,47648301056.0,1375142400.0,0.282
2026-09-28T07:34:48.824317,ATGL.NS,Adani Total Gas Limited,Utilities - Regulated Gas,Utilities,NSE,https://www.adanigas.com,Ahmedabad,382421,657521442816.0,1790580910.0,597.85,611.5,611.5,597.45,352069.0,611.65,-13.800049,-2.2560155,462.8,859.85,4000.0,72.0,639.442,-41.59204,-0.06504428,613.1423,-15.292297,-0.024940863,135.04999,0.2918107,-262.0,-0.3047043,462.8 - 859.85,1818804.0,5355967.0,1818804.0,222370601.0,1099810083.0,1099810083.0,0.79767996,0.07401,5449200128.0,4.955,28532299776.0,62693601280.0,57.043,,,17707900928.0,-0.14,0.272,0.28245002,0.18347,0.11602,0.100839995,44.233,13.515926,695781949440.0,103.97391,,5.75,,0.25,0.04,1781222400.0,0.0435,0.03,,11.098,6321999872.0,,0.596
2026-09-28T07:34:48.824317,EIDPARRY.NS,E.I.D.- Parry (India) Limited,Agricultural Inputs,Basic Materials,NSE,https://www.eidparry.com,Chennai,600 001,124844818432.0,1790580908.0,701.55,706.0,708.4,694.15,185266.0,704.75,-3.2000122,-0.45406345,682.75,1118.0,1246.8,7.3,766.26,-64.71002,-0.08444917,821.738,-120.18799,-0.14626072,18.799988,0.027535683,-416.45,-0.37249553,682.75 - 1118.0,512809.0,314337.0,512809.0,94163758.0,177955692.0,177955692.0,0.48033002,0.27377,33091198976.0,186.584,35280699392.0,388318494720.0,2183.399,,,87650500608.0,-0.424,0.034,0.22572,0.08554,0.0563,0.01197,494.275,1.4193516,188713566208.0,26.899923,9.366488,26.08,74.9,,,1700524800.0,0.0,3.14,2:1,0.486,4648600064.0,1293062400.0,0.028
2026-09-28T07:34:48.824317,ABB.NS,ABB India Limited,Specialty Industrial Machinery,Industrials,NSE,https://new.abb.com/indian-subcontinent,Bengaluru,560058,1470220206080.0,1790580916.0,6938.0,7038.0,7041.5,6910.5,119792.0,7052.5,-114.5,-1.6235378,4637.5,7924.5,9149.95,7.716798,7427.06,-489.06006,-0.0658484,6580.405,357.5952,0.054342434,2300.5,0.4960647,-986.5,-0.12448735,4637.5 - 7924.5,293007.0,174728.0,293007.0,51771377.0,211908375.0,211908375.0,0.76342005,0.13843,73355198464.0,346.023,1445200000.0,139951194112.0,660.443,0.07907,0.19131,52175200256.0,0.03,0.121,0.37280998,0.13784,0.11459,0.21349001,440.551,15.748461,1423186984960.0,92.803635,66.151436,74.76,104.88056,39.36,0.56,1786060800.0,0.5273,0.38,5:1,10.169,15815199744.0,1182988800.0,0.483
2026-09-28T07:34:48.824317,BAJAJHFL.NS,Bajaj Housing Finance Limited,Mortgage Finance,Financial Services,NSE,https://www.bajajhousingfinance.in,Pune,411014,687114616832.0,1790580915.0,82.5,83.14,83.14,82.0,2014275.0,83.14,-0.6399994,-0.7696001,72.65,113.45,188.5,72.65,84.6424,-2.1424026,-0.025311222,86.51255,-4.0125504,-0.046381135,9.849998,0.13558154,-30.949997,-0.2728074,72.65 - 113.45,3542766.0,3001081.0,3542766.0,1100466111.0,8328662006.0,8328662006.0,0.86740994,0.01021,1936400000.0,0.232,1037715505152.0,42615701504.0,5.119,,0.12679,42314100736.0,0.229,0.196,0.99292,0.0,0.80913,0.63176996,27.043,3.050697,1728224034816.0,25.541796,18.844435,3.23,4.37795,,,,0.0,,,40.554,26923200512.0,,0.726
2026-09-28T07:34:48.824317,AIAENG.NS,AIA Engineering Limited,Specialty Industrial Machinery,Industrials,NSE,https://www.aiaengineering.com,Ahmedabad,380054,,1790580907.0,3851.8,3939.3,3939.3,3848.0,11603.0,3919.4,-67.59985,-1.7235188,3045.0,5180.0,5180.0,75.3,4358.504,-506.70386,-0.11625637,4130.3677,-278.56763,-0.06744379,806.80005,0.26495898,-1328.2,-0.25640926,3045.0 - 5180.0,68557.0,79536.0,68557.0,30040274.0,,,0.58527,0.34732,43838373888.0,469.814,102667000.0,45489397760.0,487.46,,,24866117632.0,-0.013,0.124,0.54664004,0.27702,0.23876,0.27836,860.133,4.4781446,322072903680.0,28.403511,25.206467,135.61,152.81,16.0,0.41,1788480000.0,0.1179,0.41,5:1,7.08,12662475776.0,1223856000.0,0.248
2026-09-28T07:34:48.824317,YESBANK.NS,Yes Bank Limited,Banks - Regional,Financial Services,NSE,https://www.yes.bank.in,Mumbai,400055,673295499264.0,1790580915.0,21.45,22.38,22.38,21.44,78291683.0,22.5,-1.0499992,-4.6645904,17.2,25.78,404.0,5.65,22.7734,-1.3233986,-0.058111597,21.80415,-0.35414886,-0.01624227,4.25,0.247093,-4.33,-0.16795965,17.2 - 25.78,66445087.0,79181421.0,66445087.0,15283552764.0,31389067719.0,31389067719.0,0.44162998,0.17979,236114001920.0,7.49,685089619968.0,162813394944.0,5.175,0.00863,0.074650005,162813394944.0,0.308,0.09,0.0,0.0,0.30765,0.23185,16.634,1.2895274,1158302662656.0,17.875,11.796345,1.2,1.81836,,,1559520000.0,0.0,1.84,5:1,7.114,37748600832.0,1505952000.0,0.48
2026-09-28T07:34:48.824317,NMDC.NS,NMDC Limited,Steel,Basic Materials,NSE,https://www.nmdc.co.in,Hyderabad,500028,688047652864.0,1790580916.0,78.26,80.7,80.9,78.15,14340797.0,79.9,-1.6399994,-2.052308,72.24,97.49,146.34952,15.769981,84.0344,-5.774399,-0.0687147,84.26315,-6.003151,-0.07124289,6.0200043,0.083333395,-19.229996,-0.19725096,72.24 - 97.49,16793135.0,9846039.0,16793135.0,3443469555.0,8791817550.0,8791817550.0,0.60797,0.20551,113947598848.0,12.973,64068100096.0,321272807424.0,36.525,,,149757902848.0,0.004,0.008,0.46613997,0.28876,0.3481,0.23216999,38.814,2.0162828,652073172992.0,9.361244,7.57024,8.36,10.33785,2.0,2.5,1790812800.0,0.4127,5.97,3:1,2.03,74597597184.0,1735257600.0,0.641
2026-09-28T07:34:48.824317,IREDA.NS,Indian Renewable Energy Development Agency Limited,Credit Services,Financial Services,NSE,https://www.ireda.in,New Delhi,110066,323061612544.0,1790580917.0,115.0,113.26,117.39,111.81,12566620.0,113.22,1.7799988,1.572437,107.4,158.7,310.0,50.0,116.0808,-1.0808029,-0.009310781,124.4485,-9.448502,-0.07592298,7.5999985,0.07076348,-43.699997,-0.2753623,107.4 - 158.7,4386795.0,4261002.0,4386795.0,793298818.0,2809231268.0,2809231268.0,0.71757007,0.04242,15521999872.0,5.525,779800805376.0,28382699520.0,10.112,,,28298399744.0,0.33,0.237,0.99703,0.0,0.85359,0.69254994,49.072,2.3434954,1082339950592.0,16.358463,11.675126,7.03,9.85,1.5,1.32,1789084800.0,0.0853,,,38.134,19656499200.0,,0.025
2026-09-28T07:34:48.824317,NCC.NS,NCC Limited,Engineering & Construction,Industrials,NSE,https://ncclimited.com,Hyderabad,500081,82034434048.0,1790580910.0,130.66,133.9,133.9,130.3,1025739.0,132.82,-2.1600037,-1.6254072,130.0,217.25,364.5,2.25541,142.1376,-11.4776,-0.08074992,148.78885,-18.128845,-0.12184277,0.66000366,0.0050769513,-86.59,-0.39857304,130.0 - 217.25,2109094.0,2099639.0,2109094.0,414077382.0,627846588.0,627846588.0,0.35761002,0.24058,7049200128.0,11.228,46078599168.0,214558392320.0,341.827,,,34783301632.0,0.127,0.122,0.16212,0.08906,0.081870005,0.03261,125.332,1.0425111,124021686272.0,11.728905,9.649157,11.14,13.54108,2.2,1.66,1786665600.0,0.1973,1.34,2:1,0.578,6995800064.0,1158710400.0,0.555
2026-09-28T07:34:48.824317,NAUKRI.NS,Info Edge (India) Limited,Internet Content & Information,Communication Services,NSE,https://www.infoedge.in,Noida,201304,802870722560.0,1790580915.0,1239.5,1250.8,1263.0,1234.4,778391.0,1254.8,-15.300049,-1.2190301,908.3,1419.9,1825.78,18.81,1282.67,-43.170044,-0.033656392,1135.8735,103.626465,0.09123064,331.2,0.36463726,-180.40002,-0.12705122,908.3 - 1419.9,2133870.0,1434707.0,2133870.0,311879167.0,647737579.0,647737579.0,0.47035,0.38286,45885431808.0,70.84,2585299968.0,33746180096.0,52.111,,,19030550528.0,0.507,0.114,0.56393003,0.35501,0.34807998,0.47402,585.316,2.1176596,794044071936.0,50.141586,52.54719,24.72,23.58832,14.4,1.15,1784851200.0,0.3405,0.4,5:1,23.53,15996260352.0,1746576000.0,0.298
2026-09-28T07:34:48.824317,TATATECH.NS,Tata Technologies Limited,Information Technology Services,Technology,NSE,https://www.tatatechnologies.com,Pune,411057,286449270784.0,1790580910.0,705.45,701.0,709.0,691.2,565196.0,703.05,2.4000244,0.34130043,507.4,891.0,1400.0,507.4,780.632,-75.18201,-0.09630915,674.4437,31.006287,0.045973126,198.05002,0.39032325,-185.54999,-0.20824915,507.4 - 891.0,1518633.0,1000697.0,1518633.0,177360186.0,406051830.0,406051830.0,0.60245997,0.07901,15765199872.0,38.833,9379800064.0,59259101184.0,146.075,,,14545399808.0,0.062,0.338,0.24545,0.1397,0.13259,0.094,96.64,7.2997727,279038361600.0,51.455143,30.066656,13.71,23.46287,8.35,1.19,1781740800.0,0.6082,,,4.709,5570599936.0,,0.853
2026-09-28T07:34:48.824317,M&MFIN.NS,Mahindra & Mahindra Financial Services Limited,Credit Services,Financial Services,NSE,https://www.mahindrafinance.com,Mumbai,400 018,459618189312.0,1790580915.0,330.75,333.0,336.5,326.2,432674.0,333.1,-2.350006,-0.7053898,269.5,415.0,415.0,16.723997,373.327,-42.576996,-0.11404746,342.88824,-12.138245,-0.035400003,61.25,0.22727273,-84.25,-0.20301205,269.5 - 415.0,4054827.0,1584565.0,4054827.0,644009534.0,1389624195.0,1389624195.0,0.53642,0.37622002,21435099136.0,15.431,1147356053504.0,105309298688.0,75.77,,,90919403520.0,0.64,0.367,0.86336,0.0,0.43799,0.30887,191.766,1.7247583,1589169750016.0,14.104477,10.991929,23.45,30.09026,7.5,2.25,1783900800.0,0.2771,1.75,5:1,15.09,32526899200.0,1360886400.0,0.333
2026-09-28T07:34:48.824317,CLEAN.NS,Clean Science and Technology Limited,Specialty Chemicals,Basic Materials,NSE,https://cleanscience.co.in,Pune,411013,83475554304.0,1790580915.0,785.4,807.25,810.0,785.3,121970.0,807.25,-21.849976,-2.7067173,652.0,1118.0,2705.0,652.0,805.279,-19.878967,-0.024685813,787.9808,-2.5807495,-0.0032751427,133.40002,0.20460126,-332.59998,-0.2974955,652.0 - 1118.0,377015.0,307511.0,377015.0,52259217.0,106284121.0,106284121.0,0.55212003,0.2338,3753679872.0,35.311,21390000.0,9821100032.0,92.417,,,6038179840.0,0.047,0.105,0.61482,0.35799,0.28083,0.23719,148.941,5.2732296,82081890304.0,35.895798,24.66188,21.88,31.84672,6.0,0.74,1788480000.0,0.2738,,,8.358,2329420032.0,,0.27
2026-09-28T07:34:48.824317,TRIVENI.NS,Triveni Engineering & Industries Limited,Confectioners,Consumer Defensive,NSE,https://www.trivenigroup.com,Noida,201301,53129523200.0,1790580911.0,241.1,250.0,251.75,240.75,299483.0,247.55,-6.449997,-2.605533,220.05,490.1,536.0,10.35,271.262,-30.161987,-0.11119135,358.54575,-117.44574,-0.32756138,21.050003,0.09566009,-249.0,-0.50805956,220.05 - 490.1,973453.0,787103.0,973453.0,72424588.0,220363016.0,220363016.0,0.67423,0.09742,703400000.0,3.276,21610100736.0,63230799872.0,285.323,,,17097299968.0,-0.15,-0.011,0.27040002,0.09012,0.01381,0.042740002,151.72,1.5891116,74057138176.0,19.05929,11.935643,12.65,20.2,5.25,2.12,1788134400.0,0.316,0.98,5:2,1.171,2789799936.0,1118620800.0,0.333
2026-09-28T07:34:48.824317,SYNGENE.NS,Syngene International Limited,Diagnostics & Research,Healthcare,NSE,https://www.syngeneintl.com,Bengaluru,560099,151401562112.0,1790580916.0,376.15,380.0,380.0,374.35,117803.0,378.7,-2.5500183,-0.673361,360.4,678.95,960.6,147.5,397.521,-21.371002,-0.05376069,450.6225,-74.4725,-0.16526583,15.75,0.043701444,-302.80002,-0.44598278,360.4 - 678.95,1061328.0,898539.0,1061328.0,178711364.0,402503158.0,402503158.0,0.52876,0.38349,12890999808.0,31.511,4584000000.0,36002000896.0,89.068,,,24480999424.0,,-0.158,0.67999,0.24004,0.03899,0.061389998,120.405,3.1240396,146615730176.0,68.51549,35.29098,5.49,10.65853,1.25,0.33,1782345600.0,0.22770001,,2:1,4.072,2209999872.0,1560211200.0,0.076
2026-09-28T07:34:48.824317,ARE&M.NS,Amara Raja Energy & Mobility Limited,Electrical Equipment & Parts,Industrials,NSE,https://www.amararajaeandm.com,Hyderabad,500032,142073430016.0,1790580915.0,776.25,792.0,794.6,776.25,206973.0,791.95,-15.700012,-1.9823247,670.0,1023.0,1775.95,3.066666,880.878,-104.62799,-0.11877694,849.4183,-73.168274,-0.08613928,106.25,0.15858209,-246.75,-0.24120234,670.0 - 1023.0,853705.0,458156.0,853705.0,103500843.0,183025364.0,183025364.0,0.33269,0.30028,3635899904.0,19.866,4061600000.0,146274598912.0,799.251,,,46105899008.0,0.159,0.239,0.3152,0.101789996,0.05862,0.06303,442.505,1.7542175,145372643328.0,15.410959,13.28624,50.37,58.42511,10.6,1.34,1785110400.0,0.21040002,1.06,2:1,0.994,9219099648.0,1348531200.0,0.814
2026-09-28T07:34:48.824317,SOLARINDS.NS,Solar Industries India Limited,Specialty Chemicals,Basic Materials,NSE,https://solargroup.com,Nagpur,440023,1730169929728.0,1790580919.0,19120.0,19750.0,19750.0,19095.0,85810.0,19745.0,-625.0,-3.1653583,11646.0,22700.0,22700.0,18.3,19729.48,-609.48047,-0.030891865,16237.825,2882.1748,0.17749758,7474.0,0.6417654,-3580.0,-0.15770926,11646.0 - 22700.0,180373.0,379612.0,180373.0,23873086.0,90490055.0,90490055.0,0.43919,0.45054,4806300160.0,53.114,15240200192.0,113514897408.0,1254.43,,,56140001280.0,0.927,0.703,0.49456,0.2719,0.25502002,0.17543,693.689,27.562782,1799877033984.0,87.23822,54.457047,219.17,351.10242,11.0,0.06,1785196800.0,0.0454,0.14,5:1,15.856,19914000384.0,1468368000.0,0.245
2026-09-28T07:34:48.824317,LTF.NS,L&T Finance Limited,Credit Services,Financial Services,NSE,https://www.ltfinance.com,Mumbai,400098,700024291328.0,1790580915.0,279.3,282.75,283.45,277.8,3148170.0,284.0,-4.700012,-1.6540601,234.9,338.6,338.6,37.576607,310.672,-31.37201,-0.10098113,292.45636,-13.156372,-0.04498576,44.399994,0.18901658,-59.30002,-0.17513295,234.9 - 338.6,6174280.0,7465203.0,6174280.0,843753554.0,2506352570.0,2506352570.0,0.65948,0.19118,112093798400.0,44.898,1102976647168.0,96218898432.0,38.438,,,95766896640.0,0.282,0.293,0.9953,0.0,0.45948002,0.33076,112.086,2.4918365,1700424450048.0,22.044197,14.266413,12.67,19.57745,2.75,0.97,1779408000.0,0.21700001,0.96,,17.672,31825500160.0,,0.639
2026-09-28T07:34:48.824317,POLYCAB.NS,Polycab India Limited,Electrical Equipment & Parts,Industrials,NSE,https://www.polycab.com,Mumbai,400028,1242287308800.0,1790580919.0,8247.0,8400.0,8400.0,8180.0,166514.0,8408.5,-161.5,-1.9206755,6663.0,10126.0,10126.0,525.15,8841.12,-594.1201,-0.06719964,8397.835,-150.83496,-0.017961172,1584.0,0.23773076,-1879.0,-0.18556193,6663.0 - 10126.0,358212.0,270062.0,358212.0,53567312.0,150635053.0,150635053.0,0.64685994,0.16377,40276639744.0,267.379,2125680000.0,311875469312.0,2071.672,0.13395001,0.25549,76339150848.0,0.325,0.39,0.24476999,0.13974,0.12718001,0.09184,803.334,10.265966,1229768359936.0,43.39841,32.464817,190.03,254.02885,47.0,0.56,1781827200.0,0.24780001,0.46,,3.943,28642490368.0,,0.635
2026-09-28T07:34:48.824317,ACMESOLAR.NS,ACME Solar Holdings Limited,Utilities - Renewable,Utilities,NSE,https://acmesolar.in,Gurugram,122001,309744107520.0,1790580910.0,438.55,440.85,441.45,433.3,547412.0,442.9,-4.350006,-0.9828301,195.9,476.9,476.9,167.75,393.77,44.78,0.11372121,306.93365,131.61633,0.42881036,242.65,1.2386422,-38.350006,-0.0804152,195.9 - 476.9,2326911.0,4198520.0,2326911.0,180265317.0,706291446.0,706291446.0,0.71656,0.19822,61580910592.0,97.083,198962937856.0,28535959552.0,46.579,,,28146450432.0,0.715,0.468,0.98635,0.89101,0.67576,0.21146,83.561,5.248262,418305966080.0,45.211338,17.616667,9.7,24.89404,0.2,0.05,1770336000.0,0.020599999,,,14.659,6034149888.0,,
2026-09-28T07:34:48.824317,PHOENIXLTD.NS,The Phoenix Mills Limited,Real Estate - Diversified,Real Estate,NSE,https://www.thephoenixmills.com,Mumbai,400011,696434556928.0,1790580915.0,1947.1,1973.1,1973.1,1943.5,76454.0,1978.4,-31.300049,-1.582089,1465.6,2169.8,2169.8,22.125,1932.768,14.332031,0.007415288,1816.1155,130.9845,0.07212344,481.5,0.3285344,-222.70007,-0.10263622,1465.6 - 2169.8,611620.0,427436.0,611620.0,186194092.0,357677858.0,357677858.0,0.47822,0.38227,8230745088.0,23.012,53230125056.0,45447630848.0,127.113,,,42574438400.0,0.233,0.128,0.93678004,0.59906,0.50796,0.28164,307.307,6.336009,785770217472.0,54.373077,39.031216,35.81,49.88571,2.5,0.13,1789084800.0,0.0699,0.15,2:1,17.29,12799933440.0,1726790400.0,0.317
2026-09-28T07:34:48.824317,3MINDIA.NS,3M India Limited,Conglomerates,Industrials,NSE,https://www.3mindia.in,Bengaluru,560001,379914485760.0,1790580892.0,33725.0,33965.0,33990.0,33605.0,707.0,33925.0,-200.0,-0.5896226,28730.0,38030.0,40856.5,230.0,34365.8,-640.8008,-0.018646467,33814.574,-89.57422,-0.0026489827,4995.0,0.17386007,-4305.0,-0.113200106,28730.0 - 38030.0,4361.0,5948.0,4361.0,2649544.0,11265070.0,11265070.0,0.7648,0.0963,8121399808.0,720.936,1697500032.0,53169999872.0,4719.962,,,21617799168.0,0.312,0.19,0.40658,0.18732001,0.15554,0.10865,1569.586,21.486557,375743610880.0,65.83442,43.39295,512.27,777.2,160.0,0.47,1784246400.0,0.312,,,7.067,5776999936.0,,0.265
2026-09-28T07:34:48.824317,PGEL.NS,PG Electroplast Limited,Electronic Components,Technology,NSE,https://www.pgel.in,Greater Noida,201306,146414141440.0,1790580915.0,511.05,521.0,521.0,511.05,293025.0,518.5,-7.450012,-1.4362854,436.55,644.4,1054.2,2.47,578.185,-67.13501,-0.11611337,552.6993,-41.649292,-0.075356156,74.5,0.1706563,-133.35004,-0.20693673,436.55 - 644.4,1692556.0,674242.0,1692556.0,153818235.0,286496708.0,286496708.0,0.45056,0.27651,3893722112.0,13.64,5965281792.0,58181287936.0,204.02,,,9884027904.0,0.137,0.353,0.16988,0.07162,0.05983,0.03537,106.69,4.7900457,150083502080.0,71.3757,30.993597,7.16,16.48889,0.25,0.05,1789689600.0,0.035,,10:1,2.58,2058007040.0,1720569600.0,-0.16
2026-09-28T07:34:48.824317,INOXINDIA.NS,INOX India Limited,Specialty Industrial Machinery,Industrials,NSE,https://www.inoxcva.com,Vadodara,390007,186991132672.0,1790580913.0,2056.6,2150.0,2153.6,2043.1,139700.0,2156.8,-100.19995,-4.647924,1068.2,2339.5,2339.5,801.55,2036.41,20.190063,0.009914537,1549.214,507.3861,0.32751197,988.40015,0.92529505,-282.8999,-0.120923236,1068.2 - 2339.5,357000.0,339246.0,357000.0,22470320.0,90922459.0,90922459.0,0.74896,0.105749995,3129007104.0,34.474,810403968.0,16182287360.0,178.327,,,8947350528.0,-0.049,0.092,0.55291003,0.20387,0.17899999,0.15748,123.134,16.70213,193440120832.0,73.34522,44.83866,28.04,45.86667,2.0,0.09,1780963200.0,0.0714,,,11.954,2548424960.0,,0.527
2026-09-28T07:34:48.824317,TEJASNET.NS,Tejas Networks Limited,Communication Equipment,Technology,NSE,https://www.tejasnetworks.com,Bengaluru,560100,87931781120.0,1790580882.0,494.25,504.0,505.3,491.0,724109.0,503.85,-9.600006,-1.9058975,294.0,644.75,1495.0,28.9,529.319,-35.06897,-0.066253,470.6495,23.600494,0.050144523,200.25,0.6811224,-150.5,-0.23342381,294.0 - 644.75,3066695.0,1496867.0,3066695.0,81453763.0,177909524.0,177909524.0,0.01946,0.60656,4691700224.0,26.396,41770799104.0,13034600448.0,73.491,,,3824000000.0,,0.991,0.29337,-0.67337996,-0.48416,-0.70371,164.895,2.997362,126634336256.0,,,-51.75,,2.5,0.42,1750291200.0,0.0,,,9.715,-9172599808.0,,-0.076
2026-09-28T07:34:48.824317,MAHSEAMLES.NS,Maharashtra Seamless Limited,Steel,Basic Materials,NSE,https://www.jindal.com/msl,New Delhi,110 005,95568265216.0,1790580911.0,713.2,718.5,718.5,702.6,101873.0,715.65,-2.4500122,-0.34222826,500.7,738.6,1097.0,52.5,638.24,74.96002,0.11744802,597.42126,115.77875,0.1937975,212.5,0.4244058,-25.399963,-0.034389336,500.7 - 738.6,269960.0,268700.0,269960.0,52715843.0,133999252.0,133999252.0,0.72130996,0.07117,36791799808.0,274.557,133600000.0,46202699776.0,344.76,,,17296500736.0,0.156,-0.047,0.37436,0.14983,0.13951999,0.15958999,512.908,1.3905027,59241779200.0,12.960204,,55.03,,10.0,1.4,1788220800.0,0.18180001,1.05,2:1,1.282,7373499904.0,1669334400.0,0.059
2026-09-28T07:34:48.824317,M&M.NS,Mahindra & Mahindra Limited,Auto Manufacturers,Consumer Cyclical,NSE,https://www.mahindra.com,Mumbai,400018,3579712372736.0,1790580919.0,2981.2,3017.3,3019.9,2977.8,1070156.0,3035.0,-53.80005,-1.7727708,2896.0,3839.9,3839.9,6.375,3260.642,-279.44214,-0.08570157,3271.145,-289.94507,-0.08863718,85.19995,0.029419873,-858.69995,-0.22362562,2896.0 - 3839.9,2214198.0,2085039.0,2214198.0,822788249.0,1200762264.0,1200762264.0,0.25214002,0.53355,513403715584.0,459.393,1371686043648.0,2145559379968.0,1920.436,,,827946172416.0,0.334,0.275,0.38589,0.18629,0.17031,0.08609,833.025,3.578764,4414052499456.0,18.157013,18.92365,164.19,157.53831,33.0,1.09,1783036800.0,0.2008,0.86,2:1,2.057,184700698624.0,1513814400.0,0.28
2026-09-28T07:34:48.824317,IDBI.NS,IDBI Bank Limited,Banks - Regional,Financial Services,NSE,https://www.idbi.bank.in,Mumbai,400005,908362973184.0,1790580916.0,84.48,84.1,85.4,82.25,11312977.0,84.4,0.08000183,0.09480013,61.01,118.38,202.25,13.9,85.0996,-0.6195984,-0.007280861,86.95645,-2.476448,-0.028479176,23.470005,0.38469112,-33.899994,-0.2863659,61.01 - 118.38,13309371.0,15311658.0,13309371.0,559985105.0,10752402175.0,10752402175.0,0.45554,0.49828,132829700096.0,12.353,261809995776.0,191770230784.0,17.834,0.02199,0.13874,191770230784.0,0.053,0.081,0.0,0.0,0.54237,0.48589,65.7,1.2858448,1038295564288.0,9.743945,17.240816,8.67,4.9,2.1,2.43,1752537600.0,0.24219999,3.23,8:5,5.414,93179265024.0,981936000.0,0.838
2026-09-28T07:34:48.824317,HAVELLS.NS,Havells India Limited,Electrical Equipment & Parts,Industrials,NSE,https://www.havells.com,Noida,201304,677641125888.0,1790580917.0,1079.8,1099.9,1099.9,1074.5,435342.0,1096.5,-16.699951,-1.5238574,1074.5,1520.9,2106.0,1.188,1209.042,-129.24194,-0.106896155,1265.2476,-185.44751,-0.14657013,5.300049,0.004932572,-441.09998,-0.29002562,1074.5 - 1520.9,1032024.0,571632.0,1032024.0,246744024.0,627561652.0,627561652.0,0.6352,0.24101,23418200064.0,37.334,2652000000.0,235906105344.0,376.031,,,75556601856.0,-0.166,0.195,0.32028,0.087460004,0.05302,0.06923,150.743,7.1631856,667152941056.0,41.54675,33.09781,25.99,32.62452,12.0,1.09,1779408000.0,0.3843,0.6,5:1,2.828,16332199936.0,1409011200.0,0.296
2026-09-28T07:34:48.824317,POLYMED.NS,Poly Medicure Limited,Medical Instruments & Supplies,Healthcare,NSE,https://www.polymedicure.com,New Delhi,110020,167023427584.0,1790580906.0,1647.8,1724.4,1724.4,1647.0,80537.0,1724.4,-76.599976,-4.4416084,1182.0,2094.3,3357.8,22.6375,1728.092,-80.29199,-0.046462797,1558.3774,89.42261,0.05738187,465.80005,0.39407787,-446.5,-0.21319772,1182.0 - 2094.3,148519.0,86040.0,148519.0,36332221.0,101361465.0,101361465.0,0.64626,0.18229,8270274048.0,81.621,3535759104.0,19974240256.0,197.095,,,13880942592.0,-0.075,0.303,0.69494003,0.22881001,0.16911,0.15774,306.438,5.3772707,170421583872.0,53.08634,33.766396,31.04,48.8,3.5,0.2,1787875200.0,0.11270001,0.21,2:1,8.532,3150819072.0,1490313600.0,0.011
2026-09-28T07:34:48.824317,IRFC.NS,Indian Railway Finance Corporation Limited,Credit Services,Financial Services,NSE,https://irfc.co.in,New Delhi,110003,1032019968000.0,1790580917.0,78.97,79.95,79.95,78.51,5523996.0,79.95,-0.9799957,-1.2260675,78.16,137.17,229.0,19.3,84.9958,-6.025795,-0.07089521,99.2591,-20.2891,-0.20440544,0.80999756,0.0103633255,-58.199997,-0.424291,78.16 - 137.17,7989994.0,7268316.0,7989994.0,2241987633.0,13068506000.0,13068506000.0,0.82899004,0.048010003,34541801472.0,2.635,4388650483712.0,73924100096.0,5.644,,,73924100096.0,0.097,0.103,1.0,0.0,0.97759,0.97271,43.463,1.8169477,5402275086336.0,14.3843355,10.817808,5.49,7.3,2.9,3.63,1773360000.0,0.3825,2.98,,73.079,71906902016.0,,0.313
2026-09-28T07:34:48.824317,LEMONTREE.NS,Lemon Tree Hotels Limited,Lodging,Consumer Cyclical,NSE,https://www.lemontreehotels.com,New Delhi,110037,82431336448.0,1790580911.0,104.1,106.15,106.15,102.96,1859292.0,106.15,-2.050003,-1.9310503,99.61,174.2,180.68,14.05,108.182,-4.0820007,-0.037732717,117.7293,-13.629303,-0.11576815,4.489998,0.045075774,-70.1,-0.402411,99.61 - 174.2,2816797.0,2136322.0,2816797.0,614964605.0,791847623.0,791847623.0,0.22326,0.43732,1641208064.0,2.073,20036470784.0,14820078592.0,18.758,,,10634290176.0,0.208,0.092,0.71756,0.48269,0.33394,0.15843001,17.578,5.922176,109322330112.0,35.050503,21.074709,2.97,4.93957,,,,0.0,,,7.377,2347968000.0,,-0.18
2026-09-28T07:34:48.824317,TATAPOWER.NS,The Tata Power Company Limited,Utilities - Independent Power Producers,Utilities,NSE,https://www.tatapower.com,Mumbai,400 009,1157671419904.0,1790580921.0,362.3,365.9,366.75,361.5,1672224.0,367.5,-5.200012,-1.4145844,342.5,464.9,494.85,4.2702,371.698,-9.39801,-0.025283994,386.906,-24.606018,-0.06359689,19.799988,0.057810184,-102.600006,-0.22069263,342.5 - 464.9,4283959.0,2869447.0,4283959.0,1680205394.0,3195339547.0,3195339547.0,0.48708,0.21496001,150506897408.0,47.102,799033196544.0,634447790080.0,198.48,,,226564096000.0,0.109,0.056,0.35709998,0.20766,0.14453,0.060890004,123.543,2.9325821,1903522217984.0,30.06639,21.918268,12.05,16.52959,2.5,0.68,1782172800.0,0.20709999,0.65,10:1,3.0,38632599552.0,1316995200.0,0.324
2026-09-28T07:34:48.824317,OLECTRA.NS,Olectra Greentech Limited,Farm & Heavy Construction Machinery,Industrials,NSE,https://olectra.com,Hyderabad,500037,96206831616.0,1790580911.0,1172.1,1204.0,1204.0,1170.5,200597.0,1207.2,-35.099976,-2.9075527,866.6,1595.0,2221.95,3.4,1290.79,-118.69006,-0.09195149,1205.5773,-33.477295,-0.027768685,305.5,0.35252714,-422.90002,-0.26514107,866.6 - 1595.0,438101.0,471984.0,438101.0,40826433.0,82080737.0,82080737.0,0.50267,0.05222,1719499008.0,20.939,3802938112.0,25404506112.0,309.432,,,5793721856.0,-0.003,0.657,0.22805999,0.13687,0.09316,0.06984,149.465,7.8419695,101272731648.0,54.238777,27.069284,21.61,43.3,0.6,0.05,1789689600.0,0.0185,1.68,,3.986,1774162048.0,,0.055
2026-09-28T07:34:48.824317,TARIL.NS,Transformers and Rectifiers (India) Limited,Electrical Equipment & Parts,Industrials,NSE,https://www.transformerindia.com,Ahmedabad,382213,81419976704.0,1790580897.0,271.25,276.0,276.0,270.4,424960.0,277.65,-6.399994,-2.3046432,224.05,502.45,648.9,2.45,295.675,-24.424988,-0.08260755,298.2047,-26.954712,-0.09038996,47.199997,0.21066725,-231.20001,-0.4601453,224.05 - 502.45,2109905.0,935038.0,2109905.0,106816726.0,300165834.0,300165834.0,0.64405,0.07639,2923099904.0,9.74,4566499840.0,25518100480.0,87.584,,,8134499840.0,-0.085,0.081,0.31877002,0.15301,0.15117,0.10132,51.58,5.258821,85247090688.0,30.546171,21.13637,8.88,12.83333,0.25,0.09,1789689600.0,0.0,,2:1,3.341,2585600000.0,1739491200.0,-0.252
2026-09-28T07:34:48.824317,PRAJIND.NS,Praj Industries Limited,Engineering & Construction,Industrials,NSE,https://www.praj.net,Pune,411057,57138298880.0,1790580915.0,310.85,315.55,315.65,310.4,191968.0,315.9,-5.049988,-1.5983504,273.0,427.65,875.0,1.67,328.266,-17.415985,-0.053054493,335.20624,-24.356232,-0.07266044,37.850006,0.13864471,-116.79999,-0.27312052,273.0 - 427.65,818506.0,383015.0,818506.0,122980147.0,183813088.0,183813088.0,0.34366,0.26782,6120878080.0,33.299,1730449024.0,32435019776.0,176.424,,,11663611904.0,1.172,0.118,0.35959998,0.02668,0.0067000003,0.00928,71.22,4.364645,53677408256.0,189.5427,29.69739,1.64,10.46725,3.6,1.14,1785974400.0,3.6585,1.0,2:1,1.655,301094016.0,1184716800.0,0.134
2026-09-28T07:34:48.824317,LODHA.NS,Lodha Developers Limited,Real Estate - Development,Real Estate,NSE,https://www.lodhagroup.com,Mumbai,400013,1126824017920.0,1790580920.0,1127.7,1164.0,1165.0,1126.7,634690.0,1165.0,-37.30005,-3.201721,650.8,1344.95,1649.95,211.3,1202.606,-74.906006,-0.062286407,1010.6905,117.00946,0.1157718,476.89996,0.73279035,-217.25,-0.16153017,650.8 - 1344.95,2480500.0,1562026.0,2480500.0,448832540.0,999223237.0,999223237.0,0.70292,0.19344,59927998464.0,59.993,98959998976.0,181812002816.0,182.049,,,79373000704.0,1.033,0.431,0.43657002,0.32275,0.37088,0.22692,233.115,4.8375263,1204198047744.0,27.344809,22.978579,41.24,49.07614,4.25,0.36,1786060800.0,0.1031,,2:1,6.623,41256001536.0,1685491200.0,0.611
2026-09-28T07:34:48.824317,RVNL.NS,Rail Vikas Nigam Limited,Engineering & Construction,Industrials,NSE,https://rvnl.org,New Delhi,110029,424489254912.0,1790580920.0,203.59,206.06,206.38,203.05,1727299.0,207.0,-3.4100037,-1.6472651,195.15,400.7,647.0,10.0,218.3278,-14.737808,-0.067503124,269.53415,-65.94415,-0.24465974,8.440002,0.0432488,-197.11002,-0.49191418,195.15 - 400.7,4318348.0,4499789.0,4318348.0,566270609.0,2085020100.0,2085020100.0,0.72841,0.08342,6357100032.0,3.049,48184901632.0,208245800960.0,99.553,,,13319700480.0,0.169,0.106,0.06396,0.04323,0.040310003,0.0432,47.107,4.321863,473389563904.0,47.23666,37.01636,4.31,5.5,3.43,1.66,1787011200.0,0.6311,2.17,,2.273,8995200000.0,,0.813
2026-09-28T07:34:48.824317,DCMSHRIRAM.NS,DCM Shriram Limited,Conglomerates,Industrials,NSE,https://www.dcmshriram.com,New Delhi,110037,147359842304.0,1790580894.0,951.6,978.4,979.1,949.4,34751.0,974.3,-22.700012,-2.329879,945.1,1409.0,1502.3,1.407,1018.882,-67.28204,-0.06603517,1091.936,-140.33606,-0.1285204,6.5,0.0068775793,-457.40002,-0.3246274,945.1 - 1409.0,124987.0,38587.0,124987.0,39206118.0,154854814.0,154854814.0,0.75839996,0.09324,8946799616.0,55.973,29231699968.0,138404806656.0,887.541,,,45811998720.0,5.11,0.093,0.33099997,0.10985,0.05841,0.103520006,482.474,1.9723343,176227844096.0,10.356987,22.2077,91.88,42.85,16.0,1.64,1785456000.0,0.1154,1.06,5:1,1.273,14328099840.0,1128643200.0,-0.377
2026-09-28T07:34:48.824317,MAZDOCK.NS,Mazagon Dock Shipbuilders Limited,Aerospace & Defense,Industrials,NSE,https://mazagondock.in,Mumbai,400010,866056863744.0,1790580910.0,2147.0,2195.0,2199.4,2135.5,456769.0,2199.6,-52.600098,-2.3913481,2057.4,2929.7,3775.0,82.0,2416.06,-269.06006,-0.11136315,2435.968,-288.96802,-0.11862554,89.6001,0.04355016,-782.69995,-0.26716045,2057.4 - 2929.7,779423.0,692707.0,779423.0,75759686.0,403380000.0,403380000.0,0.81218004,0.06278,130964897792.0,324.665,4473699840.0,133234196480.0,330.269,,,43404898304.0,0.215,0.121,0.32578,0.18059,0.14191,0.20120001,241.829,8.878175,763085127680.0,32.319736,27.878794,66.43,77.01194,20.83,0.95,1787184000.0,0.2439,1.3,2:1,5.727,26806398976.0,1735257600.0,0.617
2026-09-28T07:34:48.824317,KAYNES.NS,Kaynes Technology India Limited,Electronic Components,Technology,NSE,https://www.kaynestechnology.co.in,Mysore,570016,245509963776.0,1790580921.0,3652.2,3623.8,3678.0,3589.0,542173.0,3650.0,2.1999512,0.06026438,2995.0,7705.0,7822.0,666.8,3622.536,29.664062,0.008188756,3638.5144,13.685547,0.0037613008,657.19995,0.21943237,-4052.8,-0.5259961,2995.0 - 7705.0,1271469.0,1303768.0,1271469.0,30111513.0,67222491.0,67222491.0,0.54909,0.15744,7985909760.0,119.167,9128729600.0,38989049856.0,581.426,,,13021549568.0,-0.004,0.405,0.33398,0.1551,0.11689,0.08866999,693.335,5.2675834,245886189568.0,70.97163,40.630547,51.46,89.88803,,,,0.0,,,6.307,3457039872.0,,-0.16
2026-09-28T07:34:48.824317,BRITANNIA.NS,Britannia Industries Limited,Packaged Foods,Consumer Defensive,NSE,https://britannia.co.in,Bengaluru,560048,1175075946496.0,1790580920.0,4878.5,4933.0,4933.0,4869.0,123661.0,4937.5,-59.0,-1.1949368,4869.0,6271.0,6469.9,9.466666,5290.06,-411.56006,-0.07779875,5558.725,-680.2251,-0.122370705,9.5,0.0019511193,-1392.5,-0.2220539,4869.0 - 6271.0,278623.0,217737.0,278623.0,117582267.0,240868296.0,240868296.0,0.51183,0.28243,18585200640.0,77.159,13802800128.0,194684600320.0,808.241,,,80644300800.0,0.136,0.082,0.41423,0.18634,0.15212,0.13376,212.006,23.01114,1184797949952.0,45.11699,37.48376,108.13,130.14969,90.5,1.83,1785456000.0,0.6937,1.72,2:1,6.086,26041200640.0,1543449600.0,0.413
2026-09-28T07:34:48.824317,DLF.NS,DLF Limited,Real Estate - Development,Real Estate,NSE,https://www.dlf.in,Gurugram,122002,1657097420800.0,1790580923.0,669.45,680.0,680.0,664.35,1607770.0,683.0,-13.549988,-1.9838928,489.4,786.5,1225.0,72.35,662.478,6.971985,0.0105241,622.9932,46.456787,0.07457029,180.05002,0.3678995,-117.04999,-0.14882389,489.4 - 786.5,4001663.0,3407544.0,4001663.0,603403881.0,2475311706.0,2475311706.0,0.7414,0.15037,95860482048.0,38.727,3058931968.0,67576578048.0,27.308,,0.10102,31430825984.0,0.042,-0.529,0.46511,0.18075001,0.089940004,0.65791,183.708,3.6440985,1597828366336.0,37.2745,26.335035,17.96,25.42051,8.0,1.17,1785110400.0,0.3341,0.71,,23.645,44459048960.0,,0.39
2026-09-28T07:34:48.824317,JPPOWER.NS,Jaiprakash Power Ventures Limited,Utilities - Independent Power Producers,Utilities,NSE,https://www.jppowerventures.com,New Delhi,110057,106982490112.0,1790580922.0,15.61,15.92,15.92,15.58,18711987.0,15.87,-0.26000023,-1.6383127,13.15,24.5,143.4,0.35,16.9068,-1.2967997,-0.07670285,16.91535,-1.3053503,-0.077169575,2.46,0.18707225,-8.89,-0.36285716,13.15 - 24.5,58949911.0,107785083.0,58949911.0,2772018492.0,6853458827.0,6853458827.0,0.32986,0.113199994,7549499904.0,1.102,33910800384.0,57559998464.0,6.31,,,21137199104.0,0.677,0.122,0.36722,0.2658,0.36141,0.111420006,13.025,1.1984645,173180993536.0,22.3,-9.182352,0.7,-1.7,,,1249862400.0,0.0,,,3.009,6395700224.0,,0.308
2026-09-28T07:34:48.824317,MMTC.NS,MMTC Limited,Conglomerates,Industrials,NSE,https://mmtclimited.com,New Delhi,110003,85425004544.0,1790580901.0,56.95,57.87,58.09,56.76,527294.0,58.35,-1.3999977,-2.3993106,50.1,78.35,1310.0,9.9,62.5256,-5.5755997,-0.08917307,63.4758,-6.525799,-0.10280766,6.8500023,0.1367266,-21.399998,-0.27313334,50.1 - 78.35,2331983.0,979958.0,2331983.0,149637275.0,1500000000.0,1500000000.0,0.89944,0.01746,17886699520.0,11.84,24200000.0,27300000.0,0.018,,,27300000.0,1.3,-0.5,1.0,0.0,-30.72059,163.86812,14.134,4.029291,70288285696.0,19.982456,,2.85,,,,1568851200.0,0.0,0.89,3:2,2574.662,4473600000.0,1525305600.0,0.639
2026-09-28T07:34:48.824317,HOMEFIRST.NS,Home First Finance Company India Limited,Mortgage Finance,Financial Services,NSE,https://homefirstindia.com,Mumbai,400059,113461460992.0,1790580899.0,1085.1,1105.0,1114.5,1081.6,123557.0,1123.1,-38.0,-3.3813844,893.7,1317.7,1519.0,440.0,1193.794,-108.69397,-0.09104919,1130.413,-45.31299,-0.04008534,191.39996,0.21416578,-232.59998,-0.17651968,893.7 - 1317.7,215101.0,322532.0,215101.0,92459662.0,104563142.0,104563142.0,0.093380004,0.66906,10311910400.0,98.841,106274947072.0,11303950336.0,108.793,,,11297349632.0,0.323,0.297,0.99942,0.0,0.66038,0.51428,417.581,2.5985377,213133836288.0,19.636265,13.788163,55.26,78.69794,5.2,0.46,1780012800.0,0.094,,,18.855,5813429760.0,,0.57
2026-09-28T07:34:48.824317,AFCONS.NS,Afcons Infrastructure Limited,Engineering & Construction,Industrials,NSE,https://www.afcons.com,Mumbai,400053,92405891072.0,1790580905.0,251.25,252.5,254.35,250.35,280165.0,252.5,-1.25,-0.4950495,225.35,479.4,570.0,225.35,275.324,-24.074005,-0.087438814,311.02124,-59.77124,-0.19217736,25.899994,0.1149323,-228.15,-0.4759074,225.35 - 479.4,1860114.0,5228579.0,1860114.0,162079009.0,367784631.0,367784631.0,0.58603,0.25811002,8204899840.0,22.309,36269101056.0,112489996288.0,304.659,,,36244201472.0,-0.781,-0.208,0.3222,0.092080005,0.06288,0.01286,148.179,1.6955844,120937619456.0,64.588684,17.17101,3.89,14.63222,2.0,0.79,1784764800.0,0.641,,,1.075,1447000064.0,,
2026-09-28T07:34:48.824317,PERSISTENT.NS,Persistent Systems Limited,Information Technology Services,Technology,NSE,https://www.persistent.com,Pune,411016,832789544960.0,1790580921.0,5330.5,5372.0,5377.5,5285.0,142254.0,5372.0,-41.5,-0.7725242,4244.5,6599.0,6788.9,70.25,5487.12,-156.62012,-0.028543228,5338.991,-8.491211,-0.0015904149,1086.0,0.25586054,-1268.5,-0.1922261,4244.5 - 6599.0,702503.0,418220.0,702503.0,102272748.0,156231044.0,156231044.0,0.33164,0.43967,19521921024.0,124.811,5841339904.0,157180887040.0,1006.752,0.14809,0.25203,49799598080.0,0.121,0.291,0.31683,0.17749001,0.15962,0.12236,538.141,9.905396,826561658880.0,43.71412,30.128244,121.94,176.927,36.0,0.67,1785110400.0,0.30290002,0.65,2:1,5.259,19232270336.0,1711584000.0,0.079
2026-09-28T07:34:48.824317,GODREJCP.NS,Godrej Consumer Products Limited,Household & Personal Products,Consumer Defensive,NSE,https://www.godrejcp.com,Mumbai,400079,889558990848.0,1790580923.0,869.3,872.0,876.75,859.5,676731.0,880.0,-10.700012,-1.2161177,855.15,1273.9,1541.85,7.083333,952.835,-83.535034,-0.08766998,1066.115,-196.815,-0.18460955,14.149963,0.016546762,-404.60004,-0.31760737,855.15 - 1273.9,1513989.0,872829.0,1513989.0,389876650.0,1023304953.0,1023304953.0,0.65720004,0.23993999,28327000064.0,27.684,44158099456.0,158320492544.0,154.753,,,78713602048.0,0.115,0.154,0.49717999,0.20385,0.17186001,0.12086,123.609,7.032659,916333461504.0,46.387405,32.09823,18.74,27.08249,20.0,2.27,1786579200.0,1.0695,0.88,3:2,5.788,19135399936.0,1536710400.0,0.341
2026-09-28T07:34:48.824317,JSWENERGY.NS,JSW Energy Limited,Utilities - Independent Power Producers,Utilities,NSE,https://jswenergy.in,Mumbai,400051,915545128960.0,1790580922.0,499.65,506.4,506.4,496.0,884044.0,506.55,-6.899994,-1.3618857,427.75,617.35,804.9,33.65,541.816,-42.165985,-0.077823445,525.1392,-25.489227,-0.048538037,71.899994,0.16808882,-117.69998,-0.19065358,427.75 - 617.35,2140020.0,1687613.0,2140020.0,584176536.0,1832372944.0,1832372944.0,0.66706,0.21563,79783903232.0,45.43,769457782784.0,189648896000.0,107.941,,,126847803392.0,-0.395,0.012,0.66886,0.54482,0.38092,0.10373,175.104,2.853447,1607526645760.0,39.126858,29.591055,12.77,16.88517,2.0,0.39,1780617600.0,0.157,0.51,,8.476,19671599104.0,,0.122
2026-09-28T07:34:48.824317,ENRIN.NS,Siemens Energy India Limited,Utilities - Renewable,Utilities,NSE,https://www.siemens-energy-india.com,Mumbai,400030,1134243872768.0,1790580922.0,3185.0,3333.0,3334.9,3183.0,192173.0,3313.0,-128.0,-3.8625185,2115.0,3968.0,3968.0,2115.0,3297.78,-112.78003,-0.034198772,3073.627,111.37305,0.036235057,1070.0,0.50591016,-783.0,-0.19732863,2115.0 - 3968.0,550093.0,374867.0,550093.0,275882994.0,356120505.0,356120505.0,0.27528998,0.556,32949999616.0,92.525,2156999936.0,94363000832.0,265.001,,,38416998400.0,0.678,0.393,0.40712002,0.21176,0.21937999,0.15769,135.117,23.572163,1149034168320.0,76.3057,56.57249,41.74,56.29945,4.0,0.12,1769731200.0,0.095699996,,,12.177,14880000000.0,,
2026-09-28T07:34:48.824317,GRAPHITE.NS,Graphite India Limited,Electrical Equipment & Parts,Industrials,NSE,https://www.graphiteindia.com,Kolkata,700016,156847521792.0,1790580917.0,802.8,820.0,820.0,794.55,708435.0,820.7,-17.900024,-2.17974,516.2,874.35,1127.0,4.65,729.994,72.80597,0.09973502,677.0945,125.705505,0.1856543,286.59998,0.5552111,-71.54999,-0.08183221,516.2 - 874.35,2166488.0,1928003.0,2166488.0,66470685.0,195375594.0,195375594.0,0.65963995,0.13744001,29133299712.0,149.114,3686700032.0,30287200256.0,155.028,,,15680499712.0,0.284,0.266,0.51773,0.09994,0.14371,0.07044,299.886,2.6770175,134869049344.0,73.51648,15.467215,10.92,51.90333,7.0,0.85,1784505600.0,1.0073,1.9,5:1,4.453,2133299968.0,1165795200.0,0.972
2026-09-28T07:34:48.824317,ANANDRATHI.NS,Anand Rathi Wealth Limited,Asset Management,Financial Services,NSE,https://www.anandrathiwealth.in,Mumbai,400013,357320785920.0,1790580915.0,2152.0,2145.1,2164.1,2112.0,287090.0,2126.8,25.199951,1.1850992,1353.85,2268.4,2268.4,135.5125,2150.5,1.5,0.0006975122,1801.417,350.583,0.19461514,798.15,0.58954096,-116.3999,-0.05131366,1353.85 - 2268.4,323650.0,339905.0,323650.0,78838054.0,166041268.0,166041268.0,0.29163998,0.31157,4548030976.0,27.391,834769984.0,14012512256.0,84.333,,,8100050944.0,0.71,0.521,0.57806,0.46083,0.48529997,0.33193,60.115,35.798054,349560307712.0,77.83002,63.94295,27.65,33.655,7.0,0.33,1778803200.0,0.2356,,2:1,24.946,4648415232.0,1780444800.0,0.337
2026-09-28T07:34:48.824317,FIVESTAR.NS,Five-Star Business Finance Limited,Credit Services,Financial Services,NSE,https://www.fivestargroup.in,Chennai,600010,154003570688.0,1790580913.0,521.7,518.55,524.0,513.4,227979.0,520.95,0.75,0.14396775,338.15,666.0,943.75,338.15,538.239,-16.539001,-0.030727986,481.94525,39.75476,0.08248813,183.55002,0.5428065,-144.29999,-0.21666665,338.15 - 666.0,715452.0,763889.0,715452.0,206286195.0,295195658.0,295195658.0,0.26321,0.50810003,22106103808.0,74.891,82605637632.0,23094558720.0,78.372,,,23004792832.0,0.018,0.08,0.99611,0.0,0.59126,0.47797,250.026,2.0865831,214271098880.0,13.949198,10.500976,37.4,49.6811,2.0,0.38,1785456000.0,0.0535,,,9.278,11038423040.0,,0.577
2026-09-28T07:34:48.824317,NIVABUPA.NS,Niva Bupa Health Insurance Company Limited,Insurance - Life,Financial Services,NSE,https://www.nivabupa.com,Gurugram,122101,139167268864.0,1790580907.0,75.24,77.4,77.57,74.72,530903.0,77.19,-1.9500046,-2.5252583,67.5,91.4,109.34,67.5,82.9278,-7.687805,-0.092704795,79.6453,-4.405304,-0.055311535,7.739998,0.11466663,-16.160004,-0.17680529,67.5 - 91.4,1304464.0,1049615.0,1304464.0,631733953.0,1849644703.0,1849644703.0,0.76126,0.15776,784000000.0,0.424,2607899904.0,89833103360.0,48.643,,0.121350005,10104299520.0,0.897,0.279,0.11248,0.066929996,0.07807,0.04814,20.743,3.6272476,144565960704.0,75.24,22.20065,1.0,3.38909,,,,0.0,,,1.609,4325000192.0,,
2026-09-28T07:34:48.824317,IIFL.NS,IIFL Finance Limited,Credit Services,Financial Services,NSE,https://www.iifl.com,Mumbai,400069,254833508352.0,1790580922.0,599.2,609.9,609.9,598.2,556389.0,616.95,-17.75,-2.8770564,409.1,705.0,705.0,8.293004,617.303,-18.102966,-0.0293259,536.2045,62.995483,0.117484055,190.1,0.4646786,-105.79999,-0.1500709,409.1 - 705.0,2504317.0,1830859.0,2504317.0,223944732.0,425289575.0,425289575.0,0.46883,0.20398001,87518298112.0,205.785,698830225408.0,86974201856.0,204.58,,,86697197568.0,1.895,0.318,0.99682,0.0,0.42165002,0.24174,327.305,1.8307084,890685620224.0,12.208639,7.9079566,49.08,75.77179,4.0,0.65,1769644800.0,0.081499994,1.26,5:1,10.241,21025200128.0,1218153600.0,0.298
2026-09-28T07:34:48.824317,ABREL.NS,Aditya Birla Real Estate Limited,Real Estate Services,Real Estate,NSE,https://www.adityabirlarealestate.com,Mumbai,400030,131134259200.0,1790580915.0,1185.9,1230.9,1231.0,1185.0,88667.0,1230.9,-45.0,-3.6558614,1080.1,1914.0,6800.0,20.55,1359.768,-173.86792,-0.12786588,1354.549,-168.64893,-0.124505594,105.80005,0.09795394,-728.1,-0.3804075,1080.1 - 1914.0,180788.0,195264.0,180788.0,58695698.0,110577844.0,110577844.0,0.55161,0.21288,23729299456.0,214.21,56364900352.0,4575900160.0,41.391,,,2688100096.0,,0.297,0.58744997,-0.80021006,-0.38474998,-0.25416002,334.576,3.5444863,168973402112.0,,20.291029,-31.76,58.44455,2.5,0.2,1783987200.0,0.4016,0.28,,36.927,-3516999936.0,,0.417
2026-09-28T07:34:48.824317,SJVN.NS,SJVN Limited,Utilities - Renewable,Utilities,NSE,https://www.sjvn.nic.in,Shimla,171006,238970847232.0,1790580924.0,60.81,61.76,61.8,60.74,991990.0,61.76,-0.94999695,-1.5382075,60.74,92.16,170.5,17.25,66.303,-5.493,-0.08284693,71.8273,-11.0173,-0.15338597,0.069999695,0.001152448,-31.350002,-0.34016928,60.74 - 92.16,1980747.0,2211899.0,1980747.0,716263935.0,3929795175.0,3929795175.0,0.81848997,0.0571,25225199616.0,6.392,322784886784.0,50052198400.0,12.691,,,44620898304.0,-0.017,0.52,0.89149004,0.70644,0.45679,0.12771,36.207,1.6795095,541377134592.0,34.551136,12.65641,1.76,4.80468,1.5,2.43,1787529600.0,0.8298,3.26,,10.816,6392399872.0,,0.466
2026-09-28T07:34:48.824317,INFY.NS,Infosys Limited,Information Technology Services,Technology,NSE,https://www.infosys.com,Bengaluru,56 0100,4060469526528.0,1790580924.0,1002.5,1002.0,1004.2,986.6,4721536.0,1000.2,2.2999878,0.2299298,982.4,1728.0,2006.45,0.71289,1106.268,-103.767944,-0.09380001,1259.4375,-256.9375,-0.20400973,20.099976,0.020460073,-725.5,-0.41984954,982.4 - 1728.0,11215369.0,9588702.0,11215369.0,3886971539.0,4050343559.0,4050343559.0,0.16539,0.52009,3124000000.0,0.771,923000000.0,20298999808.0,4.965,0.15297,0.32,6024000000.0,0.053,0.029,0.29676,0.2208,0.21173,0.16370001,227.86147,4.399603,4048309714944.0,12.932147,12.519101,77.52,80.07764,50.0,5.0,1781049600.0,0.64599997,2.54,2:1,199.434,3323000064.0,1536019200.0,0.108
2026-09-28T07:34:48.824317,BANKBARODA.NS,Bank of Baroda Limited,Banks - Regional,Financial Services,NSE,https://bankofbaroda.bank.in,Vadodara,390007,1183724863488.0,1790580925.0,228.9,234.99,234.99,228.82,4131983.0,235.26,-6.3600006,-2.7027028,228.82,325.5,325.5,8.58,241.8458,-12.945801,-0.053529155,270.4482,-41.548218,-0.15362726,0.07998657,0.0003495611,-96.600006,-0.2967742,228.82 - 325.5,9432237.0,4994223.0,9432237.0,1853329361.0,5171362179.0,5171362179.0,0.66462,0.20536,506651410432.0,98.018,1732858085376.0,662978953216.0,128.209,0.0093,0.113170005,662978953216.0,-0.486,0.18,0.0,0.0,0.45536998,0.27392,325.983,0.70218384,2457805520896.0,6.517654,5.339094,35.12,42.87244,8.5,3.61,1780617600.0,0.24200001,2.58,5:1,3.707,181605548032.0,1421884800.0,0.422
2026-09-28T07:34:48.824317,TRIDENT.NS,Trident Limited,Textile Manufacturing,Consumer Cyclical,NSE,https://www.tridentindia.com,Barnala,148101,116739833856.0,1790580919.0,22.91,23.01,23.07,22.86,1251036.0,23.12,-0.21000099,-0.90830874,21.98,30.94,70.35,0.525,24.2762,-1.3661995,-0.056277324,25.129,-2.2189999,-0.08830435,0.9300003,0.042311206,-8.030001,-0.2595346,21.98 - 30.94,4352086.0,3176152.0,4352086.0,1184502074.0,5095584070.0,5095584070.0,0.75532997,0.02495,4690400256.0,0.92,18285299712.0,67809898496.0,13.37,,,32428599296.0,0.148,0.047,0.47823003,0.13137001,0.13338,0.05829,9.358,2.4481728,131499442176.0,29.371796,19.92174,0.78,1.15,1.0,4.33,1779408000.0,0.641,1.43,10:1,1.939,3952399872.0,1576195200.0,0.009
2026-09-28T07:34:48.824317,PCBL.NS,PCBL Chemical Limited,Specialty Chemicals,Basic Materials,NSE,https://www.pcblltd.com,Kolkata,700027,130727944192.0,1790580925.0,332.25,338.15,339.6,329.9,639617.0,339.6,-7.350006,-2.1643126,226.5,394.0,584.4,1.2,325.539,6.7109985,0.020615038,297.40515,34.84485,0.1171629,105.75,0.4668874,-61.75,-0.15672588,226.5 - 394.0,2069822.0,1378656.0,2069822.0,189814229.0,393462604.0,393462604.0,0.070549995,0.64252,2813400064.0,7.15,49890598912.0,85486198784.0,220.383,,,25649899520.0,0.589,0.17,0.30005,0.11715999,0.1182,0.030269999,101.822,3.2630472,180825604096.0,50.417297,21.298077,6.59,15.6,4.5,1.33,1785801600.0,0.91050005,2.63,2:1,2.115,2587899904.0,1649635200.0,0.581
2026-09-28T07:34:48.824317,VIJAYA.NS,Vijaya Diagnostic Centre Limited,Diagnostics & Research,Healthcare,NSE,https://www.vijayadiagnostic.com,Hyderabad,500082,154352369664.0,1790580912.0,1498.6,1513.3,1513.3,1480.1,52199.0,1513.6,-15.0,-0.9914078,848.0,1593.6,1593.6,295.0,1450.588,48.011963,0.033098277,1190.5258,308.07422,0.25877157,650.6,0.767217,-95.0,-0.059613455,848.0 - 1593.6,237494.0,152394.0,237494.0,48930194.0,102997715.0,102997715.0,0.5348,0.3951,2891252992.0,28.095,4225850112.0,8571307008.0,83.24,,,7582627840.0,0.373,0.228,0.88465,0.43291,0.31785,0.21874,93.061,16.103416,157097820160.0,82.522026,54.554058,18.16,27.47,2.0,0.13,1789516800.0,0.11,,,18.328,1874887040.0,,0.357
2026-09-28T07:34:48.824317,POWERGRID.NS,Power Grid Corporation of India Limited,Utilities - Regulated Electric,Utilities,NSE,https://www.powergrid.in,Gurugram,122001,2473960669184.0,1790580925.0,266.0,269.9,269.9,264.7,5394326.0,269.5,-3.5,-1.2987013,250.0,324.95,366.25,29.250008,272.2,-6.200012,-0.022777414,285.269,-19.269012,-0.067546815,16.0,0.064,-58.950012,-0.18141256,250.0 - 324.95,8787042.0,8628527.0,8787042.0,4277161684.0,9300603819.0,9300603819.0,0.52908003,0.36216,57857601536.0,6.221,1515580948480.0,470333685760.0,50.585,,,459027185664.0,-0.008,0.027,0.97596,0.84461,0.55737996,0.33797002,108.051,2.4618003,3964236201984.0,13.020068,13.740699,20.43,19.35855,10.25,3.8,1786579200.0,0.4407,4.63,4:3,8.429,158957895680.0,1694476800.0,0.156
2026-09-28T07:34:48.824317,BAJAJHLDNG.NS,Bajaj Holdings & Investment Limited,Asset Management,Financial Services,NSE,https://www.bhil.in,Pune,411014,1207645896704.0,1790580906.0,10851.0,10925.0,10940.0,10791.0,12589.0,10940.0,-89.0,-0.8136027,8588.0,13250.0,14763.0,209.0,11170.32,-319.3203,-0.028586496,10644.992,206.00781,0.019352557,2263.0,0.26350722,-2399.0,-0.1810566,8588.0 - 13250.0,49672.0,44748.0,49672.0,42748950.0,111293510.0,111293510.0,0.61588,0.13194,1005600000.0,9.036,96200000.0,12055799808.0,108.324,,0.11598,11933200384.0,-0.224,0.242,0.98983,0.83055997,0.84845,7.34641,6572.762,1.650904,1309320806400.0,13.643221,,795.34,,130.0,1.19,1789948800.0,0.1822,1.56,,108.605,88566898688.0,,0.151
2026-09-28T07:34:48.824317,UNOMINDA.NS,Uno Minda Limited,Auto Parts,Consumer Cyclical,NSE,https://www.unominda.com,Gurugram,122004,684991578112.0,1790580926.0,1186.0,1211.5,1214.2,1185.3,164950.0,1218.0,-31.800049,-2.6112702,994.0,1382.0,1382.0,2.42281,1226.378,-40.1781,-0.032761596,1160.6945,25.505493,0.021974338,192.19995,0.1933601,-195.80005,-0.14167877,994.0 - 1382.0,777715.0,565250.0,777715.0,182615424.0,577467206.0,577467206.0,0.68487,0.20313999,3607399936.0,6.247,27401199616.0,207253504000.0,359.255,,,70542802944.0,0.012,0.238,0.34037,0.10695,0.071090005,0.05801,118.277,10.028999,731402600448.0,56.94671,37.47994,20.83,31.64893,2.65,0.22,1780012800.0,0.1273,0.2,2:1,3.529,12022599680.0,1657152000.0,0.297
2026-09-28T07:34:48.824317,GLAXO.NS,GlaxoSmithKline Pharmaceuticals Limited,Drug Manufacturers - General,Healthcare,NSE,https://india-pharma.gsk.com,Mumbai,400030,497867358208.0,1790580912.0,2938.9,2814.2,2987.0,2790.1,326715.0,2815.7,123.19995,4.3737555,2088.1,3120.7,3515.7,134.925,2784.464,154.43579,0.05546338,2497.6184,441.2815,0.17668091,850.7998,0.40745163,-181.80005,-0.058256175,2088.1 - 3120.7,110028.0,59838.0,110028.0,41291027.0,169406034.0,169406034.0,0.75626,0.09782,27567996928.0,162.733,332721984.0,39549448192.0,233.465,,,25390905344.0,0.157,0.166,0.64199996,0.33630002,0.29801,0.27008,133.845,21.957487,449761280000.0,46.59743,37.119038,63.07,79.175,57.0,2.02,1780012800.0,0.90400004,1.79,2:1,11.372,10681524224.0,1536624000.0,0.079
2026-09-28T07:34:48.824317,LT.NS,Larsen & Toubro Limited,Engineering & Construction,Industrials,NSE,https://www.larsentoubro.com,Mumbai,400001,5217422147584.0,1790580925.0,3792.1,3857.0,3858.2,3790.0,704478.0,3876.2,-84.09985,-2.169703,3288.1,4440.0,4440.0,16.666666,3962.248,-170.14795,-0.042942274,3964.4834,-172.3833,-0.04348191,504.0,0.15328,-647.8999,-0.1459234,3288.1 - 4440.0,1671197.0,1431384.0,1671197.0,1143342938.0,1375866086.0,1375866086.0,0.18086,0.5255,766146510848.0,556.941,1254965903360.0,2969008078848.0,2158.401,,,1111144529920.0,0.14,0.081,0.37425,0.117060006,0.10609999,0.05588,794.47,4.7731194,6013451239424.0,31.456657,21.081705,120.55,179.87634,38.0,0.98,1779408000.0,0.3152,0.9,3:2,2.025,183120904192.0,1499904000.0,0.507
2026-09-28T07:34:48.824317,INDHOTEL.NS,The Indian Hotels Company Limited,Lodging,Consumer Cyclical,NSE,https://www.ihcltata.com,Mumbai,400021,1035986731008.0,1790580922.0,716.15,722.6,726.75,711.55,1555016.0,726.8,-10.649963,-1.4653225,565.0,757.4,894.9,11.243826,728.092,-11.941956,-0.016401714,684.7073,31.442749,0.04592145,151.15002,0.26752216,-41.25,-0.054462634,565.0 - 757.4,2019961.0,1847718.0,2019961.0,853114790.0,1446605715.0,1446605715.0,0.39345002,0.37247002,43310501888.0,30.427,28365500416.0,102826500096.0,72.225,,,64787501056.0,0.207,0.151,0.63007,0.33486,0.24399,0.20868999,91.696,7.8100467,1038452391936.0,47.61636,38.328297,15.04,18.68463,3.25,0.45,1782172800.0,0.2157,0.23,10:1,10.099,21459099648.0,1161907200.0,-0.162
2026-09-28T07:34:48.824317,LTFOODS.NS,LT Foods Limited,Packaged Foods,Consumer Defensive,NSE,https://ltfoods.com,Gurugram,122001,142512603136.0,1790580917.0,410.4,422.0,422.0,409.3,227613.0,422.35,-11.950012,-2.8294098,333.15,490.7,518.55,2.55,421.926,-11.526001,-0.02731759,399.71524,10.684753,0.026730914,77.25,0.23187754,-80.30002,-0.1636438,333.15 - 490.7,1290287.0,341692.0,1290287.0,134235074.0,347252944.0,347252944.0,0.61607,0.16017,3370537984.0,9.701,16100460544.0,116740292608.0,336.191,,,38459265024.0,0.089,0.264,0.32944,0.1112,0.09151,0.05485,51.326,7.9959474,159469191168.0,22.231853,13.566942,18.46,30.25,4.0,0.95,1789689600.0,0.1627,0.77,10:1,1.366,6403254784.0,1486425600.0,0.366
2026-09-28T07:34:48.824317,LATENTVIEW.NS,Latent View Analytics Limited,Consulting Services,Industrials,NSE,https://www.latentview.com,Chennai,600113,50093432832.0,1790580891.0,241.9,243.75,244.9,241.15,107115.0,243.75,-1.8500061,-0.7588212,240.5,517.5,754.9,240.5,279.154,-37.253998,-0.13345322,322.99075,-81.09076,-0.25106218,1.3999939,0.0058211805,-275.6,-0.5325604,240.5 - 517.5,917299.0,601262.0,917299.0,59159852.0,207083230.0,207083230.0,0.71347,0.03442,7198099968.0,34.786,332409984.0,11143520256.0,53.923,,,3707830016.0,-0.053,0.215,0.33273,0.21263,0.15856,0.17536,84.823,2.851821,43859193856.0,25.652172,18.751938,9.43,12.9,,,,0.0,,,3.936,1954119936.0,,0.434
2026-09-28T07:34:48.824317,LUPIN.NS,Lupin Limited,Drug Manufacturers - Specialty & Generic,Healthcare,NSE,https://www.lupin.com,Mumbai,400055,944852566016.0,1790580926.0,2066.2,2087.9,2098.6,2060.0,197816.0,2092.0,-25.800049,-1.233272,1900.0,2529.5,2529.5,6.11,2233.97,-167.77002,-0.0750995,2266.8984,-200.69849,-0.0885344,166.19995,0.08747366,-463.30005,-0.18315874,1900.0 - 2529.5,888829.0,638902.0,888829.0,242080911.0,457289972.0,457289972.0,0.47019002,0.36248,78946500608.0,172.682,66161799168.0,299665784832.0,655.817,,,216842305536.0,0.16,0.32,0.72361,0.28845,0.25354,0.18450001,491.017,4.2080007,944285024256.0,17.117058,20.22338,120.71,102.16888,18.0,0.86,1784246400.0,0.0994,0.53,5:1,3.151,55288098816.0,1282867200.0,0.163
2026-09-28T07:34:48.824317,EMAMILTD.NS,Emami Limited,Household & Personal Products,Consumer Defensive,NSE,https://www.emamiltd.in,Kolkata,700107,165688590336.0,1790580927.0,382.05,388.0,388.25,379.95,1019822.0,389.25,-7.200012,-1.8497142,361.15,567.5,860.0,30.0,391.484,-9.434021,-0.0240981,432.941,-50.89102,-0.117547244,20.899994,0.057870675,-185.45001,-0.32678416,361.15 - 567.5,1292060.0,3245866.0,1292060.0,190877085.0,433683000.0,433683000.0,0.59402,0.29022,9032932352.0,20.694,1619223040.0,39146340352.0,89.725,,,26590867456.0,-0.162,0.149,0.67927,0.24609,0.1765,0.19117,66.987,5.7033453,162478489600.0,22.251019,19.094633,17.17,20.00824,12.0,3.08,1770681600.0,0.5831,1.74,2:1,4.151,7483515904.0,1529539200.0,0.143
2026-09-28T07:34:48.824317,FINPIPE.NS,Finolex Industries Limited,Building Products & Equipment,Industrials,NSE,https://www.finolexpipes.com,Pune,411045,93365403648.0,1790580927.0,151.0,153.57,153.82,150.98,178528.0,154.16,-3.1600037,-2.0496879,147.54,209.44,355.9,5.0,159.6924,-8.692398,-0.054432135,170.64066,-19.640656,-0.115099505,3.4600067,0.023451313,-58.440002,-0.27902982,147.54 - 209.44,471479.0,371661.0,471479.0,251566394.0,618313905.0,618313905.0,0.59346,0.16912001,24930500608.0,40.274,4456399872.0,39538601984.0,63.913,,,17208600576.0,0.164,-0.153,0.43523997,0.17514999,0.08952,0.15564999,100.625,1.5006211,74955104256.0,15.191148,14.211764,9.94,10.625,2.0,1.3,1789084800.0,0.201,1.05,5:1,1.896,6154100224.0,1618444800.0,0.597
2026-09-28T07:34:48.824317,KEC.NS,KEC International Limited,Engineering & Construction,Industrials,NSE,https://www.kecrpg.com,Mumbai,400030,104297160704.0,1790580925.0,391.8,394.95,396.1,390.4,202720.0,396.95,-5.1500244,-1.2973987,389.15,893.0,1313.25,1.73,435.027,-43.22702,-0.09936629,540.2585,-148.4585,-0.2747916,2.649994,0.006809698,-501.2,-0.5612542,389.15 - 893.0,1243260.0,1256589.0,1243260.0,158743046.0,266200000.0,266200000.0,0.04555,0.76132005,4144600064.0,15.569,53777600512.0,235062001664.0,883.22,,,55602601984.0,-0.417,0.0,0.23653999,0.06403,0.04777,0.02355,231.393,1.6932231,155301085184.0,18.836538,10.70138,20.8,36.6121,5.5,1.39,1786060800.0,0.2644,0.72,5:1,0.661,5536099840.0,1293667200.0,0.062
2026-09-28T07:34:48.824317,INDIACEM.NS,The India Cements Limited,Building Materials,Basic Materials,NSE,https://www.indiacements.co.in,Chennai,600028,145659248640.0,1790580898.0,313.35,323.2,324.8,313.0,78245.0,323.1,-9.75,-3.0176415,313.0,485.8,485.8,12.7,371.107,-57.75699,-0.15563433,397.61926,-84.26926,-0.21193454,0.3500061,0.0011182304,-172.44998,-0.35498145,313.0 - 485.8,237138.0,287734.0,237138.0,71759796.0,464845219.0,309896036.0,0.7523,0.13853,622187008.0,2.008,13048031232.0,44793724928.0,144.684,,,16116441088.0,,-0.005,0.35979,0.10373,0.08218,0.020650001,326.698,0.95914274,112553631744.0,104.450005,18.651787,3.0,16.8,,,1663632000.0,0.0,0.6,,2.513,925096000.0,,0.22
2026-09-28T07:34:48.824317,TTML.NS,Tata Teleservices (Maharashtra) Limited,Telecom Services,Communication Services,NSE,https://www.tatatelebusiness.com,Navi Mumbai,400703,71042072576.0,1790580927.0,36.34,35.01,37.9,34.37,63354834.0,34.44,1.9000015,5.520051,31.22,60.08,290.15,1.8,37.8876,-1.5475998,-0.04084713,41.5118,-5.1717987,-0.12458623,5.120001,0.16399747,-23.740002,-0.39513984,31.22 - 60.08,2561631.0,1704552.0,2561631.0,883959670.0,1954927727.0,1954927727.0,0.74358004,0.019919999,385500000.0,0.197,208689201152.0,11775500288.0,6.029,,,6539500032.0,,0.061,0.55535,0.50198,0.43648,0.03187,-102.221,-0.35550424,275631407104.0,191.26317,,0.19,,,,,0.0,,17:15,23.407,375300000.0,1375833600.0,0.434
2026-09-28T07:34:48.824317,CANBK.NS,Canara Bank,Banks - Regional,Financial Services,NSE,https://www.canarabank.bank.in,Bengaluru,560002,1101902774272.0,1790580925.0,121.48,124.68,124.68,121.35,10013508.0,124.99,-3.5099945,-2.8077712,118.26,162.89,239.4,8.14112,126.885,-5.404999,-0.042597618,136.3603,-14.880302,-0.109124884,3.2200012,0.02722815,-41.409996,-0.2542206,118.26 - 162.89,19458796.0,10502110.0,19458796.0,3093727025.0,9070651260.0,9070651260.0,0.64359003,0.18348,1555679936512.0,171.507,1552876830720.0,460479299584.0,50.77,,,460479299584.0,0.622,-0.129,0.0,0.0,0.44137,0.43126,129.764,0.936161,1131666735104.0,5.5470324,5.2189035,21.9,23.27692,4.2,3.36,1781222400.0,0.1918,3.23,5:1,2.458,180256047104.0,1715731200.0,0.498
2026-09-28T07:34:48.824317,JINDALSTEL.NS,Jindal Steel Limited,Steel,Basic Materials,NSE,https://www.jindalsteel.in,New Delhi,110066,1164108103680.0,1790580926.0,1144.1,1160.0,1160.0,1142.7,218135.0,1164.8,-20.700073,-1.7765253,977.1,1306.2,1306.2,1.884166,1118.578,25.521973,0.022816444,1141.388,2.7120361,0.0023760863,167.0,0.17091393,-162.09998,-0.12410043,977.1 - 1306.2,959170.0,740733.0,959170.0,375911194.0,1017488097.0,1017488097.0,0.63857,0.23019,62485598208.0,61.392,226095497216.0,564125696000.0,554.36,,,286577295360.0,-0.437,0.259,0.508,0.1634,0.111999996,0.04818,500.342,2.2866359,1358586314752.0,42.898388,12.997207,26.67,88.0266,2.0,0.17,1787270400.0,0.0749,0.54,6:1,2.408,27182000128.0,1252886400.0,0.673
2026-09-28T07:34:48.824317,MINDACORP.NS,Minda Corporation Limited,Auto Parts,Consumer Cyclical,NSE,https://sparkminda.com,Noida,201301,158786240512.0,1790580926.0,674.65,678.5,678.75,668.15,80179.0,678.85,-4.199951,-0.61804897,468.5,769.0,769.0,3.75,703.569,-28.918945,-0.041103214,607.37524,67.27478,0.110763125,206.15002,0.4400214,-94.349976,-0.12269177,468.5 - 769.0,425593.0,136106.0,425593.0,76529954.0,235360911.0,235360911.0,0.67469,0.21469,1384000000.0,5.88,14714999808.0,66457300992.0,282.203,,,23624400896.0,2.158,0.332,0.35548002,0.107650004,0.07735,0.07539,112.117,6.017375,173302759424.0,32.15682,29.033264,20.98,23.23714,1.6,0.24,1786665600.0,0.0716,0.33,5:1,2.608,5010200064.0,1420416000.0,0.461
2026-09-28T07:34:48.824317,IPCALAB.NS,Ipca Laboratories Limited,Drug Manufacturers - Specialty & Generic,Healthcare,NSE,https://www.ipca.com,Mumbai,400067,487949336576.0,1790580927.0,1923.3,1956.0,1972.9,1920.6,104222.0,1970.8,-47.5,-2.409822,1251.6,2038.0,2038.0,2.75,1876.394,46.906006,0.024997951,1625.367,297.9331,0.18330206,671.7001,0.5366731,-114.69995,-0.056280643,1251.6 - 2038.0,402925.0,298508.0,402925.0,139308986.0,253704218.0,253704218.0,0.45058,0.45407,11955800064.0,47.125,8087600128.0,101263998976.0,399.16,,,68589699072.0,0.724,0.208,0.67734003,0.22271,0.20039,0.12935,317.843,6.051101,510734565376.0,37.2516,27.355257,51.63,70.30824,6.0,0.3,1786060800.0,0.0387,0.32,2:1,5.044,13098000384.0,1641772800.0,0.055
2026-09-28T07:34:48.824317,KIRLOSBROS.NS,Kirloskar Brothers Limited,Specialty Industrial Machinery,Industrials,NSE,https://www.kirloskarpumps.com,Pune,411045,137345679360.0,1790580923.0,1729.6,1780.6,1780.6,1727.3,18499.0,1771.9,-42.30005,-2.3903732,1335.0,2189.2,2684.0,60.25,1866.2,-136.59998,-0.07319686,1709.425,20.174927,0.011802171,394.59998,0.2955805,-459.59998,-0.2099397,1335.0 - 2189.2,82323.0,33104.0,82323.0,25228216.0,79408926.0,79408926.0,0.69241995,0.12956999,8829616128.0,111.192,2500865024.0,46638899200.0,587.371,,,23038251008.0,-0.001,0.129,0.49397,0.111719996,0.080010004,0.08009,310.296,5.574033,134494593024.0,36.831345,,46.96,,7.0,0.4,1784851200.0,0.1488,0.55,,2.884,3735301120.0,,0.297
2026-09-28T07:34:48.824317,SAPPHIRE.NS,Sapphire Foods India Limited,Restaurants,Consumer Cyclical,NSE,https://www.sapphirefoods.in,Mumbai,400062,70239772672.0,1790580877.0,218.3,223.0,223.0,216.42,217792.0,223.61,-5.3099976,-2.374669,139.91,310.5,401.0,139.91,219.7712,-1.4711914,-0.006694196,197.98364,20.31636,0.10261636,78.39,0.5602887,-92.2,-0.29694042,139.91 - 310.5,1755327.0,844416.0,1755327.0,227490889.0,321757988.0,321382905.0,0.26121,0.68042,1412220032.0,4.394,14171299840.0,32394489856.0,99.296,,,17078760448.0,,0.147,0.52721,0.09488,0.047620002,-0.0049799997,43.269,5.045182,84602994688.0,,92.24399,-0.49,2.36655,,,,0.0,,5:1,2.612,-161240000.0,1725494400.0,0.337
2026-09-28T07:34:48.824317,TCS.NS,Tata Consultancy Services Limited,Information Technology Services,Technology,NSE,https://www.tcs.com,Mumbai,400 001,,1790580928.0,2081.1,2100.0,2100.0,2051.0,1621091.0,2082.0,-0.89990234,-0.04320845,1976.8,3350.0,4592.25,32.475,2289.488,-208.38794,-0.09101945,2502.2046,-421.1045,-0.16829339,104.30005,0.05276206,-1268.8999,-0.3787761,1976.8 - 3350.0,3707171.0,3516106.0,3707171.0,1019251435.0,,,0.71794,0.17551,450310012928.0,124.461,113090002944.0,2758590070784.0,762.444,0.24479,0.47743,1114159972352.0,0.046,0.139,0.40389,0.26125,0.23963,0.18052,303.014,6.8679996,7206848167936.0,15.122077,12.805614,137.62,162.51466,65.0,3.12,1784073600.0,0.38509998,1.58,2:1,2.613,497990008832.0,1527724800.0,0.166
2026-09-28T07:34:48.824317,INDIGO.NS,InterGlobe Aviation Limited,Airlines,Industrials,NSE,https://www.goindigo.in,Gurugram,122002,1890412920832.0,1790580927.0,4889.0,4933.0,4933.0,4845.0,250570.0,4940.0,-51.0,-1.0322841,3895.2,5970.0,6232.5,691.0,5128.28,-239.27979,-0.046658877,4805.2173,83.782715,0.01743578,993.80005,0.25513455,-1081.0,-0.18107203,3895.2 - 5970.0,768935.0,612641.0,768935.0,214094985.0,386666597.0,386666597.0,0.4157,0.46076,497430986752.0,1287.542,777491972096.0,890497007616.0,2303.988,,,275908984832.0,,0.199,0.30984,0.23723,0.01543,-0.053969998,180.359,27.107048,2188750880768.0,,21.018757,-124.49,232.60178,10.0,0.19,1755043200.0,0.1205,,,2.458,-48057999360.0,,0.617
2026-09-28T07:34:48.824317,ZYDUSLIFE.NS,Zydus Lifesciences Limited,Drug Manufacturers - Specialty & Generic,Healthcare,NSE,https://zyduslife.com,Ahmedabad,382481,1213762633728.0,1790580925.0,1216.8,1210.7,1228.6,1201.2,2885374.0,1203.9,12.900024,1.0718757,835.5,1228.6,1324.3,0.994381,1137.476,79.3241,0.06973694,1007.4795,209.32056,0.20776656,381.30005,0.45637348,-11.799927,-0.009604368,835.5 - 1228.6,1413908.0,1360168.0,1413908.0,242884761.0,997503832.0,997503832.0,0.75188005,0.16209999,49711001600.0,49.403,125145997312.0,285916987392.0,284.209,,,206177992704.0,-0.359,0.22,0.72111,0.23806,0.16438,0.15784,269.434,4.5161343,1311548112896.0,27.094189,24.738073,44.91,49.18734,1.0,0.08,1784851200.0,0.24520001,0.71,5:1,4.587,45129998336.0,1444089600.0,0.371
2026-09-28T07:34:48.824317,RBLBANK.NS,RBL Bank Limited,Banks - Regional,Financial Services,NSE,https://www.rbl.bank.in,Mumbai,400013,634932101120.0,1790580926.0,409.2,412.0,413.85,404.3,1282616.0,415.05,-5.8499756,-1.4094629,261.6,429.6,716.4,74.15,390.901,18.299011,0.046812393,342.166,67.03403,0.19591084,147.6,0.5642202,-20.399994,-0.04748602,261.6 - 429.6,4687598.0,3763503.0,4687598.0,279491944.0,1551642481.0,1551642481.0,0.60984004,0.21023001,140115902464.0,186.638,167964393472.0,80978501632.0,124.862,,,80978501632.0,-0.117,-0.062,0.0,0.0,0.15658,0.11102,270.96,1.5101861,339441975296.0,33.76238,20.36946,12.12,20.0889,1.0,0.24,1786665600.0,0.082600005,,,4.192,8990600192.0,,0.659
2026-09-28T07:34:48.824317,SBILIFE.NS,SBI Life Insurance Company Limited,Insurance - Life,Financial Services,NSE,https://www.sbilife.co.in,Mumbai,400069,1748934983680.0,1790580925.0,1743.0,1742.0,1752.8,1725.1,710324.0,1742.0,1.0,0.057382226,1652.9,2132.0,2132.0,485.0,1787.13,-44.130005,-0.024693226,1880.8455,-137.84546,-0.0732891,90.099976,0.05451024,-389.0,-0.18245779,1652.9 - 2132.0,978383.0,1186960.0,978383.0,414914638.0,1003405073.0,1003405073.0,0.58816004,0.31092,15267399680.0,15.227,0.0,1215675498496.0,1212.475,0.00349,0.13703,118034497536.0,0.218,0.188,0.09709,0.024230001,0.01711,0.021389998,200.674,8.685729,1731382738944.0,67.14176,49.91036,25.96,34.92261,2.7,0.15,1772755200.0,0.1042,0.17,,1.424,26008600576.0,,0.351
2026-09-28T07:34:48.824317,WIPRO.NS,Wipro Limited,Information Technology Services,Technology,NSE,https://www.wipro.com,Bengaluru,560035,1609547513856.0,1790580920.0,162.69,164.02,164.45,160.97,6819915.0,164.02,-1.3300018,-0.8108778,160.97,273.1,369.925,0.36875,176.923,-14.233002,-0.080447435,200.4887,-37.79869,-0.18853278,1.7200012,0.010685229,-110.41,-0.40428415,160.97 - 273.1,13476244.0,11898677.0,13476244.0,2886678561.0,9893340252.0,9893340252.0,0.72689,0.14964,394750001152.0,39.907,212821999616.0,949680013312.0,90.678,0.07263,0.16128999,275834994688.0,0.009,0.106,0.29045,0.18414,0.15698,0.13919,78.32,2.0772471,1442558509056.0,12.911904,11.704823,12.6,13.8994,8.0,4.88,1785110400.0,0.8737,1.76,2:1,1.519,132190003200.0,1733184000.0,0.393
2026-09-28T07:34:48.824317,VENTIVE.NS,Ventive Hospitality Limited,Lodging,Consumer Cyclical,NSE,https://www.ventivehospitality.com,Pune,411006,131355484160.0,1790580764.0,562.45,575.0,575.0,555.5,8870.0,565.05,-2.5999756,-0.46013197,542.6,793.95,840.0,523.4,592.56,-30.109985,-0.050813396,651.2755,-88.8255,-0.13638698,19.850037,0.03658319,-231.5,-0.29158008,542.6 - 793.95,25087.0,34991.0,25087.0,23328471.0,233541609.0,233541608.0,0.90011,0.054169998,4579840000.0,19.61,25744259072.0,25107879936.0,107.606,,,18390259712.0,2.009,0.07,0.73245,0.4234,0.19038999,0.19096,235.764,2.3856483,165674319872.0,34.805077,20.68628,16.16,27.18952,,,,0.0,,,6.598,4794610176.0,,
2026-09-28T07:34:48.824317,TORNTPOWER.NS,Torrent Power Limited,Utilities - Independent Power Producers,Utilities,NSE,https://www.torrentpower.com,Ahmedabad,380015,623832596480.0,1790580927.0,1238.0,1255.9,1256.0,1235.2,31379.0,1254.6,-16.599976,-1.3231289,1188.0,1824.1,2037.0,45.0,1311.676,-73.676025,-0.056169376,1413.446,-175.44604,-0.12412646,50.0,0.042087544,-586.1,-0.32130912,1188.0 - 1824.1,358887.0,226225.0,358887.0,159651760.0,503903543.0,503903543.0,0.62308997,0.26788,23194099712.0,46.029,139705597952.0,291840884736.0,579.138,,,77719396352.0,-0.127,0.028,0.26631,0.19652,0.14002,0.079629995,378.551,3.2703652,755043074048.0,26.81395,20.2945,46.17,61.00175,20.0,1.59,1781827200.0,0.4337,1.67,,2.587,23238400000.0,,0.626
2026-09-28T07:34:48.824317,DEEPAKNTR.NS,Deepak Nitrite Limited,Chemicals,Basic Materials,NSE,https://www.godeepak.com,Vadodara,390003,212759511040.0,1790580903.0,1559.9,1589.0,1589.0,1555.1,53931.0,1587.1,-27.199951,-1.7130591,1280.0,1897.9,3169.0,13.63,1690.904,-131.00403,-0.077475734,1631.146,-71.24597,-0.043678477,279.90002,0.21867189,-338.0,-0.17809157,1280.0 - 1897.9,340695.0,200072.0,340695.0,68433844.0,136393041.0,136393041.0,0.49805,0.26066,4621000192.0,33.88,16377199616.0,85747900416.0,628.603,,,22335899648.0,2.074,0.364,0.26048002,0.15529999,0.18486999,0.091359995,427.942,3.6451204,228550098944.0,27.152306,25.142683,57.45,62.04191,7.5,0.47,1785110400.0,0.1306,0.34,5:1,2.665,7833500160.0,1403222400.0,0.454
2026-09-28T07:34:48.824317,REDINGTON.NS,Redington Limited,Information Technology Services,Technology,NSE,https://www.redingtongroup.com,Chennai,600091,314390577152.0,1790580925.0,402.15,407.0,409.75,399.1,3036813.0,407.25,-5.100006,-1.2516888,191.31,419.5,419.5,7.965,349.545,52.60498,0.15049559,272.3861,129.76389,0.47639686,210.84,1.1020856,-17.350006,-0.041358776,191.31 - 419.5,6903787.0,5307432.0,6903787.0,592561565.0,781774431.0,781774431.0,0.26005,0.38832,11100699648.0,14.199,28416200704.0,1282364801024.0,1640.692,,,62902800384.0,0.767,0.346,0.049050003,0.02003,0.01881,0.013259999,129.97,3.0941756,338325635072.0,18.489655,13.150752,21.75,30.58,6.0,1.47,1783036800.0,0.2757,3.23,2:1,0.264,17009300480.0,1629244800.0,0.896
2026-09-28T07:34:48.824317,MEDANTA.NS,Global Health Limited,Medical Care Facilities,Healthcare,NSE,https://www.medanta.org,Gurugram,122001,386690711552.0,1790580926.0,1439.0,1490.0,1495.1,1437.7,64458.0,1495.4,-56.400024,-3.7715678,956.0,1544.0,1544.0,406.65,1431.618,7.381958,0.005156374,1229.3848,209.61523,0.17050417,483.0,0.5052301,-105.0,-0.06800518,956.0 - 1544.0,248128.0,209793.0,248128.0,88414430.0,268721832.0,268721832.0,0.66385,0.24514,11302280192.0,42.083,11900460032.0,46834728960.0,178.984,,,24723810304.0,-0.002,0.265,0.52789,0.2067,0.16700001,0.11875,147.471,9.757852,402450186240.0,69.718994,42.8131,20.64,33.61121,0.5,0.03,1786665600.0,0.0242,,,8.593,5561780224.0,,0.143
2026-09-28T07:34:48.824317,ATUL.NS,Atul Ltd,Specialty Chemicals,Basic Materials,NSE,https://www.atul.co.in,Valsad,396020,176503324672.0,1790580925.0,5995.0,6070.0,6070.0,5941.0,18135.0,6070.5,-75.5,-1.2443346,5560.5,7180.0,10969.0,25.05,6465.25,-470.25,-0.072735004,6446.3027,-451.30273,-0.070009544,434.5,0.07814045,-1185.0,-0.16504179,5560.5 - 7180.0,47284.0,29284.0,47284.0,14964950.0,29441755.0,29441755.0,0.46166,0.28205,17399099392.0,590.967,1830200064.0,66434899968.0,2256.474,,,23283599360.0,0.92,0.25,0.35047,0.18033001,0.1707,0.119729996,2113.312,2.8367794,163902980096.0,22.192196,19.329489,270.14,310.1479,30.0,0.49,1784246400.0,0.0925,0.33,,2.467,7954299904.0,,0.187
2026-09-28T07:34:48.824317,FINCABLES.NS,Finolex Cables Limited,Electrical Equipment & Parts,Industrials,NSE,https://www.finolex.com,Pune,411018,215246831616.0,1790580928.0,1407.4,1460.9,1460.9,1407.0,250984.0,1460.9,-53.5,-3.6588702,700.8,1498.0,1700.0,15.2,1221.725,185.67505,0.15197778,994.4725,412.92755,0.4152227,706.60004,1.0082763,-90.599976,-0.060480624,700.8 - 1498.0,1153386.0,963502.0,1153386.0,66142454.0,152939345.0,152939345.0,0.58698004,0.21144,20693999616.0,135.279,191400000.0,69386403840.0,453.723,,,12968599552.0,0.532,0.443,0.1869,0.104329996,0.11058,0.11532,397.807,3.5378966,202975608832.0,26.910135,19.35901,52.3,72.7,9.0,0.62,1788480000.0,0.1529,0.89,5:1,2.925,8001399808.0,1168214400.0,0.619
2026-09-28T07:34:48.824317,BAJFINANCE.NS,Bajaj Finance Limited,Credit Services,Financial Services,NSE,https://www.aboutbajajfinserv.com/finance-about-us,Pune,411014,6096494788608.0,1790580929.0,980.0,990.0,992.3,974.0,3962151.0,996.9,-16.900024,-1.6952577,787.9,1176.4,1176.4,0.367354,1065.484,-85.48401,-0.08023021,973.07623,6.923767,0.007115339,192.09998,0.24381262,-196.40002,-0.16695003,787.9 - 1176.4,7617607.0,6580542.0,7617607.0,2665479228.0,6220913102.0,6220913102.0,0.56525004,0.27299,47410601984.0,7.625,3683091742720.0,466800803840.0,75.078,,,427360288768.0,0.272,0.261,0.91551,0.0,0.61552,0.43495,183.341,5.345231,9864147369984.0,31.984335,19.393759,30.64,50.53172,5.4,0.54,1782777600.0,0.1658,0.38,2:1,21.131,203035295744.0,1750032000.0,0.308
2026-09-28T07:34:48.824317,PIDILITIND.NS,Pidilite Industries Limited,Specialty Chemicals,Basic Materials,NSE,https://www.pidilite.com,Mumbai,400059,1532801056768.0,1790580926.0,1504.9,1508.0,1508.0,1486.8,401716.0,1517.2,-12.299927,-0.8106991,1259.0,1707.5,1707.5,1.5005,1618.538,-113.63794,-0.07021024,1496.575,8.325073,0.0055627506,245.90002,0.19531377,-202.59998,-0.118652984,1259.0 - 1707.5,891691.0,616406.0,891691.0,451369171.0,1018540168.0,1018540168.0,0.69297,0.17111999,42159800320.0,41.424,4172100096.0,153992806400.0,151.31,,,84376403968.0,0.296,0.213,0.54792,0.23993999,0.24093,0.17202,106.431,14.139678,1508332142592.0,58.01465,47.43062,25.94,31.72845,11.5,0.76,1784764800.0,0.3852,0.49,2:1,9.795,26489200640.0,1758585600.0,0.402
2026-09-28T07:34:48.824317,NUVAMA.NS,Nuvama Wealth Management Limited,Asset Management,Financial Services,NSE,https://www.nuvama.com,Mumbai,400051,304081862656.0,1790580925.0,1648.0,1651.0,1668.9,1605.1,404707.0,1681.4,-33.400024,-1.9870322,1096.9,2066.0,2066.0,420.0,1760.578,-112.578,-0.06394377,1519.4885,128.51147,0.08457548,551.1,0.5024159,-418.0,-0.20232333,1096.9 - 2066.0,426840.0,254937.0,426840.0,75286664.0,184515689.0,184515689.0,0.5824,0.18476,242923896832.0,1333.027,116407001088.0,38526898176.0,212.453,,,34749698048.0,0.156,0.225,0.90196,0.0,0.3721,0.28107,226.449,7.2775764,179914801152.0,28.325886,19.632608,58.18,83.94198,28.0,1.67,1778803200.0,0.4806,,5:1,4.67,10828699648.0,1766707200.0,0.377
2026-09-28T07:34:48.824317,INDUSINDBK.NS,IndusInd Bank Limited,Banks - Regional,Financial Services,NSE,https://www.indusind.bank.in,Mumbai,400013,703333924864.0,1790580927.0,902.7,912.2,913.0,889.4,1007680.0,912.2,-9.5,-1.0414382,712.55,1077.85,2038.0,12.75,999.657,-96.95697,-0.09699024,923.97174,-21.271729,-0.023022056,190.15002,0.26685852,-175.14996,-0.16249938,712.55 - 1077.85,2009534.0,2770808.0,2009534.0,637111784.0,779144712.0,779144712.0,0.16339001,0.54607,489323495424.0,628.021,427891884032.0,172924993536.0,222.074,,,172924993536.0,0.717,0.01,0.0,0.0,0.27308,0.076469995,844.192,1.0693065,649309978624.0,55.448402,11.445493,16.28,78.86948,1.5,0.16,1782345600.0,0.0884,0.54,,3.755,13223199744.0,,0.491
2026-09-28T07:34:48.824317,ACC.NS,ACC Limited,Building Materials,Basic Materials,NSE,https://www.acclimited.com,Ahmedabad,382 421,227879845888.0,1790580925.0,1213.5,1236.0,1236.4,1213.0,76528.0,1236.4,-22.900024,-1.8529027,1213.0,1987.0,2844.0,126.7,1306.5,-93.0,-0.07118255,1440.335,-226.83496,-0.15748765,0.5,0.00041220116,-773.5,-0.38928032,1213.0 - 1987.0,151089.0,120075.0,151089.0,71115036.0,187787263.0,187787263.0,0.57512003,0.22888,5376000000.0,28.628,4286099968.0,252416999424.0,1338.032,,,102503702528.0,-0.606,-0.038,0.40609002,0.09591,0.03375,0.07563,1094.352,1.1088754,231129776128.0,11.969817,12.356715,101.38,98.20571,7.5,0.61,1781222400.0,0.074,1.3,,0.916,19090700288.0,,0.349
2026-09-28T07:34:48.824317,RHIM.NS,RHI Magnesita India Limited,Metal Fabrication,Industrials,NSE,https://www.rhimagnesitaindia.com,Gurugram,122002,80442630144.0,1790580921.0,390.0,387.5,391.65,380.1,320844.0,386.45,3.0999756,0.80092376,323.05,508.3,892.9,22.85,384.669,4.8809814,0.012688783,401.65274,-12.102753,-0.03013238,66.5,0.2058505,-118.75,-0.23362188,323.05 - 508.3,2021056.0,2015217.0,2021056.0,72209018.0,206501426.0,206501426.0,0.57609004,0.1551,3907262976.0,22.921,4484449792.0,40735969280.0,206.151,,,16287509504.0,1.216,0.056,0.39983,0.11753,0.08676,-0.0868,172.419,2.2593217,66454982656.0,,21.946478,-17.12,17.75,2.5,0.65,1789084800.0,0.3008,0.48,,1.631,-3535979008.0,,0.359
2026-09-28T07:34:48.824317,NIACL.NS,The New India Assurance Company Limited,Insurance - Diversified,Financial Services,NSE,https://www.newindia.co.in,Mumbai,400001,281725599744.0,1790580930.0,170.95,178.3,178.4,169.99,1194874.0,176.6,-5.650009,-3.1995068,116.97,242.6,382.425,74.1,185.1966,-14.246597,-0.07692689,162.8471,8.10289,0.049757656,53.979996,0.4614858,-71.65001,-0.29534215,116.97 - 242.6,5945035.0,7039872.0,5945035.0,75494880.0,1648000000.0,1648000000.0,0.85436994,0.10827,219491500032.0,133.187,0.0,517761695744.0,314.022,,,91753897984.0,,0.015,0.17721,0.011089999,-0.01652,0.0148599995,233.868,0.7309679,72063098880.0,36.68455,8.839193,4.66,19.34,1.5,0.85,1788393600.0,0.3854,,2:1,0.139,7692800000.0,1530057600.0,1.111
2026-09-28T07:34:48.824317,MRPL.NS,Mangalore Refinery and Petrochemicals Limited,Oil & Gas Refining & Marketing,Energy,NSE,https://www.mrpl.co.in,Mangalore,575030,295838679040.0,1790580930.0,168.8,164.5,173.6,163.5,16968004.0,164.6,4.199997,2.5503988,127.56,212.31,289.25,4.85,171.298,-2.498001,-0.01458278,168.41216,0.3878479,0.0023029686,41.240005,0.3232989,-43.509995,-0.20493616,127.56 - 212.31,14423570.0,5272761.0,14423570.0,175633791.0,1752598777.0,1752598777.0,0.89967,0.02014,6105900032.0,3.487,153410207744.0,1095649525760.0,625.643,,,121889800192.0,,1.204,0.11125,0.07719,0.02396,0.028670002,81.305,2.076133,435561562112.0,9.419643,3.296875,17.92,51.2,4.0,2.43,1773187200.0,0.2232,1.93,,0.398,31409199104.0,,0.093
2026-09-28T07:34:48.824317,RECLTD.NS,REC Limited,Credit Services,Financial Services,NSE,https://www.recindia.nic.in,Gurugram,122001,,1790580931.0,307.4,310.1,311.6,304.0,3574092.0,312.95,-5.5500183,-1.7737353,304.0,390.3,654.0,19.875,335.265,-27.86502,-0.08311342,348.115,-40.714996,-0.11695847,3.399994,0.01118419,-82.899994,-0.2124007,304.0 - 390.3,5379085.0,4495361.0,5379085.0,1198702710.0,,,0.52646,0.23326999,215720296448.0,81.909,5166743420928.0,232764407808.0,88.216,,,229435195392.0,-0.061,0.252,0.9857,0.0,0.96852994,0.6889,319.797,0.96123475,5775221587968.0,5.058417,4.3352623,60.77,70.9069,6.2,1.98,1786665600.0,0.3225,6.47,4:3,24.811,160352206848.0,1660694400.0,0.318
2026-09-28T07:34:48.824317,INDIANB.NS,Indian Bank,Banks - Regional,Financial Services,NSE,https://indianbank.bank.in,Chennai,600014,1093128617984.0,1790580928.0,811.55,830.0,832.35,811.05,313091.0,832.0,-20.450012,-2.4583774,706.35,1000.9,1000.9,41.55,860.268,-48.718018,-0.05663121,866.61475,-55.06476,-0.063540064,105.20001,0.14893469,-189.35004,-0.18917976,706.35 - 1000.9,2047508.0,781551.0,2047508.0,352405741.0,1346963981.0,1346963981.0,0.76411,0.17276,599759978496.0,445.269,482530000896.0,351093489664.0,260.656,0.0134000005,0.16171,351093489664.0,0.475,0.103,0.0,0.0,0.48043,0.36413,622.913,1.3028303,1003802591232.0,8.54893,7.3964586,94.93,109.72143,18.25,2.19,1781049600.0,0.19229999,2.1,,2.859,127845400576.0,,0.285
2026-09-28T07:34:48.824317,BSE.NS,BSE Limited,Financial Data & Stock Exchanges,Financial Services,NSE,https://www.bseindia.com,Mumbai,400001,1268706574336.0,1790580931.0,3123.9,3180.0,3180.0,3112.1,2093997.0,3191.5,-67.6001,-2.118063,2035.1,4446.8,4446.8,30.555555,3400.212,-276.312,-0.08126318,3321.8926,-197.99268,-0.059602372,1088.7999,0.5350105,-1322.8999,-0.29749483,2035.1 - 4446.8,3771031.0,3833749.0,3771031.0,385258747.0,406129077.0,406129077.0,0.0,0.24551001,55033798656.0,134.925,200000.0,57884401664.0,140.52,,,57650098176.0,0.621,0.64,0.99595,0.80646,0.80109,0.48918,194.169,16.08856,1247953289216.0,45.524624,34.97396,68.62,89.32073,10.0,0.31,1783641600.0,0.0,1.03,3:1,21.559,28315899904.0,1747958400.0,0.443
2026-09-28T07:34:48.824317,CASTROLIND.NS,Castrol India Limited,Oil & Gas Refining & Marketing,Energy,NSE,https://www.castrol.com/en_in/india/home.html,Mumbai,400093,199713701888.0,1790580929.0,201.91,201.9,203.4,199.32,3686437.0,201.67,0.2400055,0.119009025,170.1,207.2,284.4,23.66875,188.4338,13.476196,0.07151687,185.4332,16.476807,0.08885575,31.809998,0.18700762,-5.2899933,-0.025530856,170.1 - 207.2,2478161.0,4842368.0,2478161.0,469097820.0,989122384.0,989122384.0,0.51304,0.17733,8628799488.0,8.711,531500000.0,62250000384.0,62.896,0.24879,0.56996,30713399296.0,0.421,0.25,0.49339,0.24235001,0.24779,0.17066,19.27,10.477945,191676661760.0,18.817335,17.083567,10.73,11.81896,12.5,6.2,1786406400.0,0.8155,4.46,2:1,3.079,10623500288.0,1513814400.0,0.311
2026-09-28T07:34:48.824317,ETERNAL.NS,Eternal Limited,Internet Retail,Consumer Cyclical,NSE,https://www.eternal.com,Gurugram,122098,3033637322752.0,1790580927.0,329.55,335.05,335.1,328.45,11060040.0,335.0,-5.450012,-1.6271122,212.6,368.45,368.45,40.6,317.685,11.86499,0.037348285,274.20316,55.346832,0.20184608,116.94998,0.55009395,-38.900024,-0.105577484,212.6 - 368.45,32982865.0,18830472.0,32982865.0,6838544000.0,9205393097.0,9205393097.0,0.23399,0.51197,66140000256.0,7.189,45920002048.0,674080030720.0,71.966,,,237199998976.0,2.333,1.82,0.35189,0.02576,0.0023700001,0.00642,33.829,9.741642,3061710061568.0,701.17017,87.467384,0.47,3.76769,,,,0.0,,,4.542,4329999872.0,,0.234
2026-09-28T07:34:48.824317,SONATSOFTW.NS,Sonata Software Limited,Information Technology Services,Technology,NSE,https://www.sonata-software.com,Bengaluru,560059,75924717568.0,1790580931.0,274.3,277.35,279.35,274.05,137568.0,279.9,-5.600006,-2.0003593,207.15,400.5,870.0,3.3,299.079,-24.779022,-0.08285109,286.64786,-12.34787,-0.04307679,67.149994,0.3241612,-126.20001,-0.31510615,207.15 - 400.5,2397651.0,1471096.0,2397651.0,160925536.0,276794469.0,276794469.0,0.41900003,0.30785,5792799744.0,20.928,7230300160.0,110151598080.0,397.424,,,13332200448.0,-0.008,0.106,0.12104,0.056020003,0.04341,0.04205,68.81,3.986339,78912274432.0,16.838549,13.093078,16.29,20.95,7.9,2.82,1786665600.0,0.48770002,1.92,2:1,0.716,4631600128.0,1702339200.0,0.376
2026-09-28T07:34:48.824317,METROPOLIS.NS,Metropolis Healthcare Limited,Diagnostics & Research,Healthcare,NSE,https://www.metropolisindia.com,Mumbai,400030,118352445440.0,1790580927.0,570.5,580.25,582.6,567.45,52006.0,582.6,-12.099976,-2.073689,412.25,609.05,894.975,226.75,576.089,-5.5889893,-0.009701608,514.82086,55.67914,0.10815245,158.25,0.38386902,-38.549988,-0.063295275,412.25 - 609.05,278587.0,180657.0,278587.0,106041933.0,207453880.0,207453880.0,0.47824,0.45419,2029644032.0,9.79,2319110912.0,17099978752.0,85.631,,,13293297664.0,0.127,0.166,0.77739,0.18677999,0.17501,0.117910005,72.984,7.8167815,121192570880.0,58.633095,36.80384,9.73,15.5011,2.0,0.34,1779148800.0,0.2051,,4:1,7.087,2016243968.0,1773964800.0,0.205
2026-09-28T07:34:48.824317,TMPV.NS,Tata Motors Passenger Vehicles Limited,Auto Manufacturers,Consumer Cyclical,NSE,https://www.tatamotors.com,Mumbai,400 093,1042839175168.0,1790580932.0,283.15,290.45,291.2,283.1,7175251.0,290.45,-7.3000183,-2.5133476,283.1,739.7,1179.0,11.02834,320.761,-37.610992,-0.11725551,345.49225,-62.342255,-0.18044473,0.049987793,0.00017657291,-456.55002,-0.6172097,283.1 - 739.7,9455055.0,12564268.0,9455055.0,2001961386.0,3682992140.0,3682992140.0,0.44088,0.26344,476639985664.0,129.438,852310032384.0,3473389912064.0,942.745,,,1614170030080.0,-0.803,-0.082,0.46472,0.03368,0.02688,0.22814,304.336,0.9303861,1535816499200.0,,5.9409122,-9.18,47.66103,3.0,1.03,1781827200.0,0.56439996,1.11,5:1,0.442,-33749999616.0,1315785600.0,0.778
2026-09-28T07:34:48.824317,SHYAMMETL.NS,Shyam Metalics and Energy Limited,Steel,Basic Materials,NSE,https://www.shyammetalics.com,Kolkata,700088,298700046336.0,1790580852.0,1073.2,1085.0,1085.3,1068.0,81875.0,1085.6,-12.400024,-1.1422278,746.0,1148.0,1148.0,254.55,1043.376,29.823975,0.028584111,916.40375,156.7962,0.17109948,327.19995,0.43860584,-74.80005,-0.06515684,746.0 - 1148.0,576588.0,852375.0,576588.0,70096084.0,278326554.0,278326554.0,0.76024,0.13704,5316599808.0,19.098,10050700288.0,195843096576.0,700.749,,,55112601600.0,0.207,0.235,0.28141,0.12818,0.09275,0.057350002,404.449,2.6534865,315287142400.0,26.492224,15.890131,40.51,67.53877,4.5,0.41,1786060800.0,0.1,,,1.61,11231599616.0,,0.512
2026-09-28T07:34:48.824317,ABBOTINDIA.NS,Abbott India Limited,Drug Manufacturers - Specialty & Generic,Healthcare,NSE,https://www.abbott.co.in,Mumbai,400 051,571924938752.0,1790580887.0,26915.0,26955.0,27175.0,26800.0,2864.0,26955.0,-40.0,-0.14839548,25135.0,30655.0,37000.0,249.85,26983.8,-68.80078,-0.0025497067,26842.95,72.05078,0.0026841604,1780.0,0.07081758,-3740.0,-0.12200294,25135.0 - 30655.0,10487.0,9260.0,10487.0,5193117.0,21249302.0,21249302.0,0.75539,0.079169996,22323300352.0,1050.543,1719900032.0,70043803648.0,3296.299,,,33089200128.0,0.171,0.043,0.47241002,0.27479,0.27719998,0.23052,2246.751,11.979521,552171536384.0,35.408417,29.771906,760.13,904.0402,525.0,1.95,1784851200.0,0.62509996,1.07,,7.883,16146799616.0,,0.043
2026-09-28T07:34:48.824317,HINDPETRO.NS,Hindustan Petroleum Corporation Limited,Oil & Gas Refining & Marketing,Energy,NSE,https://www.hindustanpetroleum.com,Mumbai,400020,730694221824.0,1790580932.0,343.45,349.0,349.35,343.2,2781689.0,351.0,-7.600006,-2.1649354,316.2,508.45,508.45,13.046913,372.68,-29.279999,-0.07856606,395.56226,-52.162262,-0.13186866,27.199982,0.086021446,-165.05002,-0.32461405,316.2 - 508.45,5555226.0,3607403.0,5555226.0,956214443.0,2127822517.0,2127822517.0,0.54997003,0.28098,32777699328.0,15.404,559644278784.0,4693432467456.0,2205.645,,,303812804608.0,,0.269,0.06473,0.020299999,-0.12848,0.00356,308.041,1.1147867,1273726238720.0,43.689568,6.038679,7.86,56.86674,24.25,6.91,1786665600.0,1.9745,5.97,3:2,0.271,16712899584.0,1718928000.0,0.896
2026-09-28T07:34:48.824317,EXIDEIND.NS,Exide Industries Limited,Auto Parts,Consumer Cyclical,NSE,https://www.exideindustries.com,Kolkata,700020,353260011520.0,1790580933.0,415.6,422.0,422.65,414.0,637995.0,423.65,-8.049988,-1.9001505,287.0,496.4,620.35,3.4,443.538,-27.937988,-0.06298894,373.9865,41.613495,0.11127004,128.6,0.44808364,-80.79999,-0.16277194,287.0 - 496.4,4267160.0,2250820.0,4267160.0,416882500.0,850000000.0,850000000.0,0.50942004,0.25101,10820200448.0,12.73,15754000384.0,188286107648.0,221.499,,,59141300224.0,0.283,0.177,0.3141,0.10298,0.08672,0.04948,163.586,2.5405598,365299990528.0,37.88514,22.445889,10.97,18.51564,2.0,0.47,1783036800.0,0.365,1.45,10:1,1.94,9316700160.0,1157673600.0,0.542
2026-09-28T07:34:48.824317,RRKABEL.NS,R R Kabel Limited,Electrical Equipment & Parts,Industrials,NSE,https://www.rrkabel.com,Mumbai,400013,279924801536.0,1790580916.0,2474.9,2530.4,2536.5,2467.3,75951.0,2528.3,-53.400146,-2.1120968,1181.6,2983.8,2983.8,855.0,2618.422,-143.52222,-0.054812483,1929.0505,545.84937,0.2829627,1293.2999,1.0945328,-508.90015,-0.17055437,1181.6 - 2983.8,607453.0,288638.0,607453.0,27806988.0,113105505.0,113105505.0,0.69991994,0.17819001,1356034048.0,11.989,3370277888.0,108319588352.0,957.528,,,19745992704.0,1.285,0.539,0.18229,0.08352,0.080010004,0.0561,227.61,10.873424,287978881024.0,46.173508,31.523632,53.6,78.50935,11.0,0.44,1781568000.0,0.24200001,,,2.659,6077191168.0,,1.38
2026-09-28T07:34:48.824317,KSB.NS,KSB Limited,Specialty Industrial Machinery,Industrials,NSE,https://www.ksb.com/en-in,Pune,411018,139492425728.0,1790580793.0,801.5,814.05,815.1,798.15,29860.0,819.1,-17.599976,-2.147124,666.65,1028.3,1060.0,5.31,818.013,-16.513,-0.02018672,818.1993,-16.69928,-0.020409795,134.84998,0.20228001,-226.80005,-0.22055824,666.65 - 1028.3,150397.0,155013.0,150397.0,52210213.0,174039220.0,174039220.0,0.69966006,0.13922,1766000000.0,10.158,63000000.0,27256279040.0,156.56,0.06953,0.15192,12390259712.0,-0.186,0.036,0.45458,0.12933,0.09671,0.09007,97.636,8.209062,140705873920.0,56.884315,39.87562,14.09,20.1,4.4,0.54,1778198400.0,0.3121,0.56,5:1,5.162,2454939904.0,1721865600.0,-0.16
2026-09-28T07:34:48.824317,TATACONSUM.NS,Tata Consumer Products Limited,Packaged Foods,Consumer Defensive,NSE,https://www.tataconsumer.com,Mumbai,400001,950993158144.0,1790580931.0,960.9,983.2,983.6,958.2,929572.0,983.2,-22.299988,-2.2685645,958.2,1282.7,1282.7,11.755,1048.834,-87.93396,-0.08383973,1114.021,-153.12097,-0.1374489,2.7000122,0.002817796,-321.79993,-0.25087702,958.2 - 1282.7,1383335.0,1255011.0,1383335.0,640038664.0,989690012.0,989690012.0,0.34372002,0.34717,43181600768.0,43.637,28195100672.0,208604004352.0,210.7,,,85755199488.0,0.279,0.119,0.41109002,0.13137001,0.10458,0.078379996,220.174,4.364276,971963957248.0,58.698837,40.166134,16.37,23.92314,10.0,1.02,1779667200.0,0.6053,0.76,10:1,4.659,16351299584.0,1277856000.0,0.405
2026-09-28T07:34:48.824317,EICHERMOT.NS,Eicher Motors Limited,Auto Manufacturers,Consumer Cyclical,NSE,https://eicher.in,Chennai,600119,1987537141760.0,1790580932.0,7240.0,7323.0,7323.0,7215.5,154133.0,7360.0,-120.0,-1.6304348,6442.0,8230.0,8230.0,0.75,7797.16,-557.16016,-0.071456805,7408.8877,-168.8877,-0.022795284,798.0,0.123874575,-990.0,-0.12029161,6442.0 - 8230.0,528326.0,289748.0,528326.0,134265830.0,274521706.0,274521706.0,0.51333,0.28430998,60782301184.0,221.579,5139500032.0,248687296512.0,906.59,,,105217499136.0,0.213,0.315,0.42308998,0.23195,0.19798,0.23211999,915.015,7.9124384,1963309793280.0,34.3943,26.559269,210.5,272.59787,82.0,1.11,1785456000.0,0.33310002,0.84,10:1,7.895,57725198336.0,1598227200.0,0.224
2026-09-28T07:34:48.824317,IRCTC.NS,Indian Railway Catering & Tourism Corporation Limited,Travel Services,Consumer Cyclical,NSE,https://www.irctc.com,New Delhi,110029,363199987712.0,1790580927.0,454.0,458.7,458.7,453.15,214390.0,458.7,-4.700012,-1.0246375,446.5,735.75,1279.26,125.0,486.421,-32.42099,-0.06665212,544.9965,-90.99652,-0.16696715,7.5,0.016797312,-281.75,-0.3829426,446.5 - 735.75,825058.0,753843.0,825058.0,300604391.0,800000000.0,800000000.0,0.62397,0.16912001,28675233792.0,35.87,807259008.0,54247112704.0,67.844,,,19030241280.0,0.0,0.181,0.35081002,0.30612,0.2733,0.25677,53.857,8.42973,338824134656.0,26.047045,20.267857,17.43,22.4,9.0,1.96,1790035200.0,0.5454,0.88,5:1,6.246,13929101312.0,1635379200.0,0.167
2026-09-28T07:34:48.824317,GICRE.NS,General Insurance Corporation of India,Insurance - Reinsurance,Financial Services,NSE,https://www.gicre.in,Mumbai,400020,583601160192.0,1790580927.0,332.65,339.0,339.0,330.2,259878.0,337.5,-4.850006,-1.4364004,330.2,417.95,525.5,81.5,352.935,-20.285004,-0.057475183,371.423,-38.77301,-0.104390435,2.4499817,0.00741969,-85.30002,-0.20409143,330.2 - 417.95,749996.0,437898.0,749996.0,396500735.0,1754400000.0,1754400000.0,0.77397,0.16966,296094498816.0,168.792,0.0,527719989248.0,300.856,0.03032,0.091079995,109087203328.0,-0.311,-0.008,0.20671,0.0,0.15095,0.16819,562.937,0.59091866,295946354688.0,6.57541,5.8130784,50.59,57.22441,13.25,3.93,1788480000.0,0.1976,,2:1,0.561,88754601984.0,1531353600.0,0.334
2026-09-28T07:34:48.824317,JBMA.NS,JBM Auto Limited,Auto Parts,Consumer Cyclical,NSE,https://www.jbmgroup.com,Gurugram,122003,136374427648.0,1790580903.0,576.65,586.05,586.35,576.0,63095.0,586.6,-9.949951,-1.6962073,477.0,738.5,1214.175,0.25,633.766,-57.115967,-0.09012154,618.1305,-41.48047,-0.06710633,99.650024,0.2089099,-161.84998,-0.21916042,477.0 - 738.5,526564.0,244971.0,526564.0,40286775.0,236494264.0,236494264.0,0.82996005,0.01577,1295000064.0,5.462,30287998976.0,62769401856.0,265.058,,,20056100864.0,0.141,0.15,0.31952,0.11637,0.08274,0.03571,48.278,11.944365,168598044672.0,61.08581,29.09435,9.44,19.82,0.85,0.14,1788912000.0,0.08979999,0.13,2:1,2.686,2241799936.0,1738281600.0,0.126
2026-09-28T07:34:48.824317,TATACHEM.NS,Tata Chemicals Limited,Chemicals,Basic Materials,NSE,https://www.tatachemicals.com,Mumbai,400001,165655265280.0,1790580933.0,650.25,644.9,676.4,635.6,1729423.0,643.75,6.5,1.0103365,580.3,944.5,1349.0,13.888264,661.017,-10.767029,-0.01628858,704.4825,-54.232483,-0.07698202,69.95001,0.120541126,-294.25,-0.31154048,580.3 - 944.5,1490666.0,7070068.0,1490666.0,155951603.0,254756278.0,254756278.0,0.38709998,0.26755,11360000000.0,44.592,80010002432.0,151200006144.0,594.133,,,93780000768.0,,0.144,0.62024,0.10090999,0.051469997,-0.14319,832.403,0.7811721,242339348480.0,,20.912737,-84.98,31.09349,11.0,1.71,1781049600.0,1.7296001,1.42,,1.603,-21649999872.0,,0.576
2026-09-28T07:34:48.824317,NAVA.NS,Nava Limited,Conglomerates,Industrials,NSE,https://www.navalimited.com,Hyderabad,500 034,155694432256.0,1790580829.0,549.55,550.0,554.55,544.5,150251.0,551.45,-1.9000244,-0.34433204,501.65,739.4,739.4,0.93,562.803,-13.252991,-0.02354819,586.448,-36.89801,-0.062917784,47.899994,0.09548489,-189.85004,-0.25676227,501.65 - 739.4,269987.0,300230.0,269987.0,132232346.0,283312597.0,283312597.0,0.50582004,0.05727,34930257920.0,123.428,22264098816.0,43094896640.0,152.268,,,22832615424.0,-0.1,0.016,0.52981997,0.37942,0.35086,0.17541,309.02,1.778364,163582607360.0,20.543924,,26.75,,8.5,1.54,1786060800.0,0.33630002,1.57,2:1,3.796,7574411776.0,1737331200.0,0.437
2026-09-28T07:34:48.824317,PPLPHARMA.NS,Piramal Pharma Limited,Drug Manufacturers - Specialty & Generic,Healthcare,NSE,https://www.piramalpharma.com,Mumbai,400 070,275603849216.0,1790580934.0,208.0,209.9,212.32,207.24,1511368.0,210.31,-2.3099976,-1.0983775,132.3,231.93,307.9,61.62099,206.426,1.5740051,0.0076250336,172.99554,35.004456,0.2023431,75.7,0.5721844,-23.929993,-0.10317765,132.3 - 231.93,6035673.0,3209867.0,6035673.0,611769281.0,1325018448.0,1325018448.0,0.54529,0.2091,13554199552.0,10.213,57119801344.0,92052897792.0,69.237,,,54692999168.0,,0.174,0.59415,0.09754,-0.01249,-0.03407,61.504,3.3818939,322681339904.0,,51.06801,-2.36,4.073,0.14,0.08,1752624000.0,0.1507,,,3.505,-3136300032.0,,0.335
2026-09-28T07:34:48.824317,ALKYLAMINE.NS,Alkyl Amines Chemicals Limited,Specialty Chemicals,Basic Materials,NSE,https://alkylamines.com,Navi Mumbai,400703,92465758208.0,1790580927.0,1807.8,1826.3,1845.9,1796.8,19748.0,1847.7,-39.899902,-2.160138,1212.0,2115.0,4749.0,7.35,1909.744,-101.94397,-0.05338096,1665.871,141.92908,0.08519812,595.80005,0.4915842,-307.19995,-0.1452482,1212.0 - 2115.0,123307.0,41749.0,123307.0,13975112.0,51148224.0,51148224.0,0.72731,0.053379998,2509359104.0,49.065,11885000.0,16583378944.0,324.226,,,7692336128.0,0.914,0.302,0.46386,0.20752001,0.21924,0.13579,299.814,6.029739,92001394688.0,41.10505,39.18642,43.98,46.13333,10.0,0.54,1782345600.0,0.2274,0.45,5:2,5.548,2251890944.0,1620691200.0,0.631
2026-09-28T07:34:48.824317,TECHM.NS,Tech Mahindra Limited,Information Technology Services,Technology,NSE,https://www.techmahindra.com,Pune,411057,1370789380096.0,1790580930.0,1547.3,1548.0,1557.0,1526.8,604169.0,1548.0,-0.6999512,-0.045222327,1304.1,1854.0,1854.0,51.25,1593.186,-45.885986,-0.028801398,1514.699,32.601074,0.021523137,243.20007,0.18648882,-306.69995,-0.16542608,1304.1 - 1854.0,2429543.0,1708483.0,2429543.0,536420182.0,885923456.0,885923456.0,0.37095,0.43987,83856998400.0,94.689,21862000640.0,591760982016.0,667.602,,,211602997248.0,0.283,0.177,0.35758,0.15654,0.14409,0.086780004,334.408,4.6269827,1313538441216.0,26.723661,17.724268,57.9,87.29839,51.0,3.29,1783036800.0,0.8819,2.37,2:1,2.22,51354001408.0,1426723200.0,0.158
2026-09-28T07:34:48.824317,AKUMS.NS,Akums Drugs and Pharmaceuticals Limited,Drug Manufacturers - Specialty & Generic,Healthcare,NSE,https://www.akums.in,Delhi,110083,123400265728.0,1790580920.0,806.0,819.55,825.0,803.15,87665.0,819.55,-13.549988,-1.6526392,409.3,838.8,1175.9,405.0,740.221,65.77899,0.08886399,571.3552,234.64478,0.41068107,396.7,0.9692158,-32.799988,-0.039103467,409.3 - 838.8,365265.0,335685.0,365265.0,34646996.0,153102058.0,153102058.0,0.84928,0.1249,16805980160.0,109.77,1917379968.0,45040041984.0,294.086,,,18507710464.0,0.573,0.139,0.41092,0.12269,0.11453,0.064770006,216.414,3.724343,110763925504.0,42.39874,23.614992,19.01,34.13086,1.0,0.12,1783036800.0,0.0525,,,2.459,2917230080.0,,0.581
2026-09-28T07:34:48.824317,PFC.NS,Power Finance Corporation Limited,Credit Services,Financial Services,NSE,https://www.pfcindia.com,New Delhi,110001,1096293810176.0,1790580930.0,332.2,338.3,338.55,329.05,6680049.0,338.0,-5.799988,-1.7159727,329.05,486.5,580.0,34.16,375.4,-43.19998,-0.115077205,403.551,-71.35098,-0.17680785,3.1500244,0.009573088,-154.29999,-0.31716338,329.05 - 486.5,7617347.0,8411423.0,7617347.0,1407625405.0,3300101760.0,3300101760.0,0.55999,0.25355,388332716032.0,117.673,10044551725056.0,478058905600.0,144.868,,,474319388672.0,0.021,0.008,0.99218005,0.0,0.85533994,0.54484004,433.112,0.7670072,11213400440832.0,4.2093263,3.674779,78.92,90.4,15.6,4.62,1787788800.0,0.185,5.82,5:4,23.456,260466999296.0,1695254400.0,0.599
2026-09-28T07:34:48.824317,GODIGIT.NS,Go Digit General Insurance Limited,Insurance - Property & Casualty,Financial Services,NSE,https://www.godigit.com,Bengaluru,560095,243605487616.0,1790580933.0,263.5,254.5,264.35,252.1,1436627.0,253.7,9.800003,3.8628314,231.65,374.0,407.4,231.65,258.97,4.529999,0.017492369,305.34625,-41.846252,-0.13704525,31.850006,0.13749194,-110.5,-0.29545453,231.65 - 374.0,802590.0,1236132.0,802590.0,248986079.0,924499031.0,924499031.0,0.74514,0.17848,2940699904.0,3.181,3500000000.0,101988696064.0,110.226,,,15180199936.0,-0.376,0.086,0.14884,0.06751,0.047399998,0.04828,50.686,5.198674,235104698368.0,49.43715,29.871525,5.33,8.82111,,,,0.0,,,2.305,4924100096.0,,0.23
2026-09-28T07:34:48.824317,TITAGARH.NS,Titagarh Rail Systems Limited,Railroads,Industrials,NSE,https://www.titagarh.in,Kolkata,700107,100100636672.0,1790580931.0,835.0,818.0,835.95,811.1,292068.0,822.6,12.400024,1.5069605,568.7,971.0,1896.95,13.93,838.768,-3.7680054,-0.0044923094,794.23773,40.762268,0.0513225,266.3,0.4682609,-136.0,-0.1400618,568.7 - 971.0,475345.0,446420.0,475345.0,79865120.0,119881000.0,119881000.0,0.40625,0.20458001,3171899904.0,23.587,6231199744.0,32715900928.0,242.891,,,8698399744.0,0.67,0.126,0.26588,0.11409,0.10446,0.06072,180.678,4.6214814,113689214976.0,57.3489,24.558823,14.56,34.0,1.0,0.12,1790121600.0,0.0688,2.19,5:1,3.475,1968600064.0,1429747200.0,0.806
2026-09-28T07:34:48.824317,JBCHEPHARM.NS,J. B. Chemicals & Pharmaceuticals Limited,,,NSE,https://www.jbpharma.com,Mumbai,400025,387925901312.0,1784195999.0,2416.1,2506.0,2525.5,2380.0,4779224.0,2408.9,7.2001953,0.29889974,1638.5,2525.5,2525.5,12.75,2271.084,145.01611,0.06385326,2003.097,413.00305,0.20618224,777.6001,0.47458047,-109.3999,-0.043318115,1638.5 - 2525.5,433835.0,720178.0,433835.0,81549372.0,160558706.0,160558706.0,0.49225,0.30805,12213473280.0,76.069,35893000.0,41477918720.0,264.002,0.1248,0.18688999,28108544000.0,-0.31,-0.048,0.67767,0.26295,0.16476,0.17105,259.047,9.3268795,374592274432.0,54.221275,32.781635,44.56,73.70286,,,,,,2:1,9.031,7094747136.0,1694995200.0,0.012
2026-09-28T07:34:48.824317,GRASIM.NS,Grasim Industries Limited,Building Materials,Basic Materials,NSE,https://www.grasim.com,Mumbai,400030,2129578033152.0,1790580933.0,3139.8,3186.0,3186.0,3138.0,402787.0,3191.0,-51.19995,-1.6043603,2502.5,3411.1,3411.1,42.58765,3234.576,-94.77588,-0.029300867,2971.142,168.65796,0.056765363,637.30005,0.25466534,-271.30005,-0.07953447,2502.5 - 3411.1,831099.0,683342.0,831099.0,361135680.0,678252757.0,678196497.0,0.48814,0.2365,229705793536.0,338.673,2293929869312.0,1840288628736.0,2713.135,,,1037276217344.0,0.513,0.214,0.56365,0.20579,0.18809,0.03093,1525.536,2.058162,4892482076672.0,37.414204,20.789669,83.92,151.02693,10.0,0.31,1786060800.0,0.1193,0.36,5:1,2.659,56918499328.0,1475712000.0,0.365
2026-09-28T07:34:48.824317,RCF.NS,Rashtriya Chemicals and Fertilizers Limited,Agricultural Inputs,Basic Materials,NSE,https://www.rcfltd.com,Mumbai,400 022,60227792896.0,1790580935.0,109.17,109.51,110.37,106.7,1502402.0,108.58,0.58999634,0.5433748,106.0,157.2,245.0,11.85,119.1856,-10.015602,-0.08403366,126.73665,-17.56665,-0.1386075,3.1699982,0.029905643,-48.03,-0.30553436,106.0 - 157.2,1365207.0,974926.0,1365207.0,137976557.0,551688100.0,551688100.0,0.75001,0.01255,1527299968.0,2.763,41280700416.0,186953007104.0,338.491,,,24622200832.0,0.343,0.064,0.1317,0.053319998,0.03832,0.02389,92.704,1.177619,99782631424.0,13.64625,14.752703,8.0,7.4,3.66,3.37,1789689600.0,0.2868,2.66,,0.534,4465500160.0,,0.382
2026-09-28T07:34:48.824317,DIXON.NS,Dixon Technologies (India) Limited,Consumer Electronics,Technology,NSE,https://www.dixoninfo.com,Noida,201305,832073891840.0,1790580935.0,13680.0,13325.0,13766.0,13234.0,292416.0,13390.0,295.0,2.2039597,9600.0,17637.0,19148.9,312.0,14027.3,-342.2998,-0.024402402,11985.42,1699.5801,0.14180396,4085.0,0.42552084,-3952.0,-0.2240744,9600.0 - 17637.0,454176.0,320463.0,454176.0,36671383.0,60801893.0,60801893.0,0.40118998,0.35312998,12413700096.0,220.798,9942200320.0,515848011776.0,9392.108,,,35415900160.0,1.546,0.211,0.06866,0.03637,0.022909999,0.03639,897.725,15.24409,757441495040.0,44.630337,48.604507,306.63,281.55826,10.0,0.07,1789948800.0,0.025999999,0.04,5:1,1.468,18770900992.0,1616025600.0,-0.151
2026-09-28T07:34:48.824317,CHOICEIN.NS,Choice International Limited,Capital Markets,Financial Services,NSE,https://choiceindia.com,Mumbai,400099,168441298944.0,1790580905.0,756.1,749.45,799.0,741.0,219082.0,751.05,5.049988,0.67247987,568.7,860.5,860.5,74.25,788.535,-32.434998,-0.04113324,742.1733,13.926697,0.018764751,187.39996,0.3295234,-104.400024,-0.12132484,568.7 - 860.5,745899.0,437244.0,745899.0,57729430.0,222776500.0,222776500.0,0.60051996,0.10705,5428152832.0,26.701,9076511744.0,11299279872.0,57.602,,,7367107072.0,0.154,0.344,0.65199995,0.0,0.27432,0.20173,84.535,8.944223,157854859264.0,70.9287,50.306053,10.66,15.03,,,,0.0,,2:1,13.97,2279428096.0,1708387200.0,-0.29
2026-09-28T07:34:48.824317,MANAPPURAM.NS,Manappuram Finance Limited,Credit Services,Financial Services,NSE,https://www.manappuram.com,Thrissur,680 567,294293995520.0,1790580934.0,313.3,328.0,330.65,312.75,4271283.0,334.0,-20.700012,-6.1948256,245.15,381.55,381.55,9.8,345.074,-31.774017,-0.09207885,309.54,3.7599792,0.01214699,68.149994,0.27799305,-68.25,-0.17887564,245.15 - 381.55,5313548.0,3415672.0,5313548.0,546881479.0,939336102.0,939336102.0,0.31913,0.41076002,66627350528.0,70.93,578366144512.0,47501119488.0,55.11,,,46338670592.0,2.885,0.801,0.97553,0.0,0.52393,0.30516002,170.873,1.8335254,825541787648.0,19.138666,10.173207,16.37,30.79658,4.0,1.2,1786924800.0,0.122200005,1.87,2:1,17.379,14495219712.0,1307577600.0,0.79
2026-09-28T07:34:48.824317,TORNTPHARM.NS,Torrent Pharmaceuticals Limited,Drug Manufacturers - Specialty & Generic,Healthcare,NSE,https://www.torrentpharma.com,Ahmedabad,380059,1859428286464.0,1790580921.0,4888.5,4980.0,4996.5,4885.5,187823.0,4988.5,-100.0,-2.0044098,3480.6,5250.0,5250.0,9.0625,4950.128,-61.62793,-0.012449765,4443.2905,445.20947,0.10019814,1407.8999,0.40449917,-361.5,-0.06885714,3480.6 - 5250.0,553739.0,388943.0,553739.0,130656862.0,380367856.0,380367856.0,0.63425,0.19629999,23552100352.0,69.589,150254993408.0,157227302912.0,450.53,,,119455596544.0,-0.082,0.548,0.75975996,0.30616,0.21764,0.13874,247.852,19.723463,1907001917440.0,78.391594,52.479313,62.36,93.15099,38.0,0.76,1780012800.0,0.607,1.02,2:1,12.129,21813700608.0,1657238400.0,0.137
2026-09-28T07:34:48.824317,AUROPHARMA.NS,Aurobindo Pharma Limited,Drug Manufacturers - Specialty & Generic,Healthcare,NSE,https://www.aurobindo.com,Hyderabad,500032,976761520128.0,1790580935.0,1697.6,1712.0,1713.4,1686.8,393647.0,1712.0,-14.400024,-0.8410738,1066.8,1740.0,1740.0,2.35,1635.966,61.634033,0.037674397,1413.8745,283.72546,0.20067231,630.7999,0.59130096,-42.400024,-0.02436783,1066.8 - 1740.0,988149.0,788640.0,988149.0,276089860.0,575377895.0,575377895.0,0.54785,0.30903998,105849200640.0,182.247,80728399872.0,349352886272.0,602.193,,,205600505856.0,0.258,0.163,0.58852,0.20097,0.15237,0.10627,652.391,2.6021204,969129984000.0,26.508432,18.237217,64.04,93.08437,4.0,0.24,1754611200.0,0.0625,0.65,2:1,2.774,37125599232.0,1437350400.0,0.033
2026-09-28T07:34:48.824317,ABCAPITAL.NS,Aditya Birla Capital Limited,Financial Conglomerates,Financial Services,NSE,https://www.adityabirlacapital.com,Mumbai,400013,1046659334144.0,1790580935.0,382.3,388.05,388.85,380.8,1083652.0,390.0,-7.700012,-1.9743621,279.55,430.7,430.7,37.35,402.538,-20.238007,-0.050276015,363.496,18.803986,0.051730927,102.75,0.36755502,-48.400024,-0.11237526,279.55 - 430.7,3489284.0,2691629.0,3489284.0,900908732.0,2737795948.0,2737795948.0,0.68716,0.15608,171203493888.0,65.355,1823427919872.0,343285301248.0,131.003,,,96483401728.0,0.391,0.314,0.28106,0.0,0.17869,0.119449995,131.406,2.9093037,2697313648640.0,24.760363,15.069536,15.44,25.36906,,,,0.0,,,7.857,41005600768.0,,0.681
2026-09-28T07:34:48.824317,KAJARIACER.NS,Kajaria Ceramics Limited,Building Products & Equipment,Industrials,NSE,https://www.kajariaceramics.com,New Delhi,110044,188147384320.0,1790580916.0,1197.3,1213.0,1217.7,1194.0,46429.0,1218.1,-20.799927,-1.7074313,869.6,1293.8,1578.7,1.5,1219.552,-22.251953,-0.018246006,1088.455,108.84509,0.09999963,327.70007,0.37684003,-96.5,-0.07458649,869.6 - 1293.8,252889.0,153790.0,252889.0,81536883.0,157143050.0,157143050.0,0.48789,0.31772,7551200256.0,47.368,2285900032.0,50557001728.0,317.414,,,19635800064.0,0.554,0.204,0.38839,0.18731001,0.16424999,0.107980005,192.497,6.2198377,189569236992.0,34.978092,27.49637,34.23,43.54393,12.0,0.99,1789948800.0,0.35009998,0.83,2:1,3.75,5467400192.0,1475539200.0,0.475
2026-09-28T07:34:48.824317,LTTS.NS,L&T Technology Services Limited,Information Technology Services,Technology,NSE,https://www.ltts.com,Vadodara,390019,336038887424.0,1790580829.0,3167.6,3221.0,3221.0,3157.0,17655.0,3206.1,-38.5,-1.2008358,3010.0,4726.0,6000.0,712.25,3466.72,-299.11987,-0.08628325,3545.4915,-377.89136,-0.10658363,157.6001,0.052358836,-1558.3999,-0.3297503,3010.0 - 4726.0,143184.0,49592.0,143184.0,27546797.0,106086268.0,106086268.0,0.73557,0.13156,30784000000.0,290.42,5784999936.0,112984997888.0,1065.8,,,46048919552.0,0.128,0.026,0.40757,0.16532,0.15689999,0.11684,610.643,5.1873193,315036631040.0,26.276234,19.493464,120.55,162.4955,58.0,1.81,1779408000.0,0.4809,1.0,,2.788,12801999872.0,,0.155
2026-09-28T07:34:48.824317,ZFCVINDIA.NS,ZF Commercial Vehicle Control Systems India Limited,Auto Parts,Consumer Cyclical,NSE,https://www.zf.com/mobile/en/company/investor_relations/zf_cv_india_investor_relations/zf_cv_india_ir.html,Chennai,600058,265974857728.0,1790580932.0,2337.1,2354.0,2354.0,2315.3,59769.0,2354.2,-17.099854,-0.7263552,2050.3333,3044.0,3044.0,16.833332,2503.124,-166.02393,-0.066326685,2450.6667,-113.56665,-0.046341125,286.76685,0.13986354,-706.8999,-0.2322273,2050.3333 - 3044.0,144544.0,131521.0,144544.0,45195580.0,113805504.0,113805504.0,0.60268,0.29377002,22297815040.0,195.929,548230016.0,42095640576.0,369.913,,,17448237056.0,-0.146,0.093,0.41449,0.15617,0.09907,0.118599996,324.288,7.206866,246171336704.0,2.600158,35.10477,898.83,66.575,4.0,0.17,1783641600.0,0.0034999999,0.12,6:1,5.848,4992501248.0,1782259200.0,-0.017
2026-09-28T07:34:48.824317,CDSL.NS,Central Depository Services (India) Limited,Capital Markets,Financial Services,NSE,https://www.cdslindia.com,Mumbai,400013,270717714432.0,1790580935.0,1295.3,1318.0,1318.0,1294.0,731488.0,1318.0,-22.699951,-1.7223028,1116.3,1673.7,1989.8,89.9,1357.086,-61.78601,-0.045528438,1316.749,-21.448975,-0.016289342,179.0,0.16035116,-378.3999,-0.22608587,1116.3 - 1673.7,1455050.0,1142074.0,1455050.0,175781540.0,209000000.0,209000000.0,0.0,0.15378,8091618816.0,38.716,21998000.0,12807166976.0,61.264,,,12807166976.0,0.147,0.154,1.0,0.522,0.48887002,0.36798,93.769,13.813735,267816992768.0,57.466724,43.355526,22.54,29.87624,12.75,0.97,1784246400.0,0.5546,0.9,2:1,20.911,4712818176.0,1724371200.0,0.391
2026-09-28T07:34:48.824317,UPL.NS,UPL Limited,Agricultural Inputs,Basic Materials,NSE,https://www.upl-ltd.com,Mumbai,400052,463722872832.0,1790580935.0,548.6,550.05,550.6,542.85,985931.0,550.05,-1.4500122,-0.2636386,542.85,812.2,864.7,6.666666,578.005,-29.40503,-0.050873313,641.21924,-92.61926,-0.14444242,5.75,0.0105922455,-263.60004,-0.32455063,542.85 - 812.2,2318096.0,2467575.0,2318096.0,558071894.0,845284163.0,844169318.0,0.33788,0.42237,66339999744.0,78.586,235759992832.0,528040001536.0,570.944,,,263730003968.0,,0.105,0.49945,0.15121001,0.06561,0.03825,411.008,1.3347671,699485323264.0,22.511282,11.645872,24.37,47.10682,6.0,1.09,1784246400.0,0.24610001,1.15,3:2,1.325,19499999232.0,1562025600.0,0.541
2026-09-28T07:34:48.824317,NATCOPHARM.NS,NATCO Pharma Limited,Drug Manufacturers - Specialty & Generic,Healthcare,NSE,https://www.natcopharma.co.in,Hyderabad,500034,150864740352.0,1790580936.0,827.2,840.8,857.85,823.0,372235.0,839.3,-12.099976,-1.4405591,789.0,1226.8,1639.0,1.72,876.343,-49.143005,-0.05607736,945.42725,-118.227234,-0.12505165,38.200012,0.04841573,-399.60004,-0.3257255,789.0 - 1226.8,480617.0,485879.0,480617.0,83749809.0,182380000.0,179109870.0,0.50952,0.1302,21290999808.0,118.879,7138999808.0,34845999104.0,194.558,,,28796000256.0,-0.57,-0.447,0.82638,0.30696,0.18961,0.32839,514.922,1.6064569,136164958208.0,12.951307,17.463757,63.87,47.36667,6.0,0.71,1787184000.0,0.0783,0.78,5:1,3.908,11443000320.0,1448496000.0,0.163
2026-09-28T07:34:48.824317,AFFLE.NS,Affle 3i Limited,Advertising Agencies,Communication Services,NSE,https://affle.com,Gurugram,122003,218612137984.0,1790580920.0,1553.3,1570.0,1575.5,1543.1,47998.0,1578.0,-24.699951,-1.5653687,1251.3,2016.7,2185.9,150.0,1610.694,-57.39392,-0.03563304,1533.0024,20.297607,0.013240428,302.0,0.24134898,-463.3999,-0.22978128,1251.3 - 2016.7,363158.0,146301.0,363158.0,61449550.0,140740451.0,140740451.0,0.74457,0.28502,14286999552.0,101.558,148090000.0,28357330944.0,201.732,,,8057679872.0,0.203,0.204,0.28415,0.23174,0.17857,0.16849001,260.056,5.9729443,207850946560.0,45.99645,31.35457,33.77,49.53983,,,,0.0,,5:1,7.33,4777900032.0,1633564800.0,0.104
2026-09-28T07:34:48.824317,RITES.NS,RITES Limited,Engineering & Construction,Industrials,NSE,https://www.rites.com,Gurugram,122001,94736613376.0,1790580936.0,197.12,199.0,199.21,195.83,177593.0,199.31,-2.1900024,-1.0987921,175.0,259.7,412.975,76.86,215.801,-18.681,-0.08656587,215.0397,-17.919708,-0.08333209,22.119995,0.12639998,-62.580017,-0.2409704,175.0 - 259.7,3927017.0,384371.0,3927017.0,133932396.0,480603774.0,480603774.0,0.72203004,0.10362001,8969600000.0,18.616,65900000.0,24575799296.0,51.098,,,7732100096.0,0.084,0.087,0.31462,0.22629,0.18431,0.16983,55.7,3.5389585,88256380928.0,22.683544,17.892883,8.69,11.01667,11.0,5.52,1789689600.0,0.90440005,4.25,2:1,3.591,4173799936.0,1726790400.0,0.261
2026-09-28T07:34:48.824317,MARUTI.NS,Maruti Suzuki India Limited,Auto Manufacturers,Consumer Cyclical,NSE,https://www.marutisuzuki.com,New Delhi,110070,3769057935360.0,1790580936.0,11988.0,12065.0,12116.0,11944.0,129338.0,12065.0,-77.0,-0.6383684,11944.0,17370.0,17370.0,155.0,13273.0,-1285.0,-0.09681308,13907.44,-1919.4404,-0.13801536,44.0,0.003683858,-5382.0,-0.30984455,11944.0 - 17370.0,428435.0,332396.0,428435.0,116341914.0,314402574.0,314402574.0,0.61585,0.25972998,173457997824.0,551.69,1025000000.0,1971806011392.0,6271.561,,,519604011008.0,-0.091,0.359,0.26352,0.10764,0.04828,0.07269,3408.267,3.51733,3620949196800.0,26.286015,19.786682,456.06,605.86206,140.0,1.16,1786060800.0,0.29610002,0.81,,1.836,143339995136.0,,0.228
2026-09-28T07:34:48.824317,POONAWALLA.NS,Poonawalla Fincorp Limited,Credit Services,Financial Services,NSE,https://poonawallafincorp.com,Mumbai,400018,390648233984.0,1790580937.0,446.0,461.55,461.8,445.6,452536.0,461.55,-15.549988,-3.36835,361.2,570.4,570.4,3.8,470.619,-24.618988,-0.05231193,440.07324,5.926758,0.013467662,84.79999,0.23477294,-124.400024,-0.2180926,361.2 - 570.4,1393910.0,1796679.0,1393910.0,322597152.0,875892904.0,875892904.0,0.61685,0.21178,6262600192.0,7.751,484357996544.0,34718498816.0,42.579,,,34672701440.0,3.37,1.003,0.99867994,0.0,0.38981998,0.22666,128.074,3.4823616,851022118912.0,46.70157,15.852812,9.55,28.13381,,,1706659200.0,0.0,1.11,5:1,24.512,7869199872.0,1281657600.0,0.314
2026-09-28T07:34:48.824317,HUDCO.NS,Housing and Urban Development Corporation Limited,Credit Services,Financial Services,NSE,https://www.hudco.org.in,New Delhi,110003,339862585344.0,1790580938.0,169.77,173.25,174.0,169.34,895551.0,173.99,-4.220001,-2.4257061,159.0,246.85,353.7,18.0,186.5954,-16.825394,-0.090170465,197.0741,-27.304092,-0.13854735,10.770004,0.06773587,-77.08,-0.3122544,159.0 - 246.85,2174725.0,1822011.0,2174725.0,500632915.0,2001900000.0,2001900000.0,0.75,0.102690004,23809900544.0,11.889,1419120214016.0,46926299136.0,23.432,,,46907998208.0,0.349,0.098,0.99961,0.0,0.90609,0.90679,109.805,1.5461046,1743744663552.0,7.992938,7.07375,21.24,24.0,6.0,3.45,1786924800.0,0.2635,4.16,,37.159,42552500224.0,,0.818
2026-09-28T07:34:48.824317,CYIENT.NS,Cyient Limited,Conglomerates,Industrials,NSE,https://www.cyient.com,Hyderabad,500 081,111596961792.0,1790580935.0,1072.0,1095.8,1099.1,1066.2,139678.0,1094.7,-22.699951,-2.0734336,750.3,1222.0,2458.95,34.4,966.393,105.606995,0.10927955,954.55,117.45001,0.123042285,321.7,0.42876184,-150.0,-0.12274959,750.3 - 1222.0,849867.0,440142.0,849867.0,83618405.0,104101639.0,104101639.0,0.25327998,0.507,16679000064.0,150.976,4640000000.0,76320997376.0,691.194,,,22780999680.0,-0.324,0.213,0.29849002,0.11017,0.09014,0.04955,514.316,2.0843217,113711808512.0,31.47387,15.087663,34.06,71.05143,32.0,2.92,1761264000.0,0.4699,2.37,2:1,1.49,3782000128.0,1276128000.0,0.657
2026-09-28T07:34:48.824317,PGHH.NS,Procter & Gamble Hygiene and Health Care Limited,Household & Personal Products,Consumer Defensive,NSE,https://in.pg.com,Mumbai,400099,225439809536.0,1790580911.0,6945.0,7049.0,7112.0,6935.0,11048.0,7037.5,-92.5,-1.3153217,6935.0,14509.0,19250.0,355.0,8118.25,-1173.25,-0.14452006,9940.053,-2995.0527,-0.30131155,10.0,0.001441961,-7564.0,-0.5213316,6935.0 - 14509.0,17438.0,25501.0,17438.0,9429999.0,32460736.0,32460736.0,0.70938003,0.14148,5679399936.0,174.965,8700000.0,42448498688.0,1307.69,,,26406199296.0,-0.343,-0.049,0.62208,0.25287,0.18000999,0.18628,232.098,29.922705,222767628288.0,28.52156,23.431175,243.5,296.4,120.0,1.71,1788220800.0,0.9647,1.37,,5.248,7907100160.0,,0.209
2026-09-28T07:34:48.824317,BALKRISIND.NS,Balkrishna Industries Limited,Auto Parts,Consumer Cyclical,NSE,https://www.bkt-tires.com,Mumbai,400013,415960563712.0,1790580884.0,2151.7,2177.0,2178.6,2148.0,29338.0,2185.3,-33.600098,-1.5380434,1970.0,2775.0,3375.0,11.799526,2277.47,-125.77002,-0.05522357,2278.77,-127.07007,-0.055762567,181.69995,0.09223348,-623.30005,-0.22461262,1970.0 - 2775.0,482120.0,188089.0,482120.0,80110644.0,193317190.0,193317190.0,0.58544,0.32645,13884000256.0,71.82,41108201472.0,115183296512.0,595.874,,,57926299648.0,0.564,0.252,0.50291,0.24574,0.15574999,0.12203,566.7,3.796894,449680244736.0,29.568504,21.344933,72.77,100.80612,16.0,0.73,1785801600.0,0.165,0.69,2:1,3.904,14055700480.0,1513814400.0,0.352
2026-09-28T07:34:48.824317,UNIONBANK.NS,Union Bank of India,Banks - Regional,Financial Services,NSE,https://www.unionbankofindia.bank.in,Mumbai,400021,1320995520512.0,1790580931.0,173.05,178.6,178.99,173.0,4388670.0,180.2,-7.149994,-3.9673698,134.26,205.49,426.95,14.6,180.277,-7.2269897,-0.040088255,175.0679,-2.0178986,-0.011526377,38.79001,0.2889171,-32.440002,-0.15786657,134.26 - 205.49,12861029.0,5750338.0,12861029.0,1927048570.0,7633605607.0,7633605607.0,0.74757004,0.15062,526358806528.0,68.949,732925722624.0,510219583488.0,66.839,0.01349,0.15798001,510219583488.0,0.274,0.164,0.0,0.0,0.488,0.40460998,182.77,0.9468184,1583252242432.0,6.42115,6.461743,26.95,26.7807,5.0,2.77,1783036800.0,0.36060002,3.51,,3.103,206437908480.0,,0.9
2026-09-28T07:34:48.824317,VBL.NS,Varun Beverages Limited,Beverages - Non-Alcoholic,Consumer Defensive,NSE,https://www.varunbeverages.com,Gurugram,122002,1452443172864.0,1790580935.0,429.4,433.0,433.5,426.2,2550687.0,434.8,-5.399994,-1.2415206,381.0,555.8,681.12,20.148148,431.06,-1.6600037,-0.0038509804,464.77325,-35.37326,-0.07610864,48.399994,0.1270341,-126.399994,-0.22741993,381.0 - 555.8,6399824.0,4703307.0,6399824.0,1301947255.0,3382494644.0,3382494644.0,0.60586,0.24475001,25684049920.0,7.594,34835341312.0,241264951296.0,71.374,0.09782,0.16853,133792243712.0,0.157,0.204,0.55454,0.23136,0.24119,0.14035,64.366,6.671224,1481590177792.0,42.94,36.890095,10.0,11.63998,2.0,0.46,1785456000.0,0.1499,0.24,5:2,6.141,33861289984.0,1726099200.0,0.277
2026-09-28T07:34:48.824317,BAJAJFINSV.NS,Bajaj Finserv Ltd.,Financial Conglomerates,Financial Services,NSE,https://www.bajajfinserv.in,Pune,411014,2803468861440.0,1790580935.0,1751.9,1767.0,1769.0,1739.1,293541.0,1771.0,-19.099976,-1.0784854,1597.0,2195.0,3375.2,8.660411,1953.526,-201.62598,-0.103211306,1880.2605,-128.36047,-0.06826739,154.90002,0.09699438,-443.09998,-0.20186786,1597.0 - 2195.0,1092518.0,737905.0,1092518.0,558629413.0,1600244726.0,1600244726.0,0.63866,0.14871,90790502400.0,56.789,3614400839680.0,1567607357440.0,980.722,,,806980419584.0,0.127,0.193,0.51478,0.37471,0.40222,0.06471,487.352,3.5947325,6985474899968.0,27.711166,18.455797,63.22,94.9241,1.3,0.07,1782777600.0,0.020599999,0.04,5:1,4.456,101442699264.0,1663027200.0,0.371
2026-09-28T07:34:48.824317,NTPC.NS,NTPC Limited,Utilities - Regulated Electric,Utilities,NSE,https://www.ntpc.co.in,New Delhi,110003,3123296337920.0,1790580935.0,322.1,326.6,326.6,321.55,3191546.0,326.6,-4.5,-1.3778322,315.55,414.4,448.45,58.333332,337.208,-15.108002,-0.044803213,360.04025,-37.940247,-0.10537779,6.5500183,0.020757467,-92.29999,-0.22273163,315.55 - 414.4,9345817.0,7291270.0,9345817.0,4335028757.0,9696666134.0,9696666134.0,0.53998,0.38358003,80537796608.0,8.304,2710045720576.0,1910612426752.0,197.026,,,920597495808.0,0.118,0.078,0.48183,0.30857,0.21673,0.14531,209.444,1.5378813,5876807106560.0,9.832113,11.431704,32.76,28.17603,12.35,3.78,1788307200.0,0.2706,3.25,6:5,3.076,277629698048.0,1552953600.0,0.287
2026-09-28T07:34:48.824317,BOSCHLTD.NS,Bosch Limited,Auto Parts,Consumer Cyclical,NSE,https://www.bosch.in,Bengaluru,560030,,1790580930.0,47000.0,48010.0,48010.0,46910.0,8898.0,48250.0,-1250.0,-2.5896,28610.0,50000.0,50000.0,280.1,45799.1,1200.8984,0.026221003,38747.75,8252.25,0.21297365,18390.0,0.6427823,-3000.0,-0.06,28610.0 - 50000.0,37194.0,20796.0,37194.0,8651664.0,,,0.70666003,0.18356001,63159001088.0,2141.445,1188000000.0,208610000896.0,7073.118,,,69989998592.0,-0.367,0.22,0.33551,0.13423,0.12362,0.11328,5033.356,9.337707,1361097129984.0,58.680317,41.19464,800.95,1140.925,270.0,0.56,1785801600.0,0.639,1.26,10:1,6.525,23631998976.0,1089244800.0,0.673
2026-09-28T07:34:48.824317,INDGN.NS,Indegene Limited,Health Information Services,Healthcare,NSE,https://www.indegene.com,Bengaluru,560045,145761058816.0,1790580938.0,605.3,614.9,620.0,600.05,444380.0,608.95,-3.6500244,-0.5999382,414.0,621.95,736.3,414.0,563.245,42.054993,0.07466554,512.8453,92.45471,0.18027799,191.29999,0.46207726,-16.650024,-0.02677068,414.0 - 621.95,552968.0,495638.0,552968.0,102228899.0,240807964.0,240807964.0,0.55667,0.28447,14814000128.0,61.494,1583000064.0,38128001024.0,158.838,,,37349998592.0,-0.002,0.397,0.9796,0.15542,0.122379996,0.10515001,130.29,4.64579,133465882624.0,36.41997,22.265373,16.62,27.18571,2.25,0.37,1785456000.0,0.0,,,3.5,4008999936.0,,0.745
2026-09-28T07:34:48.824317,HEXT.NS,Hexaware Technologies Limited,Information Technology Services,Technology,NSE,https://hexaware.com,Navi Mumbai,400710,297578496000.0,1790580893.0,488.0,498.0,500.9,487.3,73254.0,496.7,-8.700012,-1.7492735,400.2,807.75,900.0,400.2,544.325,-56.325012,-0.1034768,545.65173,-57.651733,-0.105656646,87.79999,0.21939027,-319.75,-0.39585268,400.2 - 807.75,921846.0,182728.0,921846.0,136259066.0,609791999.0,609791999.0,0.7521,0.19124001,16538999808.0,27.122,6830000128.0,144200007680.0,236.708,0.11841,0.21473,58649001984.0,-0.125,0.179,0.40672,0.16155,0.13739,0.09318,110.065,4.4337435,293153996800.0,22.375057,17.506971,21.81,27.87461,14.25,2.87,1777939200.0,0.65370005,,,2.033,13436000256.0,,
2026-09-28T07:34:48.824317,SBIN.NS,State Bank of India,Banks - Regional,Financial Services,NSE,https://sbi.bank.in,Mumbai,400021,8885391851520.0,1790580940.0,962.6,980.1,982.5,962.1,5407230.0,983.0,-20.400024,-2.0754933,856.0,1234.7,1234.7,13.214009,1029.89,-67.29004,-0.065337114,1045.1768,-82.57678,-0.079007484,106.599976,0.124532685,-272.09998,-0.22037742,856.0 - 1234.7,9373942.0,7184470.0,9373942.0,4070148518.0,9230617586.0,9230617586.0,0.57231,0.29232,2120133509120.0,229.685,8203340349440.0,3852830244864.0,418.119,0.01132,0.15177,3852830244864.0,0.099,0.103,0.0,0.0,0.35717,0.22376,673.779,1.4286584,15356981673984.0,10.297389,9.158359,93.48,105.10616,17.35,1.77,1778803200.0,0.1855,1.53,10:1,3.986,862103142400.0,1416441600.0,0.386
2026-09-28T07:34:48.824317,ZEEL.NS,Zee Entertainment Enterprises Limited,Broadcasting,Communication Services,NSE,https://www.zee.com,Mumbai,400013,73527762944.0,1790580940.0,76.58,77.0,77.63,76.16,5948705.0,76.87,-0.3199997,-0.41612443,68.0,118.35,619.0,18.35505,95.0,-18.449997,-0.1942105,91.4749,-14.924896,-0.16315837,8.550003,0.12573534,-41.799995,-0.35318965,68.0 - 118.35,28031107.0,15533362.0,28031107.0,917473695.0,960519420.0,960519420.0,0.05035,0.26525,27238000640.0,28.202,2651000064.0,81814003712.0,84.709,,,22548000768.0,-0.473,0.045,0.2756,0.029679999,0.01856,0.025139999,123.714,0.6187659,49637797888.0,36.279625,9.604973,2.11,7.96983,2.0,2.6,1788998400.0,1.1517,0.77,2:1,0.607,2056999936.0,1289433600.0,0.416
2026-09-28T07:34:48.824317,CANFINHOME.NS,Can Fin Homes Limited,Mortgage Finance,Financial Services,NSE,https://www.canfinhomes.com,Bengaluru,560004,98780733440.0,1790580930.0,741.85,753.3,755.0,738.5,60878.0,753.25,-11.400024,-1.5143496,736.35,971.5,971.5,4.592709,803.759,-61.908997,-0.07702433,857.8345,-115.9845,-0.13520615,5.5,0.0074692746,-229.65002,-0.23638706,736.35 - 971.5,289417.0,293522.0,289417.0,89993547.0,133154591.0,133154591.0,0.38682,0.31543,13604000.0,0.102,380703506432.0,16928704512.0,127.136,,,16748090368.0,0.196,0.225,0.98933,0.0,0.79907995,0.66733,449.134,1.6517341,480988266496.0,8.746168,7.826071,84.82,94.79214,16.0,2.12,1783036800.0,0.2475,0.88,5:1,28.413,11296999424.0,1507766400.0,0.409
2026-09-28T07:34:48.824317,NEWGEN.NS,Newgen Software Technologies Limited,Software - Infrastructure,Technology,NSE,https://www.newgensoft.com,New Delhi,110020,67396501504.0,1790580925.0,476.8,485.35,488.9,476.6,215669.0,485.3,-8.5,-1.7514939,401.05,1041.95,1798.9,48.0,525.86,-49.059998,-0.09329479,532.01324,-55.213257,-0.10378173,75.75,0.18887919,-565.14996,-0.5423965,401.05 - 1041.95,2702396.0,595044.0,2702396.0,56404517.0,141351724.0,141351724.0,0.63402003,0.08765,11144639488.0,78.951,393560992.0,16104229888.0,114.239,,,8595679232.0,0.278,0.112,0.53375,0.25242,0.13094,0.19478,125.911,3.7868016,57753632768.0,21.496843,16.306429,22.18,29.24,6.0,1.24,1784246400.0,0.2252,0.68,2:1,3.586,3136769024.0,1705017600.0,0.53
2026-09-28T07:34:48.824317,ICICIPRULI.NS,ICICI Life Insurance Limited,Insurance - Life,Financial Services,NSE,https://www.iciciprulife.com,Mumbai,400025,659525533696.0,1790580938.0,454.6,458.6,464.2,450.65,837530.0,463.0,-8.399994,-1.8142536,445.35,706.8,796.8,226.1,496.722,-42.12198,-0.08479991,553.29974,-98.69974,-0.17838384,9.25,0.020770181,-252.19998,-0.35681945,445.35 - 706.8,1705260.0,1961247.0,1705260.0,349100913.0,1450782117.0,1450782117.0,0.23643999,0.7023,1375800064.0,0.948,25949999104.0,662179217408.0,457.124,0.0034400001,0.12571,67725799424.0,0.285,0.125,0.10228,0.0275,0.0164,0.02555,94.055,4.833342,696759681024.0,39.122204,31.925323,11.62,14.23948,1.65,0.36,1780617600.0,0.1419,0.16,,1.052,16919900160.0,,0.47
2026-09-28T07:34:48.824317,ALOKINDS.NS,Alok Industries Limited,Textile Manufacturing,Consumer Cyclical,NSE,https://www.alokind.com,Navi Mumbai,400710,35898687488.0,1790580940.0,7.23,7.44,7.45,7.21,7335294.0,7.5,-0.26999998,-3.5999997,6.98,18.45,97.395,1.4,10.0062,-2.7761998,-0.27744797,12.88745,-5.65745,-0.4389891,0.25,0.035816617,-11.220001,-0.6081301,6.98 - 18.45,15409548.0,21404960.0,15409548.0,1238082694.0,4965240401.0,4965240401.0,0.74998003,0.01229,293000000.0,0.059,261057593344.0,37754101760.0,7.59,,,18194599936.0,,0.065,0.48192,0.019550001,-0.0095,-0.18827,-43.357,-0.16675508,298003890176.0,,,-1.43,,,,1387324800.0,0.0,2.93,,7.893,-7107999744.0,,0.196
2026-09-28T07:34:48.824317,DABUR.NS,Dabur India Limited,Household & Personal Products,Consumer Defensive,NSE,https://www.dabur.com,Ghaziabad,201010,683062132736.0,1790580932.0,385.05,386.5,386.5,381.85,1247183.0,385.6,-0.5500183,-0.1426396,368.05,534.0,672.0,5.165,399.752,-14.702026,-0.036777865,449.25174,-64.20175,-0.14290819,17.0,0.04618938,-148.95001,-0.2789326,368.05 - 534.0,2096311.0,2463377.0,2096311.0,589911614.0,1773957026.0,1773957026.0,0.67667997,0.22534999,51478601728.0,29.023,12873199616.0,135523803136.0,76.408,,,64699899904.0,0.153,0.106,0.47741002,0.18398,0.16476,0.14551,64.383,5.9806156,649161801728.0,34.657967,29.28854,11.11,13.14678,8.25,2.14,1784246400.0,0.7207,1.15,2:1,4.79,19719999488.0,1283904000.0,0.413
2026-09-28T07:34:48.824317,ADANIENSOL.NS,Adani Energy Solutions Limited,Utilities - Independent Power Producers,Utilities,NSE,https://www.adanienergysolutions.com,Ahmedabad,382421,1597056352256.0,1790580935.0,1305.9,1338.0,1338.0,1302.5,707550.0,1338.5,-32.599976,-2.4357424,803.1,1789.0,4236.75,25.0,1531.876,-225.97595,-0.14751583,1284.494,21.406006,0.016664932,502.80005,0.626074,-483.09998,-0.2700391,803.1 - 1789.0,2922901.0,1460295.0,2922901.0,299227493.0,1222954468.0,1222954468.0,0.7467,0.19198,48825597952.0,40.645,515923509248.0,304798302208.0,253.701,,,133078802432.0,1.241,0.424,0.43660998,0.31635,0.24952,0.095769994,211.67,6.1695094,2085995675648.0,53.896,36.182163,24.23,36.09237,,,,0.0,,,6.844,29191200768.0,,0.652
2026-09-28T07:34:48.824317,PAGEIND.NS,Page Industries Limited,Apparel Manufacturing,Consumer Cyclical,NSE,https://www.pageind.com,Bengaluru,560103,418493366272.0,1790580932.0,37520.0,37350.0,37680.0,37280.0,11409.0,37695.0,-175.0,-0.46437573,29805.0,43855.0,54349.1,240.0,37383.0,137.0,0.0036647674,36287.4,1232.6016,0.03396776,7715.0,0.25884917,-6335.0,-0.14445332,29805.0 - 43855.0,30191.0,21746.0,30191.0,6370201.0,11153874.0,11153874.0,0.4643,0.43875,4262510080.0,382.155,2768120064.0,53506600960.0,4797.154,,,31024465920.0,-0.04,0.079,0.57983,0.20616,0.18332,0.14126,1347.154,27.851307,418950905856.0,55.297638,43.17016,678.51,869.1189,800.0,2.12,1787097600.0,0.8116,1.16,,7.83,7558329856.0,,0.033
2026-09-28T07:34:48.824317,MANKIND.NS,Mankind Pharma Limited,Drug Manufacturers - Specialty & Generic,Healthcare,NSE,https://www.mankindpharma.com,New Delhi,110 020,1016875646976.0,1790580935.0,2461.9,2474.9,2488.3,2444.9,232509.0,2474.9,-13.0,-0.52501917,1909.7,2642.0,3054.8,1242.0,2416.352,45.54785,0.01884984,2289.6465,172.25342,0.07523145,552.19995,0.28915533,-180.1001,-0.06816809,1909.7 - 2642.0,407944.0,579255.0,407944.0,112991113.0,413045090.0,413045090.0,0.75391996,0.20111999,22076499968.0,53.476,63115399168.0,147378798592.0,357.052,,,104286003200.0,0.296,0.129,0.70761,0.26391,0.20605,0.13859999,394.845,6.2351046,1065354854400.0,49.73535,34.888058,49.5,70.56569,2.0,0.08,1754611200.0,0.0202,,,7.229,20426700800.0,,0.452
2026-09-28T07:34:48.824317,BIOCON.NS,Biocon Limited,Biotechnology,Healthcare,NSE,https://www.biocon.com,Bengaluru,560100,,1790580941.0,376.6,380.65,381.15,375.1,1291285.0,382.15,-5.549988,-1.4524963,337.05,447.15,487.75,14.166666,411.353,-34.75299,-0.08448459,394.71875,-18.118744,-0.045902923,39.55002,0.1173417,-70.54999,-0.15777701,337.05 - 447.15,4490943.0,3130331.0,4490943.0,801818101.0,,,0.48115003,0.32894,38831001600.0,23.977,154340999168.0,173210992640.0,117.852,,,105980002304.0,2.346,0.1,0.61185,0.20687,0.06914,0.0286,210.137,1.7921642,760301748224.0,109.476746,34.612064,3.44,10.8806,0.5,0.13,1783036800.0,0.1458,1.16,2:1,4.389,4952999936.0,1560297600.0,0.303
2026-09-28T07:34:48.824317,JUBLINGREA.NS,Jubilant Ingrevia Limited,Specialty Chemicals,Basic Materials,NSE,https://jubilantingrevia.com,Noida,201301,103682859008.0,1790580938.0,657.4,664.0,673.5,646.45,505013.0,656.1,1.3000488,0.19814798,537.3,795.0,885.0,241.3,700.718,-43.317993,-0.061819438,666.757,-9.356995,-0.01403359,120.10004,0.2235251,-137.59998,-0.17308173,537.3 - 795.0,418806.0,336262.0,418806.0,70899400.0,157716549.0,157716549.0,0.50882,0.27937,1899299968.0,12.025,7918099968.0,46504701952.0,294.423,,,17902399488.0,0.406,0.253,0.38496,0.13338,0.113900006,0.06637,197.83,3.3230553,109643431936.0,33.8517,22.039953,19.42,29.82765,5.0,0.76,1784851200.0,0.2572,0.79,,2.358,3086299904.0,,0.27
2026-09-28T07:34:48.824317,WELCORP.NS,Welspun Corp Limited,Steel,Basic Materials,NSE,https://www.welspuncorp.com,Mumbai,400013,718698708992.0,1790580940.0,2725.4,2830.0,2838.0,2720.0,774168.0,2832.4,-107.0,-3.7770483,710.0,2838.0,2837.5,5.714285,2177.25,548.1499,0.2517625,1340.3485,1385.0514,1.0333517,2015.3999,2.8385913,-112.6001,-0.03967586,710.0 - 2838.0,1984897.0,2454346.0,1984897.0,134609728.0,263703928.0,263703928.0,0.49845,0.27856,37637300224.0,142.679,23554500608.0,172997705728.0,656.285,,,66432000000.0,1.983,0.149,0.38401002,0.13972001,0.13912,0.13348,347.077,7.852436,735580848128.0,31.14031,24.767637,87.52,110.03875,5.0,0.18,1782777600.0,0.1142,1.38,7:10,4.252,23091200000.0,1113955200.0,0.532
2026-09-28T07:34:48.824317,DBREALTY.NS,Valor Estate Limited,Real Estate - Development,Real Estate,NSE,https://www.dbrealty.co.in,Mumbai,400 020,52776181760.0,1790580705.0,97.3,98.16,99.49,97.21,224013.0,100.08,-2.7799988,-2.7777765,83.5,168.96,475.9,3.65,106.4646,-9.164597,-0.08608116,110.26395,-12.9639435,-0.11757191,13.800003,0.1652695,-71.66,-0.42412406,83.5 - 168.96,823868.0,1180469.0,823868.0,158506956.0,542406761.0,542406761.0,0.6213,0.02362,796734976.0,1.274,7467542016.0,8637314048.0,16.301,,,5602600960.0,,-0.868,0.64865,0.11694,0.20622,0.0135699995,93.105,1.0450567,68878696448.0,442.27274,,0.22,,,,,0.0,,,7.975,117177000.0,,-0.445
2026-09-28T07:34:48.824317,ABLBL.NS,Aditya Birla Lifestyle Brands Limited,Apparel Retail,Consumer Cyclical,NSE,https://www.ablbl.in,Bengaluru,560037,93964410880.0,1790580930.0,77.36,78.71,78.85,77.26,231423.0,78.72,-1.3600006,-1.727643,77.26,150.79,168.0,77.78,87.853,-10.492996,-0.11943811,100.2492,-22.889198,-0.228323,0.099998474,0.001294311,-73.42999,-0.4869686,77.26 - 150.79,801109.0,765174.0,801109.0,692585010.0,1214638186.0,1214638186.0,0.57171,0.23617001,1078499968.0,0.884,30180999168.0,86009700352.0,70.638,,,49194901504.0,0.2,0.111,0.57197,0.09656,0.050819997,0.02046,11.57,6.686258,125181960192.0,53.351723,24.95484,1.45,3.1,0.5,0.64,1786060800.0,0.0,,,1.455,1760099968.0,,
2026-09-28T07:34:48.824317,HEROMOTOCO.NS,Hero MotoCorp Limited,Auto Manufacturers,Consumer Cyclical,NSE,https://www.heromotocorp.com,New Delhi,110070,1072356524032.0,1790580938.0,5358.0,5360.0,5375.5,5306.0,201908.0,5360.0,-2.0,-0.037320394,4671.5,6388.5,6388.5,180.05,5431.75,-73.75,-0.013577577,5321.8267,36.17334,0.006797166,686.5,0.14695494,-1030.5,-0.16130547,4671.5 - 6388.5,693371.0,475419.0,693371.0,129518113.0,200141207.0,200141207.0,0.37236,0.38513002,129412702208.0,646.773,7786100224.0,508098412544.0,2539.565,,,160828293120.0,-0.172,0.349,0.31653,0.14047,0.116280004,0.10724,1080.075,4.960767,952852873216.0,19.67755,16.45467,272.29,325.62186,185.0,3.45,1784851200.0,0.6432,3.14,5:1,1.875,54487998464.0,984355200.0,0.468
2026-09-28T07:34:48.824317,IDFCFIRSTB.NS,IDFC First Bank Limited,Banks - Regional,Financial Services,NSE,https://www.idfcfirst.bank.in,Mumbai,400051,696465555456.0,1790580942.0,80.77,83.25,83.5,80.62,13108546.0,83.8,-3.0300064,-3.6157594,58.08,89.61,100.7,17.65,85.0356,-4.265602,-0.050162546,77.1349,3.6350937,0.047126446,22.689995,0.39066795,-8.840004,-0.09864975,58.08 - 89.61,20513899.0,26306989.0,20513899.0,6422009748.0,8622825121.0,8622825121.0,0.12866001,0.45281,133585600512.0,15.479,413967613952.0,253494607872.0,28.642,0.0058899997,0.052649997,253494607872.0,1.164,0.298,0.0,0.0,0.20751,0.09093001,56.518,1.4291022,1003594907648.0,32.7004,11.873419,2.47,6.80259,0.25,0.3,1786060800.0,0.096499994,,,3.959,23049099264.0,,0.537
2026-09-28T07:34:48.824317,BANDHANBNK.NS,Bandhan Bank Limited,Banks - Regional,Financial Services,NSE,https://bandhan.bank.in,Kolkata,700091,293518835712.0,1790580940.0,182.18,187.0,187.0,181.75,6581464.0,187.7,-5.5200043,-2.940395,134.25,220.76,741.8,128.16,174.3182,7.861786,0.0451002,176.3173,5.862686,0.03325077,47.929993,0.35702044,-38.58,-0.17475994,134.25 - 220.76,13415768.0,16879651.0,13415768.0,1006321602.0,1611147348.0,1611147348.0,0.41349,0.39798,131266928640.0,81.376,143028125696.0,99382173696.0,61.703,,,99382173696.0,0.346,0.216,0.0,0.0,0.23771,0.13617,158.964,1.1460456,314536820736.0,21.713943,8.981994,8.39,20.2828,1.5,0.8,1786924800.0,0.17879999,,,3.165,13532693504.0,,0.792
2026-09-28T07:34:48.824317,SHREECEM.NS,Shree Cement Limited,Building Materials,Basic Materials,NSE,https://www.shreecement.com,Kolkata,700001,802255405056.0,1790580739.0,22235.0,22305.0,22340.0,22055.0,6233.0,22520.0,-285.0,-1.2652608,21665.0,30285.0,32490.0,22.5,24552.5,-2317.5,-0.09438957,25273.375,-3038.375,-0.12022039,570.0,0.026309716,-8050.0,-0.26580817,21665.0 - 30285.0,23211.0,21403.0,23211.0,8605619.0,36080748.0,36080748.0,0.72754997,0.2068,84986503168.0,2355.453,18681399296.0,218957201408.0,6068.527,,,135626498048.0,-0.177,0.18,0.61942,0.2007,0.09405,0.07445,6448.738,3.4479616,746699161600.0,49.121838,32.253593,452.65,689.38055,140.0,0.62,1784246400.0,0.3099,0.41,,3.41,16300900352.0,,0.283
2026-09-28T07:34:48.824317,TRITURBINE.NS,Triveni Turbine Limited,Specialty Industrial Machinery,Industrials,NSE,https://www.triveniturbines.com,Noida,201301,176434741248.0,1790580942.0,555.0,555.35,559.0,544.15,184103.0,554.2,0.7999878,0.14428493,428.35,787.6,885.0,30.0,586.682,-31.682007,-0.05400201,561.4475,-6.44751,-0.011483727,126.649994,0.2956694,-232.59998,-0.29532754,428.35 - 787.6,696795.0,521067.0,696795.0,113710275.0,317900459.0,317900459.0,0.59731,0.28919,5805000192.0,18.176,358000000.0,22524999680.0,70.762,,,10165000192.0,-0.212,0.192,0.45128,0.19083,0.09465,0.14930001,45.551,12.184146,171550621696.0,52.407932,35.866222,10.59,15.47417,4.0,0.72,1788307200.0,0.4022,0.81,,7.616,3363000064.0,,0.529
2026-09-28T07:34:48.824317,ASHOKLEY.NS,Ashok Leyland Limited,Farm & Heavy Construction Machinery,Industrials,NSE,https://www.ashokleyland.com,Chennai,600032,,1790580940.0,155.69,158.51,158.88,155.4,7230982.0,159.08,-3.3899994,-2.131003,134.21,215.42,215.42,2.0075,167.038,-11.347992,-0.06793659,172.0998,-16.40979,-0.09535044,21.479996,0.16004765,-59.729996,-0.27727228,134.21 - 215.42,16802450.0,10419549.0,16802450.0,3370828912.0,,,0.36363998,0.34238,170057891840.0,28.952,639357026304.0,577231323136.0,98.323,,,231245807616.0,0.01,0.116,0.40061,0.21465,0.19645001,0.06021,24.246,6.4212656,1446757400576.0,26.298986,19.002598,5.92,8.19309,3.5,2.2,1780444800.0,0.5912,1.62,2:1,2.506,34757701632.0,1752624000.0,0.45
2026-09-28T07:34:48.824317,JUBLPHARMA.NS,Jubilant Pharmova Limited,Drug Manufacturers - Specialty & Generic,Healthcare,NSE,https://www.jubilantpharmova.com,Noida,201301,167225180160.0,1790580918.0,1055.8,1077.9,1077.9,1052.55,39822.0,1071.95,-16.149902,-1.507013,786.05,1184.8,1309.9,1.652394,955.384,100.41608,0.10510547,952.653,103.14703,0.108273454,269.75006,0.34317163,-129.0,-0.108879134,786.05 - 1184.8,250443.0,182691.0,250443.0,64959329.0,158387168.0,158387168.0,0.56228,0.24102,12670999552.0,80.0,36146999296.0,86083002368.0,543.43,,,55935000576.0,-0.45,0.173,0.64978,0.12375,0.05414,0.040900003,447.814,2.3576753,193287127040.0,47.57999,20.886253,22.19,50.55,5.0,0.47,1784851200.0,0.22549999,0.88,21:20,2.245,3520999936.0,1290643200.0,0.494
2026-09-28T07:34:48.824317,GILLETTE.NS,Gillette India Limited,Household & Personal Products,Consumer Defensive,NSE,https://www.gillette.co.in,Mumbai,400099,227754360832.0,1790580839.0,6989.5,7054.5,7055.0,6972.0,4022.0,7072.0,-82.5,-1.1672326,6922.0,9933.0,11500.0,258.05,7493.93,-504.43018,-0.06731183,7869.7026,-880.20264,-0.111847,67.5,0.009751517,-2943.5,-0.29633546,6922.0 - 9933.0,19290.0,27824.0,19290.0,7183560.0,32585217.0,32585217.0,0.77949,0.10434,2692600064.0,82.627,200000.0,31758299136.0,974.611,,,19641499648.0,0.094,0.108,0.61847,0.3027,0.26795998,0.21035999,290.453,24.064135,227765469184.0,34.080162,,205.09,,180.0,2.55,1787529600.0,0.8146,1.4,,7.172,6680699904.0,,0.27
2026-09-28T07:34:48.824317,CCL.NS,CCL Products (India) Limited,Packaged Foods,Consumer Defensive,NSE,https://www.cclproducts.com,Hyderabad,500034,137651240960.0,1790580930.0,1032.3,1038.0,1045.0,1025.7,59849.0,1044.4,-12.099976,-1.1585575,815.5,1242.2,1242.2,5.195,1117.348,-85.04797,-0.07611592,1077.3485,-45.048462,-0.041814197,216.80005,0.26584923,-209.8999,-0.16897433,815.5 - 1242.2,168417.0,148875.0,168417.0,67777645.0,133344224.0,133344224.0,0.49153,0.26047,2165156096.0,16.248,13243601920.0,46113546240.0,346.14,,,16401038336.0,0.61,0.138,0.35567,0.17021,0.13101,0.0938,176.048,5.863742,150253027328.0,31.821827,21.753447,32.44,47.45455,5.75,0.55,1788220800.0,0.239,0.79,5:1,3.258,4325245952.0,1376870400.0,0.033
2026-09-28T07:34:48.824317,ERIS.NS,Eris Lifesciences Limited,Drug Manufacturers - Specialty & Generic,Healthcare,NSE,https://www.eris.co.in,Ahmedabad,380054,171453136896.0,1790580938.0,1235.8,1258.0,1269.5,1235.1,25035.0,1258.9,-23.099976,-1.8358084,1200.0,1740.0,1910.0,321.0,1346.88,-111.079956,-0.08247205,1388.5765,-152.77649,-0.11002382,35.80005,0.029833375,-504.19995,-0.2897701,1200.0 - 1740.0,79245.0,53492.0,79245.0,44175528.0,138738569.0,138738569.0,0.69837,0.22327,673000000.0,4.859,23586199552.0,32123600896.0,234.077,,,23621500928.0,0.188,0.126,0.73533,0.35252,0.25792998,0.20045,285.483,4.3288045,197215453184.0,26.389067,21.360092,46.83,57.85556,14.42,1.15,1780012800.0,0.1538,,,6.139,6439199744.0,,-0.048
2026-09-28T07:34:48.824317,NETWEB.NS,Netweb Technologies India Limited,Computer Hardware,Technology,NSE,https://www.netwebindia.com,Faridabad,121004,268821823488.0,1790580940.0,4522.0,4545.0,4566.5,4456.0,424632.0,4545.0,-23.0,-0.5060506,2920.0,5813.0,5813.0,738.6,4860.07,-338.06982,-0.06956069,4010.587,511.4131,0.12751578,1602.0,0.5486301,-1291.0,-0.22208843,2920.0 - 5813.0,1454116.0,1055108.0,1454116.0,18808652.0,59447551.0,59447551.0,0.65132004,0.120620005,5893499904.0,103.471,2822230016.0,27020369920.0,475.92,,,5515550208.0,1.784,1.721,0.20413,0.13242,0.14297,0.096470006,127.358,35.50621,255802572800.0,98.51852,54.567593,45.9,82.8697,3.0,0.07,1786060800.0,0.0545,,,9.467,2606599936.0,,1.737
2026-09-28T07:34:48.824317,MOTHERSON.NS,Samvardhana Motherson International Limited,Auto Parts,Consumer Cyclical,NSE,https://www.motherson.com,Noida,201301,1709534740480.0,1790580940.0,162.33,165.0,165.49,162.25,6228390.0,165.71,-3.380005,-2.0395877,101.01,173.27,173.27,0.063962,160.6328,1.6972046,0.010565741,135.43816,26.891846,0.19855443,61.32,0.6070686,-10.940002,-0.06313847,101.01 - 173.27,17096212.0,11943715.0,17096212.0,4409847766.0,10531231231.0,10531231231.0,0.59464,0.27571,79525003264.0,7.551,191696994304.0,1304830672896.0,124.067,,,571811823616.0,1.042,0.166,0.43823,0.08853,0.04978,0.033570003,38.912,4.171721,1884097347584.0,39.021637,23.425426,4.16,6.92965,0.5,0.3,1783987200.0,0.0841,0.64,3:2,1.444,43799101440.0,1752796800.0,1.044
2026-09-28T07:34:48.824317,JIOFIN.NS,Jio Financial Services Limited,Asset Management,Financial Services,NSE,https://www.jfs.in,Mumbai,400051,1454804172800.0,1790580943.0,220.33,227.0,227.0,220.15,10313304.0,227.0,-6.6799927,-2.9429874,220.15,316.85,394.7,198.65,241.0262,-20.706192,-0.08590847,248.0203,-27.700287,-0.11168557,0.17001343,0.00077226176,-96.53,-0.3046552,220.15 - 316.85,15545207.0,9994443.0,15545207.0,3474044017.0,6603141623.0,6603141623.0,0.50187,0.19646,35982901248.0,5.449,217989398528.0,37568200704.0,6.008,,,37568200704.0,1.702,2.082,1.0,0.0,0.63313997,0.55006003,211.436,1.0420175,1680919232512.0,68.42236,49.399105,3.22,4.46,0.6,0.26,1786320000.0,0.15529999,,,44.743,20664899584.0,,0.49
2026-09-28T07:34:48.824317,LTIM.NS,,,,,,,,,,,,,,,,,,,,,,,,,,,,,,,,,,,,,,,,,,,,,,,,,,,,,,,,,,,,,,,,,,,,,,,
2026-09-28T07:34:48.824317,BLUEJET.NS,Blue Jet Healthcare Limited,Biotechnology,Healthcare,NSE,https://www.bluejethealthcare.com,Thane,400705,97123295232.0,1790580940.0,559.9,565.5,573.7,559.55,112973.0,570.65,-10.75,-1.8838166,325.0,692.9,1027.8,319.5,583.896,-23.995972,-0.04109631,483.88525,76.01477,0.15709256,234.90002,0.7227693,-133.0,-0.19194688,325.0 - 692.9,830271.0,509685.0,830271.0,44908464.0,173465425.0,173465425.0,0.76015997,0.05909,3234210048.0,18.645,421840000.0,8856760320.0,51.043,,,4862289920.0,-0.143,-0.174,0.54899,0.30552998,0.31172,0.26523,78.397,7.141855,96175677440.0,41.412724,28.720789,13.52,19.49459,1.2,0.21,1789084800.0,0.088599995,,,10.859,2349100032.0,,0.616
2026-09-28T07:34:48.824317,CENTRALBK.NS,Central Bank of India,Banks - Regional,Financial Services,NSE,https://centralbank.bank.in,Mumbai,400021,278149562368.0,1790580944.0,30.73,31.1,31.11,30.7,1816940.0,31.18,-0.45000076,-1.4432353,29.32,40.92,212.14337,10.1,31.0512,-0.32120132,-0.010344248,34.0954,-3.3654022,-0.098705456,1.4099998,0.048090037,-10.189999,-0.24902245,29.32 - 40.92,8434722.0,9936970.0,8434722.0,423039099.0,9051401274.0,9051401274.0,0.81189,0.094440006,371055984640.0,40.944,288185712640.0,163976839168.0,18.099,0.00878,0.115600005,163976839168.0,0.028,-0.032,0.0,0.0,0.39668998,0.27839002,45.195,0.6799425,200626225152.0,6.0972223,,5.04,,1.39,4.45,1778198400.0,0.23809999,2.49,,1.224,45649375232.0,,0.371
2026-09-28T07:34:48.824317,FLUOROCHEM.NS,Gujarat Fluorochemicals Limited,Specialty Chemicals,Basic Materials,NSE,https://www.gfl.co.in,Noida,201301,488382103552.0,1790580942.0,4445.9,4441.4,4466.5,4380.0,21235.0,4441.4,4.5,0.101155415,2916.6,4958.9,4958.9,217.35,4595.15,-149.25,-0.032479897,3779.1865,666.7134,0.17641717,1529.2998,0.5243433,-513.0,-0.103450365,2916.6 - 4958.9,188136.0,108214.0,188136.0,36759192.0,109850000.0,109850000.0,0.66445,0.15144,5920000000.0,54.03,22900000768.0,53029998592.0,479.763,,,27769999360.0,0.204,0.24,0.52367,0.24229,0.19709998,0.11635,696.703,6.3813415,504088264704.0,79.44782,39.791687,55.96,111.72936,3.0,0.07,1789603200.0,0.053600002,,,9.506,6169999872.0,,0.003
2026-09-28T07:34:48.824317,SUZLON.NS,Suzlon Energy Limited,Specialty Industrial Machinery,Industrials,NSE,https://www.suzlon.com,Pune,411028,546832678912.0,1790580944.0,39.78,40.8,40.93,39.75,40019178.0,40.8,-1.0200005,-2.5000012,38.19,61.5,422.1948,1.560963,46.7592,-6.9792023,-0.14925838,49.1245,-9.3445015,-0.19022079,1.5900002,0.04163394,-21.720001,-0.35317075,38.19 - 61.5,57210891.0,61682519.0,57210891.0,11212950381.0,13746422921.0,13746277362.0,0.18659,0.23224,25990000640.0,1.873,2769999872.0,173811400704.0,12.609,,0.39366,59954200576.0,-0.083,0.225,0.34494,0.17573,0.1305,0.18090001,7.113,5.592577,542824366080.0,17.37118,18.798023,2.29,2.11618,,,1216252800.0,0.0,,5:1,3.123,31442900992.0,1200873600.0,0.646
2026-09-28T07:34:48.824317,LALPATHLAB.NS,Dr. Lal PathLabs Limited,Diagnostics & Research,Healthcare,NSE,https://www.lalpathlabs.com,Gurugram,122001,322350612480.0,1790580941.0,1930.5,1952.3,1965.2,1907.5,77946.0,1952.3,-21.800049,-1.1166341,1272.6,2038.6,2122.75,348.25,1889.724,40.776,0.021577755,1585.655,344.84497,0.21747793,657.9,0.51697314,-108.099976,-0.053026576,1272.6 - 2038.6,361370.0,461409.0,361370.0,75712732.0,166977774.0,166977774.0,0.54704,0.33236,13307490304.0,79.696,1989939968.0,28908109824.0,173.128,,,17403869184.0,0.278,0.191,0.60204,0.27326,0.25461,0.18745,150.208,12.852179,315004583936.0,59.56495,44.23478,32.41,43.64213,20.0,1.02,1785369600.0,0.4321,0.7,2:1,10.897,5418789888.0,1766102400.0,0.188
2026-09-28T07:34:48.824317,MUTHOOTFIN.NS,Muthoot Finance Limited,Credit Services,Financial Services,NSE,https://www.muthootfinance.com,Kochi,682028,1118651678720.0,1790580944.0,2786.4,2792.0,2810.0,2756.4,558413.0,2835.0,-48.600098,-1.7142286,2671.0,4149.5,4149.5,72.6,2930.99,-144.59009,-0.049331486,3310.234,-523.834,-0.15824682,115.3999,0.043204755,-1363.1001,-0.32849744,2671.0 - 4149.5,1046227.0,552240.0,1046227.0,106988473.0,401468476.0,401468476.0,0.73352,0.16952999,161639219200.0,402.616,1624182226944.0,204913885184.0,510.411,0.06402,0.31735,204913885184.0,0.388,0.353,1.0,0.0,0.74571997,0.55502,1011.32,2.7552109,2607390130176.0,9.833427,8.72864,283.36,319.225,30.0,1.06,1776384000.0,0.105900005,1.38,,12.724,113732050944.0,,0.517
2026-09-28T07:34:48.824317,CHALET.NS,Chalet Hotels Limited,Lodging,Consumer Cyclical,NSE,https://www.chalethotels.com,Mumbai,400051,,1790580942.0,869.2,872.0,887.85,862.9,44619.0,881.35,-12.149963,-1.3773127,691.35,993.0,1082.0,99.6,859.362,9.838013,0.0114480425,819.18,50.02002,0.061061084,177.85004,0.25725037,-123.79999,-0.124672696,691.35 - 993.0,153687.0,143884.0,153687.0,71332687.0,,,0.67401004,0.28509,3231089920.0,14.74,23676780544.0,23874750464.0,109.08,,,16509859840.0,-0.577,-0.427,0.69152,0.44881,0.33731,0.2212,168.984,5.1436825,213638856704.0,35.99172,27.57798,24.15,31.5179,2.0,0.23,1789084800.0,0.041500002,,,8.948,5281079808.0,,-0.045
2026-09-28T07:34:48.824317,PNB.NS,Punjab National Bank,Banks - Regional,Financial Services,NSE,https://pnb.bank.in,New Delhi,110075,1303299751936.0,1790580940.0,113.4,116.55,116.55,113.2,6693359.0,116.6,-3.199997,-2.7441874,98.5,135.15,279.98,7.45,115.2056,-1.8055954,-0.01567281,114.21275,-0.81275177,-0.007116121,14.900002,0.15126905,-21.749992,-0.16093224,98.5 - 135.15,15581239.0,12418806.0,15581239.0,11491426586.0,11492943268.0,11492943268.0,0.70079005,0.192,1632054149120.0,142.022,1044828127232.0,579009773568.0,50.412,0.01131,0.14965999,579009773568.0,1.75,-0.064,0.0,0.0,0.47976002,0.38147,136.054,0.8334926,759363862528.0,5.9001045,6.6118746,19.22,17.15096,3.0,2.57,1781222400.0,0.15609999,2.33,5:1,1.311,220875292672.0,1418860800.0,0.5
2026-09-28T07:34:48.824317,MAHABANK.NS,Bank of Maharashtra,Banks - Regional,Financial Services,NSE,https://bankofmaharashtra.bank.in,Pune,411005,622092943360.0,1790580945.0,80.88,84.5,84.5,80.8,10262993.0,84.88,-4.0,-4.7119803,53.91,94.5,96.75,8.0,81.6254,-0.7453995,-0.009131955,75.2009,5.6791,0.07551905,26.969997,0.5002782,-13.620003,-0.14412701,53.91 - 94.5,15789602.0,12745468.0,15789602.0,2030936300.0,7691554950.0,7691554950.0,0.73600996,0.17101999,148798193664.0,19.341,387485990912.0,141095370752.0,18.333,0.019,0.22961001,141095370752.0,0.342,0.218,0.0,0.0,0.57523,0.53409,46.399,1.743141,891689304064.0,8.261491,6.4704,9.79,12.5,2.2,2.59,1780617600.0,0.22469999,3.72,,6.32,75358060544.0,,0.777
2026-09-28T07:34:48.824317,HDFCLIFE.NS,HDFC Life Insurance Company Limited,Insurance - Life,Financial Services,NSE,https://www.hdfclife.com,Mumbai,400 011,1145647398912.0,1790580942.0,527.45,531.0,534.5,525.9,1424027.0,531.0,-3.5499878,-0.66854763,508.7,788.5,820.75,307.0,543.387,-15.937012,-0.029329026,619.3063,-91.85626,-0.14832123,18.75,0.03685866,-261.05,-0.33107165,508.7 - 788.5,3895739.0,5846500.0,3895739.0,1001206820.0,2172049147.0,2172049147.0,0.5742,0.29082,26966700032.0,12.413,30990000128.0,1040789667840.0,482.281,0.00377,0.10828,106119397376.0,0.119,0.143,0.10196,0.02345,0.02187,0.019,89.802,5.873477,1157607456768.0,57.771084,44.14816,9.13,11.94727,2.1,0.4,1781827200.0,0.22950001,0.31,,1.112,19772801024.0,,0.499
2026-09-28T07:34:48.824317,LAURUSLABS.NS,Laurus Labs Limited,Drug Manufacturers - Specialty & Generic,Healthcare,NSE,https://www.lauruslabs.com,Hyderabad,500033,1082677592064.0,1790580941.0,2003.8,2000.0,2012.2,1984.8,537998.0,2007.0,-3.1999512,-0.15942363,826.2,2055.3,2055.3,59.0,1848.304,155.4961,0.08412907,1343.9673,659.83276,0.49095896,1177.6001,1.4253209,-51.5,-0.025057169,826.2 - 2055.3,2697067.0,1840237.0,2697067.0,363426052.0,540312218.0,540312218.0,0.32031,0.32301998,1136999936.0,2.106,25184800768.0,72696397824.0,134.689,,,43214499840.0,1.252,0.291,0.59445,0.28076,0.25386,0.1504,98.175,20.410492,1108852998144.0,98.85545,69.23498,20.27,28.94202,2.4,0.12,1778198400.0,0.098900005,0.31,5:1,15.253,10933699584.0,1601337600.0,0.361
2026-09-28T07:34:48.824317,CARBORUNIV.NS,Carborundum Universal Limited,Conglomerates,Industrials,NSE,https://www.cumi-murugappa.com,Chennai,600001,238569897984.0,1790580944.0,1252.3,1274.1,1285.9,1252.2,130125.0,1278.5,-26.199951,-2.0481513,735.2,1368.9,1841.15,0.97,1112.278,140.0221,0.12588768,970.0085,282.29156,0.29101968,517.10004,0.7033461,-116.599976,-0.08517786,735.2 - 1368.9,322741.0,1140698.0,322741.0,119528330.0,190505384.0,190505384.0,0.40932,0.38848,6999849984.0,36.746,4125339904.0,54361948160.0,287.483,,,30722770944.0,0.235,0.194,0.56515,0.11023,0.0675,0.03849,204.723,6.117046,241754980352.0,112.61691,41.476048,11.12,30.19333,4.0,0.31,1785456000.0,0.36169997,0.36,2:1,4.447,2092339968.0,1317772800.0,0.346
2026-09-28T07:34:48.824317,BHARATFORG.NS,Bharat Forge Limited,Metal Fabrication,Industrials,NSE,https://www.bharatforge.com,Pune,411036,962681176064.0,1790580939.0,1970.0,1980.1,1994.5,1964.6,286252.0,2008.0,-38.0,-1.8922418,1179.4,2295.0,2295.0,4.065226,2067.458,-97.45801,-0.047139052,1859.808,110.19202,0.059249137,790.6,0.67034084,-325.0,-0.1416122,1179.4 - 2295.0,1110147.0,809055.0,1110147.0,256341563.0,488670642.0,488670642.0,0.46695998,0.37147,23854880768.0,49.896,73086148608.0,175428452352.0,367.151,,,93434757120.0,,0.187,0.53261,0.16231,0.09616,0.040260002,200.378,9.831418,1009003069440.0,132.57066,40.88537,14.86,48.1835,8.5,0.42,1783036800.0,0.5755,0.64,2:1,5.752,7062510080.0,1506556800.0,0.524
2026-09-28T07:34:48.824317,LICI.NS,Life Insurance Corporation of India,Insurance - Life,Financial Services,NSE,https://www.licindia.in,Mumbai,400021,5074545278976.0,1790580945.0,401.15,408.0,408.0,400.5,3050546.0,409.05,-7.899994,-1.9310666,360.75,468.475,611.0,265.025,411.902,-10.752014,-0.02610333,412.31824,-11.168243,-0.027086465,40.399994,0.111988895,-67.32501,-0.143711,360.75 - 468.475,9640911.0,8525422.0,9640911.0,1265126040.0,12649995402.0,12649995402.0,0.89999,0.05826,731417477120.0,57.82,7619200000.0,9964507627520.0,787.708,,,1104514383872.0,0.4,0.068,0.11083999,0.06803,0.06426,0.06515,139.609,2.873382,4453434916864.0,8.4470415,6.82145,47.49,58.80714,10.0,2.44,1782345600.0,0.3368,,2:1,0.447,649223929856.0,1780012800.0,0.539
2026-09-28T07:34:48.824317,COHANCE.NS,Cohance Lifesciences Limited,Drug Manufacturers - Specialty & Generic,Healthcare,NSE,https://www.cohance.com,Hyderabad,500081,173220954112.0,1790580944.0,452.75,459.25,459.25,445.0,363112.0,459.25,-6.5,-1.4145811,266.7,917.85,1360.0,87.6,444.875,7.875,0.017701602,409.73474,43.01526,0.10498319,186.04999,0.69760025,-465.09998,-0.5067277,266.7 - 917.85,1061758.0,1565136.0,1061758.0,138065943.0,382597330.0,382597330.0,0.6396,0.23014,3259800064.0,8.514,4004900096.0,21415000064.0,55.951,,,15067299840.0,-0.968,-0.231,0.70359004,0.14797,-0.11457,0.04961,102.034,4.4372463,177797644288.0,164.03986,46.02563,2.76,9.83691,,,1662681600.0,0.0,,2:1,8.302,1062300032.0,1600992000.0,0.613
2026-09-28T07:34:48.824317,NHPC.NS,NHPC Limited,Utilities - Renewable,Utilities,NSE,https://www.nhpcindia.com,Faridabad,121003,751268134912.0,1790580940.0,74.79,75.6,75.9,74.7,3179973.0,76.0,-1.2099991,-1.5921041,71.62,88.12,118.4,14.8,77.169,-2.3789978,-0.030828413,77.81675,-3.0267487,-0.03889585,3.1699982,0.04426135,-13.330002,-0.15127102,71.62 - 88.12,12547180.0,9999744.0,12547180.0,3875659874.0,10045034805.0,10045034805.0,0.62477,0.21461001,36618399744.0,3.642,547509993472.0,122098302976.0,12.157,,,114039996416.0,0.028,0.185,0.934,0.47801,0.46019,0.31094998,41.149,1.8175412,1344661094400.0,27.395605,11.685938,2.73,6.4,1.61,2.12,1786492800.0,0.6997,3.34,,11.013,37965901824.0,,0.183
2026-09-28T07:34:48.824317,STARHEALTH.NS,Star Health and Allied Insurance Company Limited,Insurance - Life,Financial Services,NSE,https://www.starhealth.in,Chennai,600004,325887262720.0,1790580912.0,553.85,550.8,559.5,550.8,157423.0,558.15,-4.300049,-0.7702039,416.55,624.9,940.0,327.3,573.628,-19.778015,-0.034478817,514.627,39.22296,0.07621629,137.29999,0.32961228,-71.05005,-0.11369827,416.55 - 624.9,649489.0,1836503.0,649489.0,170669388.0,588403502.0,588403502.0,0.63733,0.26287,,,0.0,184750292992.0,314.065,0.025309999,0.07507,40559198208.0,1.096,14.078,0.21954,0.0,0.13664,0.03619,172.352,3.2134814,,48.88349,19.756126,11.33,28.03434,,,,0.0,,,,6685300224.0,,0.187
2026-09-28T07:34:48.824317,JYOTICNC.NS,Jyoti CNC Automation Limited,Specialty Industrial Machinery,Industrials,NSE,https://www.jyoti.co.in,Rajkot,360021,238851112960.0,1790580943.0,1050.25,1089.1,1094.55,1025.0,928825.0,1065.1,-14.849976,-1.394233,580.1,1134.6,1504.3,368.0,929.408,120.84198,0.13002038,819.63324,230.61676,0.2813658,470.15002,0.8104638,-84.349976,-0.07434336,580.1 - 1134.6,1223907.0,1715628.0,1223907.0,74357124.0,227423096.0,227423096.0,0.67688006,0.17117001,1371200000.0,6.023,8527499776.0,21914300416.0,96.376,,,12201499648.0,-0.201,0.24,0.55678004,0.24509001,0.18441999,0.14681,87.946,11.941987,249625673728.0,74.11785,43.398758,14.17,24.2,,,,0.0,,,11.391,3217200128.0,,-0.42
2026-09-28T07:34:48.824317,AUBANK.NS,AU Small Finance Bank Limited,Banks - Regional,Financial Services,NSE,https://www.au.bank.in,Mumbai,400070,747692228608.0,1790580946.0,997.7,1015.2,1016.5,995.0,870058.0,1018.0,-20.299988,-1.9941049,719.05,1144.1,1144.1,183.0,1058.054,-60.353943,-0.057042405,1003.917,-6.21698,-0.0061927233,278.65002,0.38752526,-146.39996,-0.12796082,719.05 - 1144.1,1694150.0,1400120.0,1694150.0,545680748.0,749415850.0,749415850.0,0.31408,0.50526,85234098176.0,113.831,138715447296.0,111671615488.0,149.466,,,111671615488.0,0.351,0.298,0.0,0.0,0.35311002,0.25577998,267.236,3.7334044,815739174912.0,26.415144,16.488544,37.77,60.50868,1.0,0.1,1785456000.0,0.0,,2:1,7.305,28563490816.0,1654732800.0,0.557
2026-09-28T07:34:48.824317,FORTIS.NS,Fortis Healthcare Limited,Medical Care Facilities,Healthcare,NSE,https://www.fortishealthcare.com,Gurugram,122001,624841129984.0,1790580937.0,827.65,831.0,840.2,817.25,1802598.0,837.85,-10.199951,-1.2168876,766.8,1104.3,1104.3,46.1,916.711,-89.060974,-0.097152725,911.27075,-83.62073,-0.091762766,60.850037,0.07935581,-276.65002,-0.2505207,766.8 - 1104.3,1346006.0,1232797.0,1346006.0,489311024.0,754958148.0,754958148.0,0.35187,0.51552,5586745856.0,7.4,34725834752.0,95061516288.0,125.907,,,56454152192.0,0.023,0.175,0.59387,0.21205,0.16316,0.11023,131.074,6.314372,664410324992.0,59.500362,36.304962,13.91,22.79716,1.0,0.12,1784851200.0,0.072,,,6.989,10478838784.0,,0.652
2026-09-28T07:34:48.824317,HDFCAMC.NS,HDFC Asset Management Company Limited,Asset Management,Financial Services,NSE,https://www.hdfcfund.com,Mumbai,400020,992318062592.0,1790580946.0,2312.7,2362.0,2366.2,2305.0,520761.0,2378.0,-65.30005,-2.7460072,2205.6,2967.25,2967.25,625.0,2515.618,-202.91797,-0.08066327,2590.9016,-278.20166,-0.10737639,107.09985,0.048558146,-654.55005,-0.22059147,2205.6 - 2967.25,804337.0,551547.0,804337.0,203087390.0,429073398.0,429073398.0,0.56674,0.27107,91690598400.0,214.03,2182000128.0,47832199168.0,111.683,,,42497200128.0,0.118,0.134,0.88846,0.80421996,0.80197996,0.61625,215.423,10.735622,929227014144.0,34.699173,26.354832,66.65,87.75241,54.0,2.27,1780617600.0,0.78769994,1.75,2:1,19.427,29476399104.0,1764115200.0,0.55
2026-09-28T07:34:48.824317,HYUNDAI.NS,Hyundai Motor India Limited,Auto Manufacturers,Consumer Cyclical,NSE,https://www.hyundai.com/in,Gurugram,122 001,1666034171904.0,1790580936.0,2050.4,2105.0,2113.0,2047.0,286552.0,2115.0,-64.6001,-3.0539448,1658.0,2706.0,2890.0,1541.7,2151.314,-100.91406,-0.046908107,2050.683,-0.28320312,-0.00013810185,392.3999,0.23667063,-655.6001,-0.24227646,1658.0 - 2706.0,742328.0,641347.0,742328.0,133691612.0,812541100.0,812541100.0,0.825,0.13279,105519783936.0,129.907,10975620096.0,706850914304.0,870.066,,,199460306944.0,-0.351,-0.005,0.28218,0.11174,0.05844,0.07004,246.276,8.325618,1623408115712.0,33.66278,22.433258,60.91,91.4,21.0,0.99,1785888000.0,0.3446,,,2.297,49509101568.0,,
2026-09-28T07:34:48.824317,TECHNOE.NS,Techno Electric & Engineering Company Limited,Engineering & Construction,Industrials,NSE,https://www.techno.co.in,Kolkata,700016,115154026496.0,1790580947.0,990.15,1006.2,1015.0,987.0,60005.0,1006.2,-16.049988,-1.5940794,870.0,1389.6,1822.0,34.5,993.846,-3.695984,-0.0037188698,1071.5085,-81.35852,-0.07592895,120.150024,0.13810347,-399.44995,-0.28745678,870.0 - 1389.6,178391.0,146273.0,178391.0,50034585.0,116299574.0,116299574.0,0.5696,0.26007998,23309979648.0,200.309,724929984.0,33560000512.0,288.509,,,7175289856.0,-0.315,0.198,0.2138,0.13918,0.14791,0.12845,357.561,2.769178,94506991616.0,26.739132,17.012886,37.03,58.2,7.0,0.7,1789084800.0,0.24280001,0.96,2:1,2.816,4310759936.0,1473120000.0,0.771
2026-09-28T07:34:48.824317,BALRAMCHIN.NS,Balrampur Chini Mills Limited,Confectioners,Consumer Defensive,NSE,https://chini.com,Kolkata,700020,145166467072.0,1790580945.0,686.05,691.0,705.35,682.2,1455127.0,685.8,0.25,0.03646973,393.55,780.95,780.95,0.866,657.974,28.075989,0.04267036,535.192,150.85797,0.28187636,292.5,0.7432347,-94.900024,-0.121518694,393.55 - 780.95,3031662.0,1309122.0,3031662.0,117838510.0,211597496.0,211597496.0,0.45901,0.33867002,42020000.0,0.199,31700359168.0,63656648704.0,314.372,,,16716470272.0,-0.154,0.061,0.2626,0.11337,0.042529996,0.05829,204.872,3.3486762,176545382400.0,37.75729,17.903183,18.17,38.32,7.0,1.02,1763337600.0,0.19229999,0.74,10:1,2.773,3710368000.0,1111536000.0,0.374
2026-09-28T07:34:48.824317,ADANIGREEN.NS,Adani Green Energy Limited,Utilities - Renewable,Utilities,NSE,https://www.adanigreenenergy.com,Ahmedabad,382 421,2038215868416.0,1790580947.0,1237.4,1290.4,1295.4,1236.2,1056654.0,1296.6,-59.19995,-4.5650797,765.0,1631.5,3050.0,22.8,1334.324,-96.92395,-0.072638996,1193.8042,43.595825,0.036518406,472.40002,0.6175164,-394.09998,-0.24155684,765.0 - 1631.5,2003958.0,1110349.0,2003958.0,334607364.0,1647176155.0,1647176155.0,0.82274,0.17176001,40730001408.0,24.727,1035449991168.0,136239996928.0,83.298,,,129009999872.0,0.185,0.166,0.94693,0.85926,0.6678,0.13095,117.11,10.566134,3229588652032.0,117.84762,41.47852,10.5,29.83231,,,,0.0,,,23.705,17109999616.0,,1.056
2026-09-28T07:34:48.824317,IFCI.NS,IFCI Limited,Credit Services,Financial Services,NSE,https://www.ifciltd.com,New Delhi,110019,190676615168.0,1790580942.0,70.79,73.8,73.85,70.65,23834120.0,73.95,-3.1800003,-4.2990403,46.23,107.5,121.2,3.1,79.9284,-9.1584015,-0.114582576,66.73865,4.031349,0.060405016,24.539997,0.53082407,-36.730003,-0.34167445,46.23 - 107.5,59992413.0,81445965.0,59992413.0,750149667.0,2694314331.0,2694314331.0,0.73140997,0.03558,71021395968.0,25.425,35230199808.0,13738399744.0,5.176,,,12587899904.0,-0.2,-0.063,0.91626,0.0,0.24118,0.12699,33.829,2.0919921,236376702976.0,107.227264,20.105112,0.66,3.52,,,1455667200.0,0.0,,,17.206,1744600064.0,,0.6
2026-09-28T07:34:48.824317,NYKAA.NS,FSN E-Commerce Ventures Limited,Internet Retail,Consumer Cyclical,NSE,https://www.nykaa.com,Mumbai,400025,931356213248.0,1790580946.0,325.05,332.1,332.95,324.0,1290496.0,333.7,-8.650024,-2.590991,227.9,349.55,428.95,114.25,333.129,-8.07901,-0.024251897,283.45044,41.59955,0.14676128,97.149994,0.42628345,-24.5,-0.070090115,227.9 - 349.55,5970766.0,3607467.0,5970766.0,1213435753.0,2865270707.0,2865270707.0,0.56136,0.32102,4181100032.0,1.46,12441799680.0,106494099456.0,37.406,,,48298901504.0,2.5,0.291,0.45354,0.05763,0.05269,0.02405,5.022,64.72521,964360863744.0,365.2247,110.7375,0.89,2.93532,,,,0.0,,6:1,9.056,2561299968.0,1668038400.0,0.356
2026-09-28T07:34:48.824317,WAAREEENER.NS,Waaree Energies Limited,Solar,Technology,NSE,https://waaree.com,Mumbai,400066,710182305792.0,1790580946.0,2468.9,2494.9,2509.2,2453.0,332899.0,2495.0,-26.100098,-1.0460961,2403.0,3718.8,3865.0,1863.0,2635.556,-166.656,-0.06323372,2895.113,-426.21313,-0.14721814,65.8999,0.027424013,-1249.9001,-0.33610308,2403.0 - 3718.8,713896.0,671930.0,713896.0,83267486.0,287651335.0,287651335.0,0.6815,0.090100005,73888997376.0,256.893,32126199808.0,300427313152.0,1044.741,,,90804396032.0,0.142,0.792,0.30225,0.21172,0.13994001,0.12703,502.198,4.9161882,681597468672.0,18.63602,14.921837,132.48,165.45549,4.0,0.16,1789084800.0,0.0150999995,,,2.269,38163202048.0,,
2026-09-28T07:34:48.824317,CAPLIPOINT.NS,Caplin Point Laboratories Limited,Drug Manufacturers - Specialty & Generic,Healthcare,NSE,https://www.caplinpoint.net,Chennai,600096,216124063744.0,1790580935.0,2843.3,2856.7,2869.8,2801.8,84214.0,2835.1,8.199951,0.28927052,1500.3,2990.0,2990.0,34.2,2622.296,221.00415,0.084278874,2098.007,745.29297,0.35523853,1343.0,0.8951543,-146.69995,-0.04906353,1500.3 - 2990.0,183487.0,278110.0,183487.0,20349591.0,76011696.0,76011696.0,0.73437,0.05716,10067500032.0,132.424,46100000.0,22873300992.0,300.911,,,13716899840.0,0.159,0.196,0.59969,0.34714,0.31434,0.29089,462.024,6.15401,206706458624.0,32.561844,25.684734,87.32,110.7,8.0,0.28,1789689600.0,0.0802,0.38,5:1,9.037,6653499904.0,1476835200.0,0.368
2026-09-28T07:34:48.824317,HDFCBANK.NS,HDFC Bank Limited,Banks - Regional,Financial Services,NSE,https://www.hdfc.bank.in,Mumbai,400018,11109012602880.0,1790580948.0,720.5,731.6,733.0,720.0,14313713.0,735.6,-15.099976,-2.0527427,681.9,1020.5,1020.5,1.1975,727.921,-7.4210205,-0.010194816,811.72174,-91.22174,-0.11238056,38.599976,0.0566065,-300.0,-0.29397354,681.9 - 1020.5,30432579.0,31377822.0,30432579.0,15337571997.0,15418477012.0,15418477012.0,0.0016699999,0.61144,2377666265088.0,154.436,5658713784320.0,2949644288000.0,191.839,0.0175,0.13838,2949644288000.0,0.181,0.166,0.0,0.0,0.33291999,0.26787,393.813,1.8295486,14836968718336.0,15.748634,11.424025,45.75,63.06884,13.0,1.77,1781827200.0,0.24040002,1.08,2:1,5.03,790127706112.0,1756166400.0,0.404
2026-09-28T07:34:48.824317,BANKINDIA.NS,Bank of India,Banks - Regional,Financial Services,NSE,https://bankofindia.bank.in,Mumbai,400051,598038413312.0,1790580945.0,131.36,137.5,137.5,131.26,6192971.0,137.94,-6.580002,-4.770537,116.26,178.36,589.0,25.1,141.5616,-10.201599,-0.072064735,147.62535,-16.26535,-0.11017992,15.099998,0.12988128,-47.0,-0.263512,116.26 - 178.36,7215780.0,4245592.0,7215780.0,852202298.0,4552667866.0,4552667866.0,0.73383003,0.15323,1022474977280.0,224.459,1153757478912.0,336627073024.0,73.923,,0.13697,336627073024.0,0.803,0.185,0.0,0.0,0.48535,0.34992,199.745,0.6576385,761345212416.0,4.863384,5.2142506,27.01,25.1925,4.65,3.37,1780012800.0,0.1722,2.71,,2.262,117793193984.0,,0.775
2026-09-28T07:34:48.824317,NEULANDLAB.NS,Neuland Laboratories Limited,Drug Manufacturers - Specialty & Generic,Healthcare,NSE,https://www.neulandlabs.com,Hyderabad,500033,276419969024.0,1790580936.0,21545.0,21890.0,21920.0,21510.0,9744.0,21890.0,-345.0,-1.5760621,11500.0,24225.0,24225.0,56.685482,21950.76,-405.75977,-0.018484998,16806.87,4738.131,0.28191632,10045.0,0.87347823,-2680.0,-0.110629514,11500.0 - 24225.0,63828.0,47942.0,63828.0,7355504.0,12829889.0,12829889.0,0.37736,0.28186,766704000.0,59.759,3012721920.0,23718098944.0,1848.83,,,13086524416.0,9.628,1.192,0.55175,0.31814,0.30601,0.20987,1461.02,14.746547,283092287488.0,55.607174,43.894855,387.45,490.832,34.0,0.16,1784851200.0,0.0309,0.19,,11.936,4977715200.0,,0.298
2026-09-28T07:34:48.824317,GODREJIND.NS,Godrej Industries Limited,Conglomerates,Industrials,NSE,https://www.godrejindustries.com,Mumbai,400079,364607569920.0,1790580936.0,1082.4,1100.0,1107.6,1080.5,86745.0,1105.3,-22.900024,-2.069778,744.2,1443.0,1443.0,2.208233,1214.458,-132.05798,-0.10873821,1070.2903,12.109741,0.011314445,338.2,0.45444775,-360.59998,-0.24989603,744.2 - 1443.0,181372.0,119147.0,181372.0,45212682.0,336851055.0,336851055.0,0.87194,0.06398,112279003136.0,333.365,515644096512.0,246912696320.0,733.048,,,100220600320.0,-0.186,-0.047,0.40589002,0.15349,0.081,0.04761,331.839,3.261823,895713017856.0,30.98769,,34.93,,,,1564704000.0,0.0,0.54,1251:1250,3.628,11756699648.0,1420416000.0,0.608
2026-09-28T07:34:48.824317,BHEL.NS,Bharat Heavy Electricals Limited,Specialty Industrial Machinery,Industrials,NSE,https://www.bhel.com,New Delhi,110049,1420333678592.0,1790580940.0,407.9,416.85,416.85,407.25,4985180.0,418.95,-11.050018,-2.6372356,229.54,446.5,446.5,5.073333,419.741,-11.841003,-0.028210262,345.20386,62.696136,0.18162061,178.36,0.7770324,-38.600006,-0.08645018,229.54 - 446.5,10869522.0,6464906.0,10869522.0,1420020257.0,3482063355.0,3482063355.0,0.59821,0.24027,112016498688.0,32.17,81869496320.0,359929905152.0,103.285,,,113267998720.0,,0.403,0.31469,0.07953,0.054819997,0.06758,75.089,5.4322205,1428663435264.0,57.940342,29.170448,7.04,13.98333,1.4,0.33,1784246400.0,0.0715,2.03,3:2,3.969,24324700160.0,1506556800.0,0.845
2026-09-28T07:34:48.824317,DMART.NS,Avenue Supermarts Limited,Discount Stores,Consumer Defensive,NSE,https://www.dmartindia.com,Mumbai,400604,2476382093312.0,1790580943.0,3796.7,3815.0,3833.0,3793.2,167379.0,3834.2,-37.5,-0.97806525,3529.0,4644.0,5900.0,558.3,3879.5,-82.80005,-0.021342969,4009.8105,-213.1106,-0.053147297,267.69995,0.07585717,-847.30005,-0.18245049,3529.0 - 4644.0,563738.0,499941.0,563738.0,149472309.0,652245977.0,652245977.0,0.78910005,0.13494,3057799936.0,4.69,24249899008.0,712555692032.0,1094.485,,,108249899008.0,0.114,0.149,0.15192,0.076230004,0.06447,0.042919997,375.946,10.099056,2520986681344.0,80.50678,55.09728,47.16,68.90903,,,,0.0,,,3.538,30581299200.0,,0.225
2026-09-28T07:34:48.824317,MFSL.NS,Max Financial Services Limited,Insurance - Life,Financial Services,NSE,https://www.maxfinancialservices.com,Noida,201301,492908380160.0,1790580946.0,1435.8,1452.0,1460.9,1432.1,213880.0,1458.0,-22.199951,-1.5227349,1360.1,1892.5,1892.5,8.84,1526.116,-90.31592,-0.059180245,1621.508,-185.70801,-0.114527956,75.70007,0.055657726,-456.69995,-0.24132098,1360.1 - 1892.5,962392.0,2169108.0,962392.0,262671605.0,343298749.0,343298749.0,0.020769998,0.81338996,21371498496.0,62.253,23402903552.0,498432475136.0,1452.623,,,58639306752.0,0.373,0.168,0.11765,0.00796,0.011879999,0.00221,153.854,9.332224,513943044096.0,447.28973,128.25781,3.21,11.19464,,,1474243200.0,0.0,1.76,5:1,1.031,1082620032.0,1173657600.0,0.707
2026-09-28T07:34:48.824317,MSUMI.NS,Motherson Sumi Wiring India Limited,Auto Parts,Consumer Cyclical,NSE,https://www.mswil.motherson.com,Noida,201301,230582894592.0,1790580945.0,34.77,34.22,35.08,33.81,10743334.0,34.29,0.47999954,1.3986001,33.81,53.59,53.59,26.666666,38.3998,-3.629799,-0.09452651,40.52755,-5.7575493,-0.14206508,0.9599991,0.028393937,-18.82,-0.3511849,33.81 - 53.59,10943291.0,14609991.0,10943291.0,2536478043.0,6631661898.0,6631661898.0,0.61749,0.20842,662000000.0,0.1,2332000000.0,123317100544.0,18.525,,,37154799616.0,0.0,0.364,0.30129,0.07669,0.05855,0.05088,3.26,10.665645,229069684736.0,36.98936,23.65258,0.94,1.47003,0.58,1.69,1783987200.0,0.0,,3:2,1.858,6274200064.0,1752796800.0,0.04
2026-09-28T07:34:48.824317,KPIL.NS,Kalpataru Projects International Limited,Engineering & Construction,Industrials,NSE,https://www.kalpataruprojects.com,Mumbai,400055,235017158656.0,1790580945.0,1376.2,1420.0,1424.8,1368.0,126812.0,1391.2,-15.0,-1.0788262,1007.1,1479.6,1479.6,0.134,1368.222,7.9779053,0.0058308556,1247.1785,129.02148,0.1034507,369.09998,0.36649784,-103.400024,-0.06988377,1007.1 - 1479.6,218345.0,160788.0,218345.0,113222198.0,170772546.0,170772546.0,0.337,0.49277002,19881500672.0,116.421,35426201600.0,273798594560.0,1603.344,,,76071796736.0,0.452,0.038,0.27784002,0.08006,0.066360004,0.04151,455.375,3.0221245,252683960320.0,20.694736,14.993374,66.5,91.78721,11.0,0.79,1782691200.0,0.16530001,1.0,5:1,0.923,11364899840.0,1283904000.0,0.46
2026-09-28T07:34:48.824317,AXISBANK.NS,Axis Bank Limited,Banks - Regional,Financial Services,NSE,https://www.axis.bank.in,Mumbai,400025,3766489972736.0,1790580949.0,1209.7,1211.5,1217.8,1206.2,3025972.0,1222.4,-12.700073,-1.0392858,1125.4,1418.3,1418.3,2.46,1243.396,-33.696045,-0.027100012,1286.946,-77.24609,-0.06002279,84.29993,0.07490663,-208.6001,-0.14707755,1125.4 - 1418.3,6016187.0,5341748.0,6016187.0,2809560567.0,3113573654.0,3113573654.0,0.033269998,0.71499,1355972476928.0,436.161,2852579704832.0,770813591552.0,248.22,0.01535,0.13352999,770813591552.0,0.218,0.14,0.0,0.0,0.49181998,0.36031,717.547,1.6858826,5305269747712.0,13.612017,10.295011,88.87,117.50352,1.0,0.08,1783641600.0,0.0,1.03,5:1,6.883,277734391808.0,1406505600.0,0.42
2026-09-28T07:34:48.824317,CGPOWER.NS,CG Power and Industrial Solutions Limited,Electrical Equipment & Parts,Industrials,NSE,https://www.cgglobal.com,Mumbai,400030,1374281007104.0,1790580949.0,872.3,881.6,885.95,869.3,1141404.0,886.0,-13.700012,-1.5468005,525.5,980.9,980.9,0.143671,884.14,-11.840027,-0.013391575,793.2015,79.09851,0.09972058,346.8,0.65994287,-108.60004,-0.11071468,525.5 - 980.9,3650113.0,2194216.0,3650113.0,684854505.0,1575468309.0,1575468309.0,0.60002,0.19791001,29838700544.0,18.946,1185100032.0,128207101952.0,81.464,,,39388200960.0,0.131,0.14,0.30722,0.12359,0.104490004,0.0975,50.609,17.236065,1369004310528.0,109.44793,62.635174,7.97,13.92668,1.3,0.15,1769731200.0,0.16389999,0.74,7:4,10.678,12481000448.0,1268006400.0,0.42
2026-09-28T07:34:48.824317,NH.NS,Narayana Hrudayalaya Limited,Medical Care Facilities,Healthcare,NSE,https://www.narayanahealth.org,Bengaluru,560099,371571163136.0,1790580941.0,1829.5,1861.2,1861.4,1820.0,77220.0,1861.4,-31.900024,-1.7137651,1589.0,2093.3,2370.2,182.8,1905.466,-75.96594,-0.039867382,1851.0015,-21.501465,-0.011616126,240.5,0.15135305,-263.80005,-0.12602113,1589.0 - 2093.3,280323.0,164101.0,280323.0,65950578.0,203099835.0,203099835.0,0.67233,0.1309,25195450368.0,124.055,58574950400.0,90723999744.0,446.716,,,36068278272.0,0.054,0.78,0.39756,0.17854999,0.11686,0.08996,223.4,8.189346,411452178432.0,45.295864,26.105074,40.39,70.08216,4.5,0.24,1784246400.0,0.1113,,,4.535,8212619776.0,,0.144
2026-09-28T07:34:48.824317,IOB.NS,Indian Overseas Bank,Banks - Regional,Financial Services,NSE,https://www.iob.bank.in,Chennai,600002,605812293632.0,1790580942.0,31.46,31.97,32.0,31.45,934873.0,31.98,-0.52000046,-1.6255094,31.2,41.8,227.45,6.05,33.3098,-1.8498001,-0.05553321,34.11645,-2.6564522,-0.07786426,0.25999832,0.00833328,-10.34,-0.24736843,31.2 - 41.8,2930596.0,1586561.0,2930596.0,1396558672.0,19256589795.0,19256589795.0,0.92438006,0.04318,197357092864.0,10.234,472398987264.0,162917253120.0,8.464,0.0133299995,0.16525999,162917253120.0,0.459,0.481,0.0,0.0,0.37078997,0.36560002,20.196,1.5577343,891749269504.0,10.557047,34.955555,2.98,0.9,,,1403136000.0,0.0,3.71,,5.474,59563057152.0,,0.243
2026-09-28T07:34:48.824317,AKZOINDIA.NS,,,,,,,,,,,,,,,,,,,,,,,,,,,,,,,,,,,,,,,,,,,,,,,,,,,,,,,,,,,,,,,,,,,,,,,
2026-09-28T07:34:48.824317,BBTC.NS,The Bombay Burmah Trading Corporation Limited,Packaged Foods,Consumer Defensive,NSE,https://www.bbtcl.com,Mumbai,400001,98992381952.0,1790580915.0,1418.8,1435.2,1435.3,1412.3,18362.0,1435.2,-16.399902,-1.141816,1314.6,2135.0,2975.0,6.12,1477.106,-58.30591,-0.03947307,1580.61,-161.80994,-0.10237183,104.20007,0.07926371,-716.19995,-0.33545664,1314.6 - 2135.0,309774.0,285217.0,309774.0,15278651.0,69771900.0,69771900.0,0.75236,0.06965,24376899584.0,349.38,15904300032.0,202108305408.0,2896.831,,,86243401728.0,0.197,0.078,0.42672002,0.18955,0.15586,0.063829996,1009.286,1.4057462,117226332160.0,7.6754127,3.7986615,184.85,373.5,34.0,2.37,1771545600.0,0.0919,0.39,5:1,0.58,12901300224.0,1352332800.0,0.607
2026-09-28T07:34:48.824317,JUBLFOOD.NS,Jubilant FoodWorks Limited,Restaurants,Consumer Cyclical,NSE,https://www.jubilantfoodworks.com,Noida,201301,,1790580948.0,483.35,484.5,485.6,480.1,401297.0,484.55,-1.1999817,-0.24772537,408.55,635.0,918.0,16.0,475.617,7.7330017,0.016258884,475.35574,7.9942627,0.016817432,74.80002,0.18308657,-151.65,-0.23881888,408.55 - 635.0,2436737.0,1163618.0,2436737.0,388626472.0,,,0.40713,0.46266997,3350060032.0,5.094,49022160896.0,98299723776.0,148.896,,,51696500736.0,0.06,0.137,0.52591,0.14463,0.096829996,0.04415,34.852,13.868645,365303562240.0,85.24691,54.82888,5.67,8.81561,1.2,0.25,1784246400.0,0.2116,0.22,5:1,3.716,3692640000.0,1650326400.0,0.172
2026-09-28T07:34:48.824317,MAHSCOOTER.NS,Maharashtra Scooters Ltd.,Asset Management,Financial Services,NSE,https://www.mahascooters.com,Pune,411014,147085672448.0,1790580873.0,12870.0,13100.0,13100.0,12801.0,1092.0,13052.0,-182.0,-1.3944223,10901.0,18098.0,18538.0,54.0,13300.24,-430.24023,-0.032348305,13038.24,-168.24023,-0.0129036,1969.0,0.18062563,-5228.0,-0.2888717,10901.0 - 18098.0,3970.0,3745.0,3970.0,4897256.0,11428568.0,11428568.0,0.62134,0.07856,1300000.0,0.114,0.0,2893700096.0,253.308,,,2893700096.0,-0.906,-0.815,1.0,0.98463994,0.84103996,0.9625,24180.45,0.5322482,149164376064.0,52.730774,,244.07,,220.0,1.69,1789948800.0,0.9029,2.0,,51.548,2785200128.0,,0.075
2026-09-28T07:34:48.824317,MRF.NS,MRF Limited,Auto Parts,Consumer Cyclical,NSE,https://www.mrftyres.com,Chennai,600006,524099256320.0,1790580753.0,123575.0,124005.0,124035.0,123195.0,964.0,124035.0,-460.0,-0.37086305,122000.0,163600.0,163600.0,779.45,130868.6,-7293.6016,-0.05573225,134399.83,-10824.828,-0.080541976,1575.0,0.012909836,-40025.0,-0.24465159,122000.0 - 163600.0,5164.0,3507.0,5164.0,2454562.0,4241143.0,4241143.0,0.47884998,0.18539,52284600320.0,12327.95,32066600960.0,319024791552.0,75221.51,,,114318696448.0,-0.01,0.096,0.35834,0.14856,0.06452,0.075840004,49454.97,2.4987378,505834078208.0,21.658508,18.456013,5705.61,6695.65,464.0,0.37,1784246400.0,0.041199997,0.18,,1.586,24196200448.0,,0.146
2026-09-28T07:34:48.824317,CHAMBLFERT.NS,Chambal Fertilisers and Chemicals Limited,Agricultural Inputs,Basic Materials,NSE,https://www.chambalfertilisers.com,New Delhi,110025,167592853504.0,1790580949.0,418.3,417.95,419.0,415.5,178984.0,417.95,0.3499756,0.08373623,399.75,524.85,742.2,9.95,430.567,-12.266998,-0.028490337,446.80325,-28.503265,-0.06379377,18.549988,0.04640397,-106.54999,-0.20301037,399.75 - 524.85,488287.0,460701.0,488287.0,197942207.0,400652297.0,400652297.0,0.63266,0.12045,10606600192.0,26.475,10675000320.0,201230696448.0,502.332,,,75493597184.0,-0.046,-0.118,0.37515998,0.13765,0.15151,0.09581,260.107,1.6081843,167326826496.0,8.687434,8.565871,48.15,48.83333,12.0,2.87,1786406400.0,0.2078,2.09,,0.832,19280400384.0,,0.292
2026-09-28T07:34:48.824317,OLAELEC.NS,Ola Electric Mobility Limited,Auto Manufacturers,Consumer Cyclical,NSE,https://www.olaelectric.com,Bengaluru,560095,168528478208.0,1790580949.0,38.14,38.21,38.95,37.68,63004789.0,38.48,-0.34000015,-0.88403577,22.25,58.65,157.4,22.25,38.5336,-0.39360046,-0.010214474,35.7995,2.3404999,0.065378,15.889999,0.7141573,-20.510002,-0.34970164,22.25 - 58.65,78018588.0,140336107.0,78018588.0,2135033600.0,4418680703.0,4418680703.0,0.39256,0.24441999,15420000256.0,3.442,27630000128.0,18800001024.0,4.25,,,6140000256.0,,-0.45,0.3266,-0.41449,-0.64176005,-0.92606,7.573,5.036313,184600395776.0,,-12.752696,-3.94,-2.99074,,,,0.0,,,9.819,-17410000896.0,,1.366
2026-09-28T07:34:48.824317,TITAN.NS,Titan Company Limited,Luxury Goods,Consumer Cyclical,NSE,https://www.titancompany.in,Bengaluru,560100,4283056521216.0,1790580949.0,4827.0,4881.0,4881.0,4814.5,352044.0,4884.0,-57.0,-1.1669567,3327.0,5186.7,5186.7,1.35,4957.248,-130.24805,-0.026274264,4407.9727,419.02734,0.09506124,1500.0,0.45085663,-359.7002,-0.06935049,3327.0 - 5186.7,795236.0,664633.0,795236.0,324929735.0,887312335.0,887312335.0,0.58761,0.21936001,38610001920.0,43.49,306210013184.0,924169994240.0,1041.8,,,189219995648.0,0.628,0.293,0.20475,0.0962,0.123339996,0.062319998,176.878,27.289995,4603547484160.0,74.30727,54.2803,64.96,88.92729,15.0,0.31,1783555200.0,0.16950001,0.28,10:1,4.981,57590001664.0,1308787200.0,0.184
2026-09-28T07:34:48.824317,J&KBANK.NS,Jammu and Kashmir Bank Limited,Banks - Regional,Financial Services,NSE,https://jkb.bank.in,Srinagar,190001,158856577024.0,1790580948.0,144.26,145.51,145.88,143.05,778002.0,146.1,-1.8400116,-1.2601093,97.35,201.75,201.75,7.77,154.3584,-10.098404,-0.0654218,133.94785,10.312149,0.0769863,46.909996,0.48186952,-57.490005,-0.28495666,97.35 - 201.75,4373719.0,2086545.0,4373719.0,415043126.0,1101182463.0,1101182463.0,0.64322996,0.12069,80894001152.0,73.386,43810000896.0,67329699840.0,61.108,0.01248,0.14609,67329699840.0,-0.116,-0.043,0.0,0.0,0.38034,0.34216,154.252,0.93522286,123964022784.0,6.8990912,5.7246027,20.91,25.2,2.15,1.43,1755561600.0,0.1028,3.22,10:1,1.841,23037800448.0,1409788800.0,0.46
2026-09-28T07:34:48.824317,KOTAKBANK.NS,Kotak Mahindra Bank Limited,Banks - Regional,Financial Services,NSE,https://www.kotak.bank.in,Mumbai,400051,3985618763776.0,1790580949.0,400.65,402.0,402.05,395.75,9300847.0,404.0,-3.350006,-0.8291068,345.5,453.2,460.38,0.26,403.263,-2.6130066,-0.0064796587,398.09134,2.5586548,0.0064273058,55.149994,0.15962371,-52.55002,-0.11595326,345.5 - 453.2,14000850.0,11563513.0,14000850.0,7330445204.0,9947881278.0,9947881278.0,0.30533,0.47204,729322225664.0,73.325,1115291254784.0,712962932736.0,71.687,,,712962932736.0,0.225,0.21,0.0,0.0,0.34761003,0.28467,182.201,2.198945,4404340588544.0,19.639706,17.055853,20.4,23.49047,0.65,0.16,1784246400.0,0.024500001,0.09,5:1,6.178,202961731584.0,1768348800.0,0.285
2026-09-28T07:34:48.824317,DALBHARAT.NS,Dalmia Bharat Limited,Building Materials,Basic Materials,NSE,https://www.dalmiabharat.com,New Delhi,110001,312568446976.0,1790580933.0,1665.0,1692.0,1698.5,1650.0,49585.0,1700.2,-35.19995,-2.0703418,1605.0,2319.9,2548.4,402.7,1802.682,-137.682,-0.0763762,1888.831,-223.83105,-0.11850242,60.0,0.037383176,-654.8999,-0.28229663,1605.0 - 2319.9,239617.0,110369.0,239617.0,74139194.0,187728794.0,187565953.0,0.61146,0.2918,53210001408.0,283.687,74280001536.0,150580002816.0,802.872,,,92589998080.0,-0.521,0.07,0.61489,0.1895,0.11414,0.062030002,958.543,1.7370112,341409628160.0,33.420315,22.839046,49.82,72.90147,10.0,0.59,1782172800.0,0.18040001,0.45,,2.267,9349999616.0,,0.189
2026-09-28T07:34:48.824317,TIINDIA.NS,Tube Investments of India Limited,Conglomerates,Industrials,NSE,https://tiindia.com,Chennai,600032,475549106176.0,1790580932.0,2456.7,2508.0,2523.2,2451.7,85513.0,2511.1,-54.400146,-2.166387,2164.9,3335.2,4810.8,212.0,2748.492,-291.792,-0.106164396,2747.9495,-291.2495,-0.10598794,291.80005,0.13478686,-878.5,-0.2634025,2164.9 - 3335.2,309295.0,148640.0,309295.0,108275410.0,193572320.0,193572320.0,0.44042,0.38255,39856799744.0,205.922,7616099840.0,230951206912.0,1193.421,,,72834998272.0,-0.153,0.168,0.31537,0.09445,0.06048,0.02626,400.48,6.1343884,518295519232.0,78.26378,33.042366,31.39,74.35,3.5,0.14,1786060800.0,0.111899994,0.13,,2.244,6045700096.0,,-0.001
2026-09-28T07:34:48.824317,GLENMARK.NS,Glenmark Pharmaceuticals Limited,Drug Manufacturers - Specialty & Generic,Healthcare,NSE,https://glenmarkpharma.com,Mumbai,400099,657837457408.0,1790580947.0,2330.9,2380.0,2392.5,2328.6,744208.0,2380.0,-49.100098,-2.062336,1792.6,2537.6,2537.6,0.925,2347.25,-16.350098,-0.0069656395,2204.5405,126.359375,0.057317782,538.2999,0.30029005,-206.7002,-0.08145499,1792.6 - 2537.6,537002.0,485568.0,537002.0,141617251.0,282224672.0,282224672.0,0.48958,0.27438,11762570240.0,41.675,5935269888.0,177365532672.0,628.592,,,127588679680.0,9.307,0.231,0.71935,0.27241,0.15718001,0.10137,372.475,6.2578692,665916538880.0,36.545937,23.865795,63.78,97.66697,7.5,0.32,1788134400.0,0.0785,0.34,2:1,3.754,17979039744.0,1189382400.0,0.26
2026-09-28T07:34:48.824317,GODFRYPHLP.NS,Godfrey Phillips India Limited,Tobacco,Consumer Defensive,NSE,https://www.godfreyphillips.co.in,New Delhi,110025,303727673344.0,1790580923.0,1947.2,1961.7,1993.4,1936.0,193684.0,1970.4,-23.200073,-1.1770711,1832.1,3540.0,3947.0,15.61,2092.598,-145.39795,-0.06948203,2158.2876,-211.08765,-0.0978033,115.099976,0.06282407,-1592.8,-0.4499435,1832.1 - 3540.0,328518.0,149785.0,328518.0,46342469.0,155981760.0,155981760.0,0.73544,0.11612,5983799808.0,38.366,2336800000.0,61104201728.0,391.779,,,26644899840.0,-0.443,-0.189,0.43605998,0.2343,0.12206,0.22389999,398.293,4.888863,303736750080.0,22.208029,17.370205,87.68,112.1,50.0,2.54,1786406400.0,0.42200002,1.64,3:1,4.971,13674399744.0,1757980800.0,0.32
2026-09-28T07:34:48.824317,KARURVYSYA.NS,The Karur Vysya Bank Limited,Banks - Regional,Financial Services,NSE,https://www.kvb.bank.in,Karur,639002,311025205248.0,1790580951.0,321.75,326.45,327.0,321.0,489218.0,327.95,-6.200012,-1.8905357,204.8,358.65,358.65,0.696806,336.845,-15.095001,-0.0448129,302.31665,19.43335,0.06428144,116.95,0.5710449,-36.899994,-0.102885805,204.8 - 358.65,3636270.0,1793694.0,3636270.0,921787774.0,966667248.0,966667248.0,0.00532,0.42683,8922755072.0,9.231,26225606656.0,66443173888.0,68.74,,,66443173888.0,0.45,0.26,0.0,0.0,0.56661,0.41307,145.947,2.2045674,334315716608.0,11.329226,9.7668915,28.4,32.94293,2.6,0.79,1784851200.0,0.0763,1.16,6:5,5.032,27445815296.0,1756166400.0,-0.13
2026-09-28T07:34:48.824317,THELEELA.NS,Leela Palaces Hotels & Resorts Limited,Lodging,Consumer Cyclical,NSE,https://www.theleela.com,Mumbai,400070,180504231936.0,1790580930.0,540.5,546.15,546.95,536.15,172461.0,546.15,-5.6500244,-1.035277,384.5,582.85,582.85,382.5,523.044,17.455994,0.03337385,455.85,84.649994,0.18569703,156.0,0.40572172,-42.349976,-0.07266016,384.5 - 582.85,477880.0,196373.0,477880.0,76676564.0,333957878.0,333957878.0,0.75907,0.12542,3349169920.0,10.021,18109509632.0,16044560384.0,47.919,,,11720590336.0,3.867,0.281,0.73050004,0.48299998,0.31457,0.27621,192.916,2.8017375,197784453120.0,39.91876,29.504047,13.54,18.31952,,,,0.0,,,12.327,4431640064.0,,
2026-09-28T07:34:48.824317,IGL.NS,Indraprastha Gas Limited,Utilities - Regulated Gas,Utilities,NSE,https://www.iglonline.net,New Delhi,110022,201544237056.0,1790580952.0,143.96,144.98,145.1,143.0,626701.0,144.95,-0.98999023,-0.6829874,141.74,223.5,301.025,5.565,150.9162,-6.956192,-0.046093076,162.4499,-18.489899,-0.11381908,2.2200012,0.01566249,-79.53999,-0.35588363,141.74 - 223.5,2017790.0,1572637.0,2017790.0,698363095.0,1400001600.0,1400001600.0,0.50036,0.41207,43097800704.0,30.834,977500032.0,168403206144.0,105.921,,,35720900608.0,-0.438,0.172,0.21212,0.09711,0.03411,0.080819994,82.239,1.7505078,160481034240.0,15.767799,10.507715,9.13,13.70041,3.0,2.07,1790726400.0,0.5203,2.19,2:1,0.953,13609799680.0,1738281600.0,0.522
2026-09-28T07:34:48.824317,ADANIENT.NS,Adani Enterprises Limited,Thermal Coal,Energy,NSE,https://www.adanienterprises.com,Ahmedabad,382421,4028864659456.0,1790580945.0,2831.3,2924.0,2924.0,2830.3,843555.0,2916.5,-85.19995,-2.921308,1753.0,3245.0,4190.0,0.85834,3013.194,-181.89404,-0.060365856,2556.5076,274.79248,0.10748745,1078.3,0.61511695,-413.69995,-0.12748843,1753.0 - 3245.0,1631595.0,983222.0,1631595.0,352889373.0,1422973444.0,1352949234.0,0.74998003,0.18377,98084003840.0,75.876,1066217897984.0,1114313850880.0,902.471,,,482564800512.0,,0.499,0.43306,0.1342,0.09395,0.06546,626.031,4.5226197,4820765245440.0,49.27428,43.002735,57.46,65.84,1.3,0.04,1781222400.0,0.0226,0.05,2:1,4.326,71852802048.0,1260403200.0,0.797
2026-09-28T07:34:48.824317,JSWINFRA.NS,JSW Infrastructure Limited,Marine Shipping,Industrials,NSE,https://www.jsw.in/infrastructure,Mumbai,400051,815631499264.0,1790580948.0,352.3,362.95,363.35,351.8,1473913.0,362.05,-9.75,-2.6929984,233.42,375.5,375.5,142.2,336.628,15.671997,0.046555836,290.92444,61.37555,0.21096732,118.87999,0.5092965,-23.200012,-0.06178432,233.42 - 375.5,3773461.0,7406220.0,3773461.0,487135489.0,2315161753.0,2315161753.0,0.74142,0.15574001,23128999936.0,11.092,68989198336.0,55882498048.0,26.786,,,29518600192.0,-0.103,0.181,0.52823,0.4759,0.35162997,0.26578,52.166,6.753441,808945385472.0,49.619717,31.452408,7.1,11.20105,0.9,0.25,1781740800.0,0.1269,,,14.476,14852599808.0,,0.563
2026-09-28T07:34:48.824317,DELHIVERY.NS,Delhivery Limited,Integrated Freight & Logistics,Industrials,NSE,https://www.delhivery.com,Gurugram,122001,304475799552.0,1790580953.0,406.35,421.3,421.9,405.8,2932259.0,422.7,-16.350006,-3.8666208,374.45,524.0,708.0,236.53,455.994,-49.643982,-0.10886981,445.9105,-39.560486,-0.088718444,31.899994,0.08519159,-117.649994,-0.22452289,374.45 - 524.0,3935481.0,3138035.0,3935481.0,616728140.0,749294369.0,749294369.0,0.19861001,0.56931996,19824910336.0,26.718,14625710080.0,111450357760.0,149.129,,,94641733632.0,-0.65,0.278,0.84918,0.025090002,-0.01606,0.00839,129.789,3.1308508,308444200960.0,330.36584,36.91775,1.23,11.0069,,,,0.0,,,2.768,935360000.0,,0.166
2026-09-28T07:34:48.824317,JKCEMENT.NS,J.K. Cement Limited,Building Materials,Basic Materials,NSE,https://www.jkcement.com,Kanpur,208001,384950403072.0,1790580923.0,4982.0,4975.0,5020.0,4954.5,7641.0,5000.0,-18.0,-0.36007202,4671.5,6764.5,7565.5,31.25,5258.23,-276.22998,-0.05253288,5408.7275,-426.72754,-0.078896105,310.5,0.066466875,-1782.5,-0.26350802,4671.5 - 6764.5,57225.0,44070.0,57225.0,34163384.0,77268251.0,77268251.0,0.54268,0.38087,10534800384.0,136.341,62055698432.0,144160505856.0,1864.907,,,90605297664.0,-0.145,0.28,0.6285,0.1611,0.1193,0.06559,910.756,5.470181,438392750080.0,40.669388,25.579327,122.5,194.76666,20.0,0.4,1783641600.0,0.122600004,0.4,,3.041,9455399936.0,,0.399
2026-09-28T07:34:48.824317,NAM-INDIA.NS,Nippon Life India Asset Management Limited,Asset Management,Financial Services,NSE,,Mumbai,400 013,706926346240.0,1790580946.0,1104.5,1155.0,1155.0,1099.9,541956.0,1157.0,-52.5,-4.537205,795.8,1269.5,1269.5,127.2,1175.578,-71.078,-0.060462177,1030.8567,73.64331,0.07143894,308.7,0.38791156,-165.0,-0.12997243,795.8 - 1269.5,1073170.0,952548.0,1073170.0,178391708.0,640041982.0,640041982.0,0.00562,0.89751,39300001792.0,61.588,753400000.0,31175399424.0,48.934,,,25929500672.0,0.264,0.245,0.83172995,0.68566,0.71078,0.52507997,73.014,15.127235,699753627648.0,43.79461,33.005943,25.22,33.46367,21.5,1.86,1782345600.0,0.85150003,2.93,,22.446,16369600512.0,,0.63
2026-09-28T07:34:48.824317,SUNTV.NS,Sun TV Network Limited,Broadcasting,Communication Services,NSE,https://www.suntv.in,Chennai,600028,206185070592.0,1790580951.0,523.2,510.6,533.0,506.1,1053079.0,513.2,10.0,1.9483682,447.2,660.7,1097.8,122.15,480.051,43.149017,0.08988424,540.0595,-16.859497,-0.03121785,76.0,0.16994633,-137.5,-0.2081126,447.2 - 660.7,535910.0,1272439.0,535910.0,84811034.0,394084620.0,394084620.0,0.78472,0.1472,65495998464.0,166.275,1059299968.0,45024198656.0,114.35,,,30379999232.0,0.17,0.13,0.67475,0.55379003,0.43866003,0.33966,321.506,1.6273413,137878798336.0,12.883527,11.757303,40.61,44.5,20.0,3.9,1787011200.0,0.3218,2.62,2:1,3.062,15292999680.0,1185148800.0,0.13
2026-09-28T07:34:48.824317,APOLLOHOSP.NS,Apollo Hospitals Enterprise Limited,Medical Care Facilities,Healthcare,NSE,https://www.apollohospitals.com,Chennai,600006,1275729412096.0,1790580950.0,8872.5,8889.0,8902.5,8804.0,279713.0,8889.0,-16.5,-0.1856018,6696.5,9070.5,9070.5,45.6,8838.56,33.94043,0.0038400409,8030.68,841.8198,0.10482547,2176.0,0.32494587,-198.0,-0.021829005,6696.5 - 9070.5,323052.0,312963.0,323052.0,99601070.0,143784657.0,143784657.0,0.2839,0.50501996,18559000576.0,129.075,84929003520.0,264299003904.0,1838.204,,,93047996416.0,0.341,0.206,0.35206002,0.13977,0.12167,0.07906,659.326,13.456924,1349415862272.0,61.23611,40.72063,144.89,217.8871,20.0,0.22,1786665600.0,0.1377,0.23,2:1,5.106,20896000000.0,1283385600.0,0.197
2026-09-28T07:34:48.824317,ANANTRAJ.NS,Anant Raj Limited,Real Estate - Development,Real Estate,NSE,https://www.anantrajlimited.com,New Delhi,110001,221684187136.0,1790580949.0,616.0,615.0,619.8,601.8,717137.0,617.4,-1.4000244,-0.22661449,403.0,743.65,947.9,5.468965,612.667,3.3330078,0.005440162,542.895,73.10498,0.13465768,213.0,0.52853596,-127.650024,-0.17165336,403.0 - 743.65,2640041.0,1851303.0,2640041.0,112209627.0,359876930.0,359876930.0,0.6339,0.11302,9010909184.0,25.039,6809587200.0,25505900544.0,71.812,,,7917120000.0,0.134,0.066,0.3104,0.26591998,0.26478,0.22770001,160.852,3.8296072,220287352832.0,37.791412,21.69778,16.3,28.39,1.0,0.16,1785456000.0,0.0448,0.14,5:1,8.637,5807784960.0,1191801600.0,0.352
2026-09-28T07:34:48.824317,AMBUJACEM.NS,Ambuja Cements Limited,Building Materials,Basic Materials,NSE,https://www.ambujacement.com,Ahmedabad,382421,930564014080.0,1790580950.0,374.5,383.8,383.8,374.25,1036043.0,383.8,-9.299988,-2.4231339,374.25,588.75,706.95,6.345333,412.236,-37.735992,-0.09153978,455.08875,-80.588745,-0.17708358,0.25,0.0006680027,-214.25,-0.3639066,374.25 - 588.75,2257332.0,1244851.0,2257332.0,810263736.0,2484817186.0,2484817186.0,0.69352996,0.22994,9089500160.0,3.677,8659300352.0,398666792960.0,161.063,,,226522791936.0,-0.275,-0.077,0.5682,0.15627,0.07947,0.11128,240.095,1.5597992,1073244864512.0,20.980392,25.807758,17.85,14.51114,2.0,0.52,1781222400.0,0.1121,1.19,5:1,2.692,44361801728.0,1119225600.0,0.208
2026-09-28T07:34:48.824317,ENDURANCE.NS,Endurance Technologies Limited,Auto Parts,Consumer Cyclical,NSE,https://www.endurancegroup.com,Aurangabad,431136,375049355264.0,1790580952.0,2666.3,2646.0,2671.0,2606.5,22987.0,2645.9,20.400146,0.77100974,2142.8,3072.0,3079.9,518.75,2816.654,-150.354,-0.05338036,2588.62,77.67993,0.03000824,523.5,0.2443065,-405.69995,-0.13206379,2142.8 - 3072.0,127311.0,88551.0,127311.0,25648464.0,140662848.0,140662848.0,0.75001,0.20503001,18893699072.0,134.319,13266599936.0,155918794752.0,1108.432,,,64597499904.0,0.08,0.3,0.4143,0.12895,0.07275,0.0622,486.327,5.4825253,366552743936.0,38.60846,25.95601,69.06,102.7238,11.5,0.43,1785456000.0,0.145,0.4,,2.351,9698799616.0,,0.724
2026-09-28T07:34:48.824317,UCOBANK.NS,UCO Bank,Banks - Regional,Financial Services,NSE,https://www.uco.bank.in,Kolkata,700001,293300273152.0,1790580950.0,23.39,23.87,23.87,23.38,1631055.0,23.9,-0.5100002,-2.1338923,22.22,34.2,152.4,8.4,25.331,-1.941,-0.07662548,26.55475,-3.164751,-0.11917834,1.1700001,0.052655272,-10.810001,-0.3160819,22.22 - 34.2,4349691.0,3044507.0,4349691.0,1110569169.0,12539558979.0,12539558979.0,0.90950996,0.02616,218040205312.0,17.275,248677302272.0,130761711616.0,10.435,0.00735,0.08541001,130761711616.0,0.083,0.53,0.0,0.0,0.60444,0.21541001,26.961,0.86754936,332291866624.0,10.3955555,16.707142,2.25,1.4,0.44,1.84,1777852800.0,0.19559999,3.99,,2.541,28167387136.0,,0.697
2026-09-28T07:34:48.824317,ADANIPORTS.NS,Adani Ports and Special Economic Zone Limited,Marine Shipping,Industrials,NSE,https://www.adaniports.com,Ahmedabad,382421,4003359096832.0,1790580949.0,1737.6,1788.0,1791.8,1737.5,827528.0,1788.0,-50.400024,-2.8183203,1292.0,1891.1,1891.1,50.73,1725.116,12.484009,0.00723662,1623.25,114.349976,0.07044508,445.59998,0.3448916,-153.5,-0.08116969,1292.0 - 1891.1,2120637.0,1607953.0,2120637.0,872601469.0,2303959098.0,2303959098.0,0.66060996,0.23535,72847302656.0,31.618,633989890048.0,404304297984.0,180.889,,,260379099136.0,0.024,0.186,0.64402,0.57613,0.4463,0.32431,416.495,4.171959,4710848790528.0,29.626596,22.228308,58.65,78.17059,7.5,0.42,1781222400.0,0.128,0.55,5:1,11.652,131120201728.0,1285200000.0,0.493
2026-09-28T07:34:48.824317,ABFRL.NS,Aditya Birla Fashion and Retail Limited,Apparel Manufacturing,Consumer Cyclical,NSE,https://www.abfrl.com,Mumbai,400070,58441809920.0,1790580949.0,48.03,49.24,49.6,48.0,2075799.0,49.14,-1.1100006,-2.2574751,47.88,88.99,364.4,47.88,54.5978,-6.5678024,-0.120294265,62.1275,-14.0975,-0.2269124,0.14999771,0.0031327843,-40.96,-0.46027642,47.88 - 88.99,5703028.0,4477811.0,5703028.0,550769881.0,1216777241.0,1216777241.0,0.55489,0.12954001,11319300096.0,9.301,61891100672.0,83710197760.0,68.823,,,45876699136.0,,0.106,0.54804003,-0.0378,-0.114930004,-0.09308,47.98,1.0010421,114612731904.0,,-8.413931,-6.41,-5.70839,,,,0.0,,,1.369,-7791499776.0,,0.006
2026-09-28T07:34:48.824317,POWERINDIA.NS,Hitachi Energy India Limited,Electrical Equipment & Parts,Industrials,NSE,https://www.hitachienergy.com/in/en,Bengaluru,560 092,1345639677952.0,1790580951.0,30190.0,30995.0,30995.0,30165.0,36463.0,31035.0,-845.0,-2.72361,16111.0,38785.0,38785.0,680.0,32560.4,-2370.4004,-0.0728001,28602.395,1587.6055,0.055506032,14079.0,0.873875,-8595.0,-0.22160628,16111.0 - 38785.0,129569.0,92477.0,129569.0,12647854.0,44572363.0,44572363.0,0.71536005,0.10107,46891700224.0,1052.035,861000000.0,91624996864.0,2055.53,,,35724001280.0,1.235,0.686,0.38989,0.16264999,0.15841,0.12555,1161.249,25.99787,1337272565760.0,117.20176,60.173367,257.59,501.71698,8.0,0.03,1787270400.0,0.0232,0.05,,14.595,11503899648.0,,0.568
2026-09-28T07:34:48.824317,RKFORGE.NS,Ramkrishna Forgings Limited,Metal Fabrication,Industrials,NSE,https://ramkrishnaforgings.com,Kolkata,700017,131517251584.0,1790580940.0,710.1,701.2,715.45,690.15,481460.0,704.5,5.5999756,0.7948865,460.15,772.8,1064.05,4.1,698.752,11.347961,0.016240327,584.9575,125.142456,0.21393426,249.94998,0.5431924,-62.700012,-0.08113356,460.15 - 772.8,1381493.0,457649.0,1381493.0,86517222.0,185209483.0,185209483.0,0.56314,0.19363001,1664913024.0,9.163,24487675904.0,44394872832.0,245.371,,,19579238400.0,2.892,0.198,0.44102,0.16129999,0.09783,0.02408,181.758,3.9068432,150834233344.0,121.38461,35.445927,5.85,20.03333,2.0,0.28,1778198400.0,0.1715,0.29,5:1,3.398,1068873024.0,1647216000.0,0.424
2026-09-28T07:34:48.824317,AEGISLOG.NS,Aegis Logistics Limited,Oil & Gas Refining & Marketing,Energy,NSE,https://aegisindia.com,Mumbai,400013,466128011264.0,1790580954.0,1328.0,1366.6,1366.6,1327.0,187642.0,1365.4,-37.400024,-2.7391257,576.1,1528.7,1528.7,0.431999,1330.102,-2.1020508,-0.001580368,913.7327,414.26727,0.45337903,751.9,1.3051554,-200.69995,-0.13128799,576.1 - 1528.7,1547454.0,1080902.0,1547454.0,122039190.0,351000000.0,351000000.0,0.67539,0.15116,44138561536.0,125.751,41499369472.0,89706553344.0,255.589,,,23753871360.0,2.69,0.371,0.26479998,0.21219,0.28032,0.13949001,172.508,7.698194,503909154816.0,37.261505,31.578974,35.64,42.0533,13.4,0.98,1783641600.0,0.1683,1.19,10:1,5.617,12512738304.0,1442361600.0,0.54
2026-09-28T07:34:48.824317,AIIL.NS,Authum Investment & Infrastructure Limited,Capital Markets,Financial Services,NSE,https://www.authum.com,Mumbai,400028,464908484608.0,1790580926.0,547.45,555.9,556.95,546.5,61742.0,559.6,-12.149963,-2.1696365,400.0,683.0,683.0,146.44,548.972,-1.5219727,-0.002772405,518.4438,29.006226,0.05594864,147.45001,0.36862504,-135.54999,-0.19846265,400.0 - 683.0,509683.0,247921.0,509683.0,166101455.0,849225500.0,849225500.0,0.8307,0.0714,4867500032.0,5.72,36309700608.0,25575999488.0,30.055,,,25028700160.0,0.175,0.141,0.9786,0.0,0.92406,0.82054,173.427,3.1566596,508026978304.0,28.602406,,19.14,,0.2,0.04,1747353600.0,0.0,,5:1,19.863,20986200064.0,1768262400.0,-0.022
2026-09-28T07:34:48.824317,ASTRAL.NS,Astral Limited,Building Products & Equipment,Industrials,NSE,https://astralltd.com,Ahmedabad,380059,368588029952.0,1790580950.0,1372.0,1392.9,1392.9,1367.1,135566.0,1399.0,-27.0,-1.9296741,1311.6,1768.7,2454.0,1.35225,1465.54,-93.54004,-0.06382633,1509.5615,-137.56152,-0.09112681,60.400024,0.046050645,-396.69995,-0.224289,1311.6 - 1768.7,974951.0,529849.0,974951.0,120124234.0,268650163.0,268650163.0,0.54336,0.28832,9445999616.0,35.161,2503000064.0,67854000128.0,252.603,,,26895998976.0,0.48,0.159,0.39638,0.15875,0.09873,0.084809996,151.048,9.083205,368898572288.0,64.11215,40.738182,21.4,33.67848,4.0,0.29,1786665600.0,0.1751,0.19,4:3,5.437,5754999808.0,1678752000.0,0.173
2026-09-28T07:34:48.824317,ULTRACEMCO.NS,UltraTech Cement Limited,Building Materials,Basic Materials,NSE,https://www.ultratechcement.com,Mumbai,400093,3233806811136.0,1790580955.0,10993.0,11155.0,11155.0,10986.0,153096.0,11155.0,-162.0,-1.4520032,10325.0,13110.0,13110.0,245.25,11524.18,-531.1797,-0.046092626,11721.92,-728.9199,-0.062184345,668.0,0.06469734,-2117.0,-0.16147979,10325.0 - 13110.0,257089.0,266499.0,257089.0,113658195.0,294169635.0,294169635.0,0.61939996,0.22649999,51199700992.0,174.048,237550895104.0,918842769408.0,3123.905,,,536569511936.0,0.168,0.159,0.58396,0.19309999,0.15478,0.092930004,2605.102,4.219796,3508698873856.0,37.902977,25.43928,290.03,432.127,240.0,2.15,1785369600.0,0.26709998,0.6,,3.819,85390196736.0,,0.495
2026-09-28T07:34:48.824317,RADICO.NS,Radico Khaitan Limited,Beverages - Wineries & Distilleries,Consumer Defensive,NSE,https://www.radicokhaitan.com,New Delhi,110044,606166515712.0,1790580955.0,4524.0,4545.0,4550.7,4502.0,73484.0,4557.1,-33.100098,-0.7266761,2500.0,4747.0,4747.0,28.35,4465.558,58.441895,0.013087254,3501.196,1022.80396,0.29212987,2024.0,0.8096,-223.0,-0.04697704,2500.0 - 4747.0,362627.0,293027.0,362627.0,76933735.0,133989065.0,133989065.0,0.44035,0.3234,871516992.0,6.509,4984484864.0,62280757248.0,465.239,,,28616110080.0,0.76,0.118,0.45946997,0.17586,0.18275,0.11297,247.631,18.26912,614299271168.0,86.319405,56.74547,52.41,79.72443,9.0,0.2,1784851200.0,0.0762,0.19,1:10,9.863,7035586048.0,1044576000.0,0.496
2026-09-28T07:34:48.824317,NUVOCO.NS,Nuvoco Vistas Corporation Limited,Building Materials,Basic Materials,NSE,https://www.nuvoco.com,Mumbai,400070,117432942592.0,1790580886.0,328.8,335.4,337.6,328.75,141043.0,335.45,-6.6500244,-1.9824189,276.25,439.85,577.9,260.25,336.337,-7.537018,-0.022409124,326.563,2.2369995,0.006850132,52.549988,0.1902262,-111.05002,-0.25247246,276.25 - 439.85,1650895.0,292374.0,1650895.0,99998323.0,357156153.0,357156153.0,0.72018,0.26931,962600000.0,2.693,49160998912.0,115942998016.0,324.812,,,73828900864.0,0.198,0.089,0.63677,0.16708,0.10953,0.03329,286.392,1.1480768,168089878528.0,30.444443,19.490726,10.8,16.86956,,,,0.0,,,1.45,3859500032.0,,0.322
2026-09-28T07:34:48.824317,EMCURE.NS,Emcure Pharmaceuticals Limited,Drug Manufacturers - Specialty & Generic,Healthcare,NSE,https://www.emcure.com,Pune,411057,364927385600.0,1790580952.0,1923.6,1935.0,1948.8,1918.1,27470.0,1950.6,-27.0,-1.3841186,1260.0,2100.7,2100.7,889.0,1924.31,-0.710083,-0.00036900654,1686.0315,237.56848,0.14090393,663.6,0.52666664,-177.09998,-0.08430522,1260.0 - 2100.7,165881.0,299727.0,165881.0,41752747.0,189710647.0,189710647.0,0.81754,0.09561,1475209984.0,7.778,15212409856.0,96834502656.0,510.807,,,57552478208.0,0.419,0.228,0.59433997,0.19668,0.15443,0.104449995,261.124,7.3666153,383963201536.0,35.988773,24.786018,53.45,77.60827,3.6,0.18,1788480000.0,0.056199998,,,3.965,10113880064.0,,-0.068
2026-09-28T07:34:48.824317,DEVYANI.NS,Devyani International Limited,Restaurants,Consumer Cyclical,NSE,https://www.dil-rjcorp.com,Gurugram,122001,161921990656.0,1790580938.0,131.33,134.73,135.17,131.05,2055031.0,135.02,-3.6900024,-2.7345505,91.55,172.74,227.5,91.55,133.6152,-2.285202,-0.01710286,122.1224,9.207603,0.075396515,39.78,0.43451664,-41.410004,-0.23972446,91.55 - 172.74,4098846.0,1817516.0,4098846.0,461267435.0,1232939791.0,1232939791.0,0.65422994,0.21211,4949009920.0,4.014,38331461632.0,58350260224.0,47.615,,,29628010496.0,3.0,0.165,0.50776,0.104490004,0.04709,-0.0047400002,12.505,10.502199,203287855104.0,,126.683266,-0.22,1.03668,,,,0.0,,,3.484,-278660000.0,,0.348
2026-09-28T07:34:48.824317,WOCKPHARMA.NS,Wockhardt Limited,Drug Manufacturers - Specialty & Generic,Healthcare,NSE,https://www.wockhardt.com,Mumbai,400051,356832804864.0,1790580956.0,2196.0,2267.0,2267.0,2188.0,479415.0,2265.6,-69.6001,-3.0706828,1086.7,2422.3,2422.3,61.301903,1997.27,198.72998,0.099500805,1643.3215,552.67847,0.33631793,1109.3,1.020797,-226.30005,-0.09342363,1086.7 - 2422.3,882968.0,1266925.0,882968.0,76589059.0,162492169.0,162492169.0,0.5102,0.13407,6800000000.0,41.848,22329999360.0,36529999872.0,225.132,,,23800000512.0,,0.259,0.65152,0.20482999,0.14316,0.11196,304.435,7.2133627,387742269440.0,87.3161,,25.15,,,,1479340800.0,0.0,,,10.614,4089999872.0,,0.974
2026-09-28T07:34:48.824317,COLPAL.NS,Colgate-Palmolive (India) Limited,Household & Personal Products,Consumer Defensive,NSE,https://www.colgatepalmolive.co.in,Mumbai,400076,504016568320.0,1790580953.0,1853.1,1852.3,1857.2,1833.0,106605.0,1855.8,-2.7000732,-0.14549376,1782.0,2329.9,3890.0,51.075,1940.924,-87.823975,-0.04524854,2037.3865,-184.2865,-0.0904524,71.099976,0.039898977,-476.79993,-0.20464395,1782.0 - 2329.9,389729.0,564473.0,389729.0,132122461.0,271985634.0,271985634.0,0.51410997,0.21978001,14260400128.0,52.431,474100000.0,62042800128.0,228.084,,,42767400960.0,0.07,0.118,0.68931997,0.30302998,0.27678,0.21722999,58.242,31.817245,490964647936.0,37.398586,31.708452,49.55,58.44183,48.0,2.59,1780272000.0,0.96870005,2.19,2:1,7.913,13477699584.0,1442966400.0,0.503
2026-09-28T07:34:48.824317,ASTERDM.NS,Aster DM Quality Care Limited,Medical Care Facilities,Healthcare,NSE,https://www.asterqualitycare.com,Bengaluru,560022,650485563392.0,1790580955.0,746.25,759.4,763.0,739.0,294579.0,759.4,-13.150024,-1.7316334,519.1,891.3,891.3,78.0,790.32,-44.070007,-0.05576223,708.353,37.896973,0.05350012,227.15002,0.43758434,-145.04999,-0.16273981,519.1 - 891.3,2335905.0,1016507.0,2335905.0,346155168.0,871672439.0,871672439.0,0.64261,0.21,13267699712.0,25.61,22196600832.0,48760299520.0,94.323,,,28581500928.0,-0.814,0.216,0.58616,0.19906999,0.1488,0.065359995,88.795,8.40419,404925480960.0,121.34146,37.232727,6.15,20.04285,4.0,0.53,1775088000.0,0.6494,,,8.304,3186800128.0,,-0.076
2026-09-28T07:34:48.824317,WHIRLPOOL.NS,Whirlpool of India Limited,"Furnishings, Fixtures & Appliances",Consumer Cyclical,NSE,https://corporate.whirlpool.in,Gurugram,122 002,115186556928.0,1790580954.0,907.55,910.0,932.0,889.85,3260961.0,918.9,-11.350037,-1.235042,706.0,1437.0,2787.0,14.0,788.843,118.70697,0.15048237,835.3295,72.22046,0.086457446,201.54999,0.28548157,-529.45,-0.3684412,706.0 - 1437.0,1120832.0,5447022.0,1120832.0,75999270.0,126920341.0,126871830.0,0.42369998,0.40443,25527500800.0,201.233,3586899968.0,83286302720.0,656.336,,,26969499648.0,-0.294,0.121,0.32382,0.03966,0.031040002,0.03013,327.871,2.7680094,94627135488.0,45.928642,26.081121,19.76,34.7972,5.0,0.54,1787875200.0,0.2529,0.37,,1.136,2508999936.0,,0.361
2026-09-28T07:34:48.824317,FORCEMOT.NS,Force Motors Limited,Auto Manufacturers,Consumer Cyclical,NSE,https://www.forcemotors.com,Pune,411035,224984678400.0,1790580933.0,17075.0,17321.0,17359.0,17060.0,37710.0,17388.0,-313.0,-1.7993677,14911.0,26450.0,26450.0,591.2,17778.22,-703.2207,-0.03955518,19722.94,-2647.9395,-0.13425684,2164.0,0.14512776,-9375.0,-0.35444236,14911.0 - 26450.0,87589.0,56271.0,87589.0,4664683.0,13176262.0,13176262.0,0.63240004,0.06364,8315899904.0,631.142,0.0,91998101504.0,6982.239,,,28605900800.0,0.228,0.062,0.31094,0.16022,0.10262,0.13607,3127.617,5.4594283,220812197888.0,17.985422,,949.38,,50.0,0.29,1788912000.0,0.0421,,,2.4,12518599680.0,,0.647
2026-09-28T07:34:48.824317,JKTYRE.NS,JK Tyre & Industries Limited,Auto Parts,Consumer Cyclical,NSE,https://www.jktyre.com,New Delhi,110 002,97874288640.0,1790580947.0,339.5,343.95,343.95,338.1,235456.0,345.85,-6.350006,-1.8360578,338.1,611.9,611.9,5.12,377.569,-38.069,-0.100826606,427.6845,-88.18451,-0.20619056,1.3999939,0.0041407687,-272.40002,-0.4451708,338.1 - 611.9,811116.0,516134.0,811116.0,131854974.0,288289511.0,288289511.0,0.61147,0.14863,2480199936.0,8.603,48815398912.0,164039507968.0,576.088,,,58877001728.0,-0.743,0.02,0.35891998,0.111590005,0.03359,0.04003,210.234,1.6148673,146033524736.0,14.741641,9.915303,23.03,34.24,4.0,1.16,1785369600.0,0.1302,1.01,5:1,0.89,6566700032.0,1418860800.0,0.488
2026-09-28T07:34:48.824317,USHAMART.NS,Usha Martin Limited,Steel,Basic Materials,NSE,https://www.ushamartin.com,Kolkata,700071,154939752448.0,1790580936.0,509.0,520.05,520.05,501.7,251453.0,518.8,-9.799988,-1.8889723,380.0,542.6,542.6,4.15,502.874,6.126007,0.012181993,461.794,47.205994,0.10222305,129.0,0.3394737,-33.599976,-0.061924025,380.0 - 542.6,755281.0,1461907.0,755281.0,126374916.0,304400280.0,304400280.0,0.40173,0.26882,4767499776.0,15.662,2285700096.0,38368698368.0,126.028,,,19131500544.0,0.408,0.164,0.49862,0.19978,0.16892,0.13215,108.352,4.6976523,155442692096.0,29.118994,22.300108,17.48,22.825,3.75,0.72,1786579200.0,0.1718,2.67,,4.051,5319300096.0,,0.271
2026-09-28T07:34:48.824317,CRAFTSMAN.NS,Craftsman Automation Limited,Auto Parts,Consumer Cyclical,NSE,https://www.craftsmanautomation.com,Coimbatore,641 037,273810751488.0,1790580953.0,10469.0,10735.0,10762.0,10462.0,23099.0,10735.0,-266.0,-2.4774146,6324.0,11999.0,11999.0,1245.0,10597.44,-128.44043,-0.012119948,8653.468,1815.5322,0.20980401,4145.0,0.6554396,-1530.0,-0.12751062,6324.0 - 11999.0,59068.0,66918.0,59068.0,12849094.0,26154433.0,26154433.0,0.42414,0.40500998,1581699968.0,66.303,36234801152.0,87168499712.0,3641.309,,,37302099968.0,1.133,0.363,0.42793,0.15293,0.10836001,0.053340003,1368.258,7.6513343,290742796288.0,53.880596,29.587656,194.3,353.83,11.25,0.1,1784160000.0,0.025799999,,,3.335,4649399808.0,,0.339
2026-09-28T07:34:48.824317,MAXHEALTH.NS,Max Healthcare Institute Limited,Medical Care Facilities,Healthcare,NSE,https://www.maxhealthcare.in,Gurugram,122102,978176835584.0,1790580954.0,1005.0,1014.0,1015.8,989.1,1629220.0,1014.0,-9.0,-0.88757396,903.0,1221.9,1314.3,97.15,1042.558,-37.557983,-0.03602484,1032.1135,-27.113525,-0.026269905,102.0,0.11295681,-216.90002,-0.17751046,903.0 - 1221.9,1866530.0,1697702.0,1866530.0,699039362.0,973310251.0,973310251.0,0.28203,0.62053,6657999872.0,6.841,34783600640.0,87120502784.0,89.591,,,54466600960.0,0.048,0.167,0.62519,0.25778,0.19728,0.16723,110.433,9.100541,1014990962688.0,67.40443,42.979706,14.91,23.38313,2.0,0.2,1783036800.0,0.1341,,,11.65,14569299968.0,,0.113
2026-09-28T07:34:48.824317,PATANJALI.NS,Patanjali Foods Limited,Packaged Foods,Consumer Defensive,NSE,https://www.patanjalifoods.com,Indore,452010,431670657024.0,1790580955.0,396.8,400.5,403.05,391.95,1701633.0,403.95,-7.1500244,-1.7713425,328.2,614.05,5508.3335,5.4,354.496,42.303986,0.11933558,446.12,-49.320007,-0.110553235,68.599976,0.20901881,-217.25,-0.35379857,328.2 - 614.05,5697581.0,9378436.0,5697581.0,345162408.0,1087879698.0,1087879698.0,0.69499,0.17927,7882415104.0,7.246,27888263168.0,427410030592.0,392.905,,,56402325504.0,0.861,0.274,0.13196,0.04644,0.04322,0.046090003,120.47,3.293766,459454775296.0,21.922651,21.742466,18.1,18.25,4.05,1.0,1787270400.0,0.23020001,0.61,3:1,1.075,19698495488.0,1757548800.0,-0.179
2026-09-28T07:34:48.824317,BLS.NS,BLS International Services Limited,Specialty Business Services,Industrials,NSE,https://www.blsinternational.com,New Delhi,110001,91460820992.0,1790580876.0,222.25,223.5,223.71,221.11,319581.0,224.26,-2.0099945,-0.8953604,218.9,359.0,521.8,6.75,243.3038,-21.053802,-0.08653298,265.19516,-42.94516,-0.16193795,3.350006,0.01530382,-136.75,-0.38091922,218.9 - 359.0,1995045.0,867417.0,1995045.0,117186797.0,411522253.0,411522253.0,0.72652,0.05271,15125404672.0,36.766,4305752064.0,31781763072.0,77.229,,,12164123648.0,0.108,0.253,0.38274,0.27458,0.24783,0.22207001,59.856,3.713078,84642521088.0,13.004681,10.33721,17.09,21.5,2.5,1.11,1789516800.0,0.17549999,0.37,2:1,2.663,7057653760.0,1670457600.0,-0.213
2026-09-28T07:34:48.824317,ABSLAMC.NS,Aditya Birla Sun Life AMC Limited,Asset Management,Financial Services,NSE,https://www.adityabirla.com/en/businesses/brands/aditya-birla-sun-life-amc-limited-abslamc/,Mumbai,400093,284918743040.0,1790580956.0,984.6,1010.0,1015.0,984.1,73720.0,1014.5,-29.900024,-2.947267,708.0,1224.9,1224.9,307.0,1031.758,-47.15808,-0.04570653,983.27374,1.3262329,0.0013487932,276.59998,0.39067793,-240.30005,-0.19617932,708.0 - 1224.9,274533.0,160356.0,274533.0,152824687.0,289375135.0,289375135.0,0.44801,0.44743,38120001536.0,131.992,637299968.0,21167800320.0,73.291,,,16195900416.0,0.113,0.106,0.76512,0.62608004,0.65116,0.47594002,139.944,7.035671,255511183360.0,28.293104,22.58071,34.8,43.60359,25.5,2.51,1784678400.0,0.6904,,,12.071,10074500096.0,,0.364
2026-09-28T07:34:48.824317,IGIL.NS,International Gemological Institute Limited,Other Precious Metals & Mining,Basic Materials,NSE,https://www.igi.org,Mumbai,400051,139652399104.0,1790580951.0,323.15,329.95,329.95,323.0,239037.0,330.55,-7.399994,-2.2386913,287.0,388.3,642.3,282.0,337.157,-14.007019,-0.041544497,337.7255,-14.5755005,-0.043157835,36.149994,0.12595816,-65.149994,-0.16778263,287.0 - 388.3,616387.0,703652.0,616387.0,95606690.0,432159696.0,432159696.0,0.76555,0.09471,5991399936.0,13.864,1427600000.0,13627410432.0,31.556,,,10494699520.0,0.32,0.232,0.77012,0.58283,0.56596,0.44739,34.432,9.385165,138286579712.0,27.316145,18.246876,11.83,17.70988,5.1,1.54,1787529600.0,0.41689998,,,10.148,6096750080.0,,
2026-09-28T07:34:48.824317,APOLLOTYRE.NS,Apollo Tyres Limited,Auto Parts,Consumer Cyclical,NSE,https://www.apollotyres.com,Gurugram,122001,247971872768.0,1790580950.0,392.0,396.1,398.4,391.75,238847.0,400.1,-8.100006,-2.0244954,365.3,540.5,584.9,6.7,428.255,-36.255005,-0.08465751,439.9195,-47.919495,-0.108927876,26.700012,0.07309064,-148.5,-0.2747456,365.3 - 540.5,855483.0,981067.0,855483.0,302203081.0,632581334.0,632581334.0,0.4966,0.34208,11051230208.0,17.47,36752297984.0,293076303872.0,464.623,,,126497988608.0,26.6,0.128,0.43162,0.12572,0.06451,0.05829,264.237,1.4835167,278796861440.0,14.534669,11.689994,26.97,33.53295,11.0,2.75,1783641600.0,0.3152,1.26,10:1,0.951,17084099584.0,1187308800.0,0.149
2026-09-28T07:34:48.824317,CONCORDBIO.NS,Concord Biotech Limited,Biotechnology,Healthcare,NSE,https://www.concordbiotech.com,Ahmedabad,380015,149151318016.0,1790580900.0,1425.7,1453.6,1453.6,1415.5,43916.0,1453.6,-27.900024,-1.9193743,987.0,1667.6,2664.0,900.05,1443.884,-18.184082,-0.012593866,1259.9666,165.7334,0.13153793,438.69995,0.44447815,-241.90002,-0.14505878,987.0 - 1667.6,161506.0,197824.0,161506.0,26622732.0,104616204.0,104616204.0,0.72482,0.15020001,4318821888.0,41.283,23156000.0,11083921408.0,105.601,,,7156387840.0,0.311,0.262,0.64565,0.36317003,0.24962999,0.24844,192.806,7.3944793,147755220992.0,49.043686,33.514805,29.07,42.53941,7.55,0.52,1784851200.0,0.3686,,,13.331,2753743104.0,,0.353
2026-09-28T07:34:48.824317,CUB.NS,City Union Bank Limited,Banks - Regional,Financial Services,NSE,https://cityunionbank.bank.in,Kumbakonam,612001,214029860864.0,1790580955.0,216.02,224.7,224.7,212.6,2629143.0,225.57,-9.550003,-4.232407,154.35,248.85,248.85,1.171523,222.7062,-6.686203,-0.030022526,207.28781,8.732193,0.042125937,61.67,0.39954644,-32.83,-0.13192686,154.35 - 248.85,3018989.0,1902742.0,3018989.0,929556586.0,990787237.0,990787237.0,0.08984,0.55466,36493160448.0,36.832,53267980288.0,37122211840.0,37.535,,,37122211840.0,0.252,0.233,0.0,0.0,0.50985,0.37791002,106.637,2.0257509,240266690560.0,15.277227,11.161759,14.14,19.35358,2.0,0.89,1785456000.0,0.10609999,0.62,4:3,6.472,14028846080.0,1781222400.0,0.357
2026-09-28T07:34:48.824317,MCX.NS,Multi Commodity Exchange of India Limited,Financial Data & Stock Exchanges,Financial Services,NSE,https://www.mcxindia.com,Mumbai,400093,,1790580957.0,3270.2,3310.0,3321.0,3267.6,628613.0,3324.9,-54.69995,-1.6451608,1545.1,3481.4,3481.4,47.63,3054.85,215.34985,0.070494406,2754.287,515.91284,0.18731266,1725.1,1.1164973,-211.19995,-0.06066524,1545.1 - 3481.4,2555233.0,2061475.0,2555233.0,216463002.0,,,0.19534999,0.55161,39172698112.0,153.587,47600000.0,27750199296.0,108.818,,,26493900800.0,1.034,0.853,0.95473,0.73931,0.69577,0.5556,165.341,19.778517,808898723840.0,54.04396,40.401035,60.51,80.94347,8.0,0.24,1787875200.0,0.0992,0.81,5:1,29.149,15418000384.0,1767312000.0,0.685
2026-09-28T07:34:48.824317,HINDUNILVR.NS,Hindustan Unilever Limited,Household & Personal Products,Consumer Defensive,NSE,https://www.hul.co.in,Mumbai,400099,4477381246976.0,1790580958.0,1905.6,1932.1,1933.2,1900.7,1093438.0,1942.9,-37.30005,-1.919813,1900.7,2667.2,3035.0,61.5,2028.62,-123.02002,-0.06064222,2189.096,-283.49597,-0.12950368,4.9000244,0.0025780105,-761.6,-0.28554288,1900.7 - 2667.2,1584992.0,1182524.0,1584992.0,886289320.0,2349591262.0,2349591262.0,0.62274,0.20732,69930000384.0,29.763,14780000256.0,660519976960.0,238.723,,,332699992064.0,0.084,0.05,0.50369,0.22479,0.20725,0.22644,207.436,9.186447,4512560971776.0,42.271515,35.83273,45.08,53.18043,44.0,2.26,1782172800.0,0.91089994,1.61,10:1,6.832,105770000384.0,963187200.0,0.321
2026-09-28T07:34:48.824317,AEGISVOPAK.NS,Aegis Vopak Terminals Limited,Oil & Gas Equipment & Services,Energy,NSE,https://www.aegisvopak.com,Mumbai,400013,330403086336.0,1790580956.0,298.2,287.05,299.6,280.25,1327035.0,287.5,10.700012,3.7217433,158.0,320.95,320.95,158.0,286.4452,11.754822,0.041036896,232.96365,65.23636,0.28002805,140.20001,0.88734186,-22.75,-0.07088331,158.0 - 320.95,2065635.0,2796758.0,2065635.0,139363169.0,1107991489.0,1107991489.0,0.87346,0.048899997,3023527936.0,2.729,37309267968.0,9510377472.0,8.591,,,9390275584.0,0.304,0.425,0.98737,0.68784,0.53026,0.32126,38.724,7.700651,354112962560.0,108.04348,39.409676,2.76,7.56667,0.2,0.07,1783641600.0,0.0,,,37.234,3055269888.0,,
2026-09-28T07:34:48.824317,SUPREMEIND.NS,The Supreme Industries Limited,Building Products & Equipment,Industrials,NSE,https://www.supreme.co.in,Mumbai,400093,447048318976.0,1790580931.0,3517.8,3560.6,3560.7,3494.2,78428.0,3550.0,-32.19995,-0.9064791,3140.0,4293.9,6460.0,3.753,3495.234,22.566162,0.0064562666,3580.6804,-62.88037,-0.017561011,377.80005,0.12031849,-776.09985,-0.18074475,3140.0 - 4293.9,203780.0,153542.0,203780.0,64237488.0,127081790.0,127026870.0,0.51687,0.32598,6488399872.0,51.079,908400000.0,113261297664.0,891.581,,,37027500032.0,0.387,0.042,0.32692,0.14239,0.10142,0.09115,485.651,7.243473,445365387264.0,43.26937,33.56919,81.3,104.79252,36.0,1.01,1782345600.0,0.443,0.88,5:1,3.932,10323999744.0,1287360000.0,0.183
